timestamp,value
1222819200,-1.5804362313768627e-05
1222840800,-1.5804778444889457e-05
1222862400,-1.580488639383846e-05
1222884000,-1.5804914396972907e-05
1222905600,-1.5804921661292563e-05
1222927200,-1.5804923545741357e-05
1222948800,-1.5804924034607544e-05
1222970400,-1.5804924161500415e-05
1222992000,-1.5804924194709453e-05
1223013600,-1.5804924204448492e-05
1223035200,-1.580492421130876e-05
1223056800,-1.5804924229794933e-05
1223078400,-1.5804924298992307e-05
1223100000,-1.580492456520481e-05
1223121600,-1.5804925591285284e-05
1223143200,-1.5804929546674662e-05
1223164800,-1.5804944794248844e-05
1223186400,-1.5805003571939e-05
1223208000,-1.5805230153357925e-05
1223229600,-1.580610359937796e-05
1223251200,-1.5809470636064714e-05
1223272800,-1.582245018579074e-05
1223294400,-1.5872484897842812e-05
1223316000,-1.6065363114959555e-05
1223337600,-1.680888706288227e-05
1223359200,-1.9675088697253342e-05
1223380800,-3.07239753293828e-05
1223402400,-7.331619715554764e-05
1223424000,-0.00023750444711133538
1223445600,-0.0008704317814394025
1223467200,-0.0033102958438647264
1223488800,-0.004445795541202287
1223510400,-0.004808705912014963
1223532000,-0.004811350477634164
1223553600,-0.0067076629888486675
1223575200,-0.015147768575173916
1223596800,-0.014280249341515183
1223618400,-0.005128527515620235
1223640000,-4.6854164446190425e-05
1223661600,0.010719972272929668
1223683200,0.013648973327059706
1223704800,0.014294109769876662
1223726400,0.014116638512219382
1223748000,0.013945349237049105
1223769600,0.014015495390672839
1223791200,0.013915756595910503
1223812800,0.013895993671286768
1223834400,0.012757693600582536
1223856000,0.011580258257794247
1223877600,0.008929348747823657
1223899200,0.007406045759341258
1223920800,0.00823425865643443
1223942400,0.011009807836983267
1223964000,0.009240544371929602
1223985600,0.001145898370183418
1224007200,-0.009431135284947314
1224028800,-0.01949561051661021
1224050400,-0.024544955816422
1224072000,-0.025826633975110775
1224093600,-0.026772230510323004
1224115200,-0.028264852527886568
1224136800,-0.02883550823721579
1224158400,-0.029209729403503262
1224180000,-0.030349095703964355
1224201600,-0.031052873144651202
1224223200,-0.02730525980488683
1224244800,-0.012116362744553083
1224266400,-0.007620404508909789
1224288000,-0.006517407250965944
1224309600,-0.008256607464878406
1224331200,-0.007455461927018419
1224352800,-0.0024175547985801978
1224374400,-0.00034111232266746704
1224396000,0.0015475273637231973
1224417600,0.006290942200821669
1224439200,0.007589277127980356
1224460800,0.00836682063093002
1224482400,0.008362359365492913
1224504000,0.00845799206314619
1224525600,0.009717017756998745
1224547200,0.010545920678966486
1224568800,0.010433125292853652
1224590400,0.010565934114056425
1224612000,0.011205701268025168
1224633600,0.012052904745994002
1224655200,0.012179657089272452
1224676800,0.010497962638313589
1224698400,0.009815839943811229
1224720000,0.009428622510274832
1224741600,0.007977203730162663
1224763200,0.006800143206042771
1224784800,0.005772261174487547
1224806400,0.005512044353212222
1224828000,0.0048034711631004855
1224849600,0.0046761661263421675
1224871200,0.004440933357057324
1224892800,0.004474069338377249
1224914400,0.005540970427229289
1224936000,0.008689592413797673
1224957600,0.018784918257819284
1224979200,0.021610748076525264
1225000800,0.021981766965057555
1225022400,0.02026772112571195
1225044000,0.009812053674271744
1225065600,0.006827167168480196
1225087200,0.00550929461226748
1225108800,0.0057031961038265
1225130400,0.006036740091419247
1225152000,0.00599258618347389
1225173600,0.005732386855854727
1225195200,0.007669835306789432
1225216800,0.003776691274457486
1225238400,0.0031693441742627155
1225260000,0.008352425586802518
1225281600,0.006230577340408337
1225303200,0.010329096285778903
1225324800,0.009969813526917459
1225346400,0.0029407726088374344
1225368000,-0.0038738408637474494
1225389600,-0.008964171831601603
1225411200,-0.006645798213959446
1225432800,-0.006177738200185108
1225454400,-0.01024010138984108
1225476000,-0.009358504386772574
1225497600,-0.00660293661599413
1225519200,-0.009107219179876107
1225540800,-0.010987910425936057
1225562400,-0.009217005474871797
1225584000,-0.00881634742139132
1225605600,-0.011143171588875046
1225627200,-0.016523831010401915
1225648800,-0.011921244221611144
1225670400,-0.009144938157035598
1225692000,-0.007767316886271815
1225713600,-0.0023192769413502784
1225735200,0.005065326255928422
1225756800,0.007132285210211639
1225778400,0.006812557621420157
1225800000,0.002896201482462327
1225821600,0.005005277048316906
1225843200,-0.004543864603023415
1225864800,-0.005627882302497541
1225886400,-0.0081439920330979
1225908000,-0.005417616565388247
1225929600,-0.0023369727601538
1225951200,-0.001315494378577078
1225972800,-0.002977997686685909
1225994400,-0.00793074549969508
1226016000,-0.004700416385918579
1226037600,-0.004507873872322896
1226059200,-0.005049405210877487
1226080800,-0.008214943231877941
1226102400,-0.005833571026129214
1226124000,-0.005939352942647516
1226145600,-0.005529241633916936
1226167200,-0.007745914822960531
1226188800,-0.013533093442504408
1226210400,-0.009388916728462933
1226232000,-0.009506048524602167
1226253600,0.005163524699580527
1226275200,0.008162490490925068
1226296800,0.00505785248665349
1226318400,0.006307538142472904
1226340000,0.007744466890501411
1226361600,0.005429210661333174
1226383200,0.0054426008059229175
1226404800,0.0028936738141494287
1226426400,0.005681305280557763
1226448000,0.006309723846509764
1226469600,0.006617040660093691
1226491200,0.004606919933079117
1226512800,-0.000834990394061082
1226534400,0.0015897951247224981
1226556000,0.003626685364384853
1226577600,0.004844264995114698
1226599200,0.002251355493437498
1226620800,-0.0022096469591207516
1226642400,-0.0016183374129415823
1226664000,-0.0015526761441140712
1226685600,0.0011198573608984315
1226707200,0.0018602742222845348
1226728800,0.0013010644225405646
1226750400,-0.002233943642362014
1226772000,-0.0003104507800545448
1226793600,-0.0016525314860325203
1226815200,-0.004899865429926854
1226836800,-0.002024616167229267
1226858400,-0.0015767741617375612
1226880000,-0.00514023638935567
1226901600,-0.0019880666742641854
1226923200,-0.0025357142979835195
1226944800,-0.005630168139424534
1226966400,-0.004462888958350091
1226988000,-0.006658660355790126
1227009600,-0.00850054301519708
1227031200,-0.004035082478873093
1227052800,-0.0029423437731776834
1227074400,-0.003774841664155204
1227096000,-0.0038482401688206117
1227117600,-0.004207042857392552
1227139200,-0.00836935771511274
1227160800,-0.00774041554193659
1227182400,-0.006839171771756756
1227204000,-0.0072344281987846305
1227225600,-0.005473050661147676
1227247200,-0.005973019512530776
1227268800,-0.010123517957760857
1227290400,-0.00862904174154942
1227312000,-0.006749027430674108
1227333600,-0.0014965437846426628
1227355200,4.803518942763307e-05
1227376800,0.0021926441637125575
1227398400,0.005249421957811792
1227420000,0.0027594592447912855
1227441600,0.0063449531838783955
1227463200,0.006361415980193841
1227484800,0.002763922630941068
1227506400,0.0004316784524916776
1227528000,-5.451904498241585e-05
1227549600,0.005260048670155733
1227571200,0.009061879431289338
1227592800,0.009550688506740164
1227614400,0.009298011138631039
1227636000,0.007152701417136363
1227657600,0.006349693602824491
1227679200,0.0066977288711568975
1227700800,0.0051353691314410125
1227722400,0.003968224678363288
1227744000,0.0025317333939221054
1227765600,0.001247213567184103
1227787200,-0.001182390730828387
1227808800,0.0007184929470302439
1227830400,0.0010241090697079174
1227852000,0.0007482301637715732
1227873600,-0.0024599418847104427
1227895200,-0.00682296589049288
1227916800,-0.003966488622790943
1227938400,-0.004471652082021022
1227960000,-0.003678259765505212
1227981600,-0.00331292024678913
1228003200,-0.003225187775834967
1228024800,-0.0037609573421288393
1228046400,-0.003778663394632517
1228068000,-0.004601960547363493
1228089600,-0.005076119613499182
1228111200,-0.008645721729329453
1228132800,-0.007188721547601914
1228154400,-0.007125073256356067
1228176000,-0.009496008055484607
1228197600,-0.010528796781972926
1228219200,-0.01138209655242554
1228240800,-0.010804211440394257
1228262400,-0.007836217471559128
1228284000,-0.005645755456791844
1228305600,-0.0038782095412252834
1228327200,0.0011250859041143759
1228348800,0.002905773013490948
1228370400,0.002658363040546475
1228392000,0.003056570312026339
1228413600,0.0037157981134282856
1228435200,0.002988330170850641
1228456800,0.001872584299563663
1228478400,0.0012255978292526706
1228500000,-0.0012933767105637402
1228521600,0.002236111001683764
1228543200,0.0029984661350368814
1228564800,0.0023378120713144542
1228586400,0.0024681022321669057
1228608000,0.0024649361360689
1228629600,0.00148998078192229
1228651200,0.0007212133511155322
1228672800,-0.0010008579771332623
1228694400,-0.00438139012280924
1228716000,-0.001121235908140393
1228737600,-0.0005883541991185983
1228759200,-0.00048203084369642413
1228780800,-0.0005499050512131659
1228802400,0.0003637640531874539
1228824000,0.0026028277690017436
1228845600,0.011748615944917613
1228867200,0.013481018949224934
1228888800,0.011102995091112098
1228910400,0.013641314181279797
1228932000,0.014267308258236909
1228953600,0.015058268430048084
1228975200,0.013751737404857028
1228996800,0.013548690476395144
1229018400,0.013393434876090524
1229040000,0.013629661932670224
1229061600,0.01263604422172298
1229083200,0.011802881074486534
1229104800,0.008552786950282876
1229126400,0.010274757994254728
1229148000,0.010790394006601034
1229169600,0.008600832892516065
1229191200,-0.001308065211222121
1229212800,-0.005678518298641684
1229234400,-0.008744215510299854
1229256000,-0.011065565688836473
1229277600,-0.010823083484739952
1229299200,-0.01104753445656913
1229320800,-0.011408289777229144
1229342400,-0.01194491181410445
1229364000,-0.014134014168214764
1229385600,-0.012927626334323485
1229407200,-0.012603930396441403
1229428800,-0.011352179563225526
1229450400,-0.009325028492411352
1229472000,-0.009383937236611595
1229493600,-0.009326943022564902
1229515200,-0.003195687076991683
1229536800,-0.0011139108513471096
1229558400,-0.0001692285898255011
1229580000,0.00015402556673338666
1229601600,-0.000113906706420488
1229623200,5.581241635349011e-05
1229644800,0.00030303857355934124
1229666400,0.00021708335571819592
1229688000,6.937150248091339e-05
1229709600,-0.0004496507089597045
1229731200,-0.0027750711302153962
1229752800,-0.0007801635657942876
1229774400,0.00032363175303612413
1229796000,0.0003031657324023908
1229817600,0.0016443748231196383
1229839200,0.0018090944276857716
1229860800,0.0010863240479916996
1229882400,-0.00015188351185907654
1229904000,-0.0005548512591168429
1229925600,-0.000754734162455593
1229947200,-0.0007551116919459576
1229968800,-0.002610738864163575
1229990400,-0.005785579031486011
1230012000,-0.0029526709211738266
1230033600,-0.002307932683917993
1230055200,-0.0025035793362507813
1230076800,-0.0020342703030289283
1230098400,-0.001621918947221648
1230120000,0.0011687596879176206
1230141600,0.011328823169029634
1230163200,0.013423980165953966
1230184800,0.014145191244539121
1230206400,0.013646166903544418
1230228000,0.013482917710053862
1230249600,0.01350304571675042
1230271200,0.00966104722316325
1230292800,0.01197039792638464
1230314400,0.012002183889580704
1230336000,0.012218388524938343
1230357600,0.012016025897725418
1230379200,0.010329070457353986
1230400800,0.008688380159500683
1230422400,0.004170511529844945
1230444000,0.004163226544958549
1230465600,0.003661738383379256
1230487200,0.0036090494103246397
1230508800,0.002737911019481975
1230530400,-0.00018581004191882498
1230552000,-0.009100983766871176
1230573600,-0.01253402180530254
1230595200,-0.013481988185652528
1230616800,-0.013944086459129267
1230638400,-0.013144128767042445
1230660000,-0.012936282863242088
1230681600,-0.01302975038669694
1230703200,-0.013853966471584173
1230724800,-0.01433303864767403
1230746400,-0.013622552333337343
1230768000,-0.010789153933421931
1230789600,-0.0013414653430188377
1230811200,0.00249339274647454
1230832800,0.0036851105963043554
1230854400,0.004910416339815502
1230876000,0.004209697933646012
1230897600,0.004628965869033211
1230919200,0.004952970308324784
1230940800,0.005696502827357689
1230962400,0.007718933543042818
1230984000,0.008401359742567335
1231005600,0.006500914175828535
1231027200,0.00600921690042639
1231048800,0.0017065897239073738
1231070400,0.00016118483037045133
1231092000,3.27250243525506e-05
1231113600,0.0004581016624860435
1231135200,0.002465440596104
1231156800,0.001910532819897834
1231178400,-0.0002834629271242934
1231200000,0.00010896663039459346
1231221600,-0.0008349224025921711
1231243200,-0.0035881685723662235
1231264800,-0.0030801629281178044
1231286400,-0.004322880337260463
1231308000,-0.004573605331317922
1231329600,-0.007089011222380793
1231351200,-0.010170466931872513
1231372800,-0.007948360976783085
1231394400,-0.00894055467778157
1231416000,-0.008883830104216315
1231437600,0.003995033562996849
1231459200,0.005467206745404623
1231480800,0.007212280038901666
1231502400,0.007707600316523686
1231524000,0.007500002663207305
1231545600,0.006573238300536697
1231567200,0.005390984817020775
1231588800,0.002536646751154082
1231610400,-0.008574452565435082
1231632000,-0.04670991508118254
1231653600,-0.08984033082829376
1231675200,-0.02738030034680739
1231696800,-0.007562039311791188
1231718400,-0.001276491222882991
1231740000,0.005455361855797561
1231761600,0.007502995683082471
1231783200,0.008630100989716928
1231804800,0.00849124795365546
1231826400,0.007277952158422734
1231848000,0.007724031796484742
1231869600,0.00698842918216498
1231891200,0.00704460266223466
1231912800,0.008194201600591979
1231934400,0.009636464887105584
1231956000,0.010035294453679587
1231977600,0.010692261028372932
1231999200,0.010977365047009975
1232020800,0.010949042238551865
1232042400,0.011166250265673446
1232064000,0.011614436487453798
1232085600,0.01099700239406775
1232107200,0.010897319630844216
1232128800,0.011370819592620469
1232150400,0.011665875152356108
1232172000,0.011341559736948862
1232193600,0.011091408564440923
1232215200,0.011472975326784422
1232236800,0.011071913101966329
1232258400,0.010271125219728198
1232280000,0.008915865566617213
1232301600,0.004756570152319882
1232323200,0.001699242523831329
1232344800,0.0001294872325050576
1232366400,-0.0013860119601484884
1232388000,-0.0032107734276338984
1232409600,-0.005643661285061404
1232431200,-0.01058519263682685
1232452800,-0.02134770032931576
1232474400,-0.026521389601169437
1232496000,-0.03006294835477456
1232517600,-0.032925450750256866
1232539200,-0.03598740631204122
1232560800,-0.03963460233678005
1232582400,-0.04338202811084845
1232604000,-0.04555529878166373
1232625600,-0.0470904161127774
1232647200,-0.049617597357094444
1232668800,-0.05122090245791724
1232690400,-0.051290214838527595
1232712000,-0.04829520593893503
1232733600,-0.031727081474718866
1232755200,-0.028219634287393137
1232776800,-0.028693679236018135
1232798400,-0.0299494930740514
1232820000,-0.03113294297133603
1232841600,-0.03318314238331198
1232863200,-0.03534467648726319
1232884800,-0.036616690555526375
1232906400,-0.03576880613554272
1232928000,-0.03680773688807297
1232949600,-0.038033231272407146
1232971200,-0.03570962733349167
1232992800,-0.018692297644886346
1233014400,0.051947326629927765
1233036000,0.06965147335303473
1233057600,0.07259823315037406
1233079200,0.07115484756084557
1233100800,0.06883580043870559
1233122400,0.05950326038992094
1233144000,0.0561273467263117
1233165600,0.05275233066486382
1233187200,0.0499954675786259
1233208800,0.04712179235480341
1233230400,0.04053829523395853
1233252000,0.025845284453824332
1233273600,0.019531471245971585
1233295200,0.015026626675109487
1233316800,0.009560840073585063
1233338400,0.0015097379953776093
1233360000,-0.0037662882646028566
1233381600,-0.006978287508737606
1233403200,-0.006755855618271434
1233424800,-0.0019486673678029698
1233446400,0.010725724104344024
1233468000,0.01366868239693097
1233489600,0.013053197338295722
1233511200,0.011058579847567957
1233532800,0.009357922776275503
1233554400,0.006711448437792597
1233576000,0.004540187482740135
1233597600,0.00272881287738452
1233619200,-0.0006615391801112808
1233640800,-0.0011456850808470769
1233662400,-0.0046793865221999185
1233684000,-0.008913023267208078
1233705600,5.5930946796594726e-05
1233727200,0.007957069658791484
1233748800,0.00958230154153723
1233770400,0.009633492680795983
1233792000,0.00812566150117895
1233813600,0.006630697690266069
1233835200,0.007480292784458647
1233856800,0.0062262026361890365
1233878400,0.005510118369758862
1233900000,0.005892765996297398
1233921600,0.003537586830428825
1233943200,-0.004876574835137643
1233964800,-0.005472831619938123
1233986400,0.003234330784493095
1234008000,0.00769935594697586
1234029600,0.017268802788312495
1234051200,0.019511535898794407
1234072800,0.019422610896120164
1234094400,0.018646351721153222
1234116000,0.01719309936008644
1234137600,0.010834168329002098
1234159200,0.00933233424466784
1234180800,0.008673222674286617
1234202400,0.010616687641631864
1234224000,0.00016491587520234784
1234245600,-0.0020859992562651877
1234267200,0.0042666550776578735
1234288800,0.007191564260449533
1234310400,0.006858083884560106
1234332000,0.006926202130303735
1234353600,0.0064437857414166464
1234375200,0.004735706445466792
1234396800,-0.0006845169686707149
1234418400,-0.006527833942164686
1234440000,-0.011318293512762666
1234461600,-0.011209922766559216
1234483200,-0.008453298576722567
1234504800,-0.019663920113606227
1234526400,-0.031871690280662834
1234548000,-0.02753032799709173
1234569600,-0.02611594892096857
1234591200,-0.025593415696134145
1234612800,-0.025506524422194497
1234634400,-0.022514457996489087
1234656000,-0.012567422843794581
1234677600,-0.0053206379087518295
1234699200,-0.0027315712503412056
1234720800,-0.0017453792679229512
1234742400,-0.0007176561612519668
1234764000,-0.0004960611229643818
1234785600,-0.002503766118043438
1234807200,-0.007673633864546961
1234828800,0.001712526783542858
1234850400,0.0023693877324232164
1234872000,-0.0021474570979314036
1234893600,-0.0021919046215342556
1234915200,0.0003972698545625505
1234936800,0.012459823855630662
1234958400,0.01574860989659945
1234980000,0.01717926844498937
1235001600,0.018072344309997542
1235023200,0.017682772936974643
1235044800,0.01647645205771373
1235066400,0.01569449880461836
1235088000,0.01489020178104449
1235109600,0.014612259642964706
1235131200,0.014155583850384991
1235152800,0.012729311867328808
1235174400,0.010431496030600293
1235196000,0.007295834881348193
1235217600,-0.006037028117197485
1235239200,-0.01717833111216347
1235260800,-0.01889392178363144
1235282400,-0.010381914022013038
1235304000,-0.0066672854727735965
1235325600,0.0037100598858720254
1235347200,0.005851867942887992
1235368800,0.005529976160056815
1235390400,0.0035068241840403797
1235412000,-0.0020495778389917714
1235433600,-0.0023238900401613928
1235455200,0.0018109807268042956
1235476800,0.0031054034296183067
1235498400,0.0028604828151103405
1235520000,0.002827474941765512
1235541600,0.0029371589868062587
1235563200,0.0025625509023335146
1235584800,0.0025941981403435014
1235606400,0.002914881673861767
1235628000,0.004073614481353033
1235649600,0.004447514781131045
1235671200,0.005159701700516908
1235692800,0.005950061654241829
1235714400,0.005467773077083545
1235736000,0.006857974308480153
1235757600,0.007430311362218776
1235779200,0.007536838531350127
1235800800,0.007996449534386994
1235822400,0.008600384905782662
1235844000,0.008413534520737878
1235865600,0.008332991894101414
1235887200,0.007766585860453921
1235908800,0.00753212643686115
1235930400,0.006756438187774762
1235952000,0.006188897903307203
1235973600,0.0052148456940915
1235995200,0.004406150989052004
1236016800,0.0044497282816515354
1236038400,0.003237397355082069
1236060000,0.001932596007730983
1236081600,0.0011852027319303716
1236103200,0.004177028378749335
1236124800,0.0034585949736244065
1236146400,-0.004755986390677956
1236168000,-0.013703450182913652
1236189600,-0.022685368451300765
1236211200,-0.02487171753436626
1236232800,-0.025227127312826766
1236254400,-0.02590367728818472
1236276000,-0.025356212814477645
1236297600,-0.024520848309354817
1236319200,-0.024310650414031763
1236340800,-0.02485547468699722
1236362400,-0.024426066061873666
1236384000,-0.02277179956890365
1236405600,-0.01883304009224963
1236427200,-0.0015087092081373344
1236448800,0.003657858534361669
1236470400,0.006025944678691527
1236492000,0.011432526783378
1236513600,0.015032508698658525
1236535200,0.02082913800015749
1236556800,0.023675155620330814
1236578400,0.025139264221390695
1236600000,0.029055849342187374
1236621600,0.040187701822725755
1236643200,0.043318927804904137
1236664800,0.04497365160310026
1236686400,0.045452250290132834
1236708000,0.04621652014801531
1236729600,0.045001020738855646
1236751200,0.03643835247515417
1236772800,0.0036761205342133968
1236794400,-0.006071678714763516
1236816000,-0.009468868938778893
1236837600,-0.01146278389271973
1236859200,-0.013099932831305856
1236880800,-0.014540555073332862
1236902400,-0.016286362020739093
1236924000,-0.018537123463232438
1236945600,-0.01969239824299859
1236967200,-0.020933343707828813
1236988800,-0.02200222930046265
1237010400,-0.024928345710502932
1237032000,-0.025838514894110445
1237053600,-0.02714892623227347
1237075200,-0.027273744633824145
1237096800,-0.025981307192290963
1237118400,-0.0195307377434966
1237140000,-0.01863183703902056
1237161600,-0.01850396231912281
1237183200,-0.018608882934994325
1237204800,-0.01955951514474198
1237226400,-0.01974578104960509
1237248000,-0.019544812338690532
1237269600,-0.020070826369202138
1237291200,-0.020151072407677145
1237312800,-0.01936101183874629
1237334400,-0.016740686338111523
1237356000,-0.010383624279347907
1237377600,-0.010129018670784397
1237399200,-0.009643448334094817
1237420800,-0.009468406725304163
1237442400,-0.010749653495088288
1237464000,-0.012085785216930494
1237485600,-0.01145855188527083
1237507200,-0.011092194347471716
1237528800,-0.008202892548600023
1237550400,0.006181722764592751
1237572000,0.010102391095318868
1237593600,0.011404217105570852
1237615200,0.011270096682475214
1237636800,0.011346723924544713
1237658400,0.01048363727640887
1237680000,0.009996937240607892
1237701600,0.009699737220011726
1237723200,0.009220226939699464
1237744800,0.008013556223497522
1237766400,0.0067953568679474125
1237788000,0.00739147399261776
1237809600,0.007216791721118938
1237831200,0.006404670357318404
1237852800,0.006508939232883825
1237874400,0.006327106697214255
1237896000,0.008356355044940755
1237917600,0.018065479404017412
1237939200,0.020299113097044515
1237960800,0.02054501708400936
1237982400,0.020303225369568714
1238004000,0.019963047059996897
1238025600,0.01966015856441994
1238047200,0.018878146865543125
1238068800,0.018809329550461537
1238090400,0.01790316967315412
1238112000,0.017772800371896904
1238133600,0.017370635003087245
1238155200,0.01668579281808071
1238176800,0.015667798921733454
1238198400,0.011302695978572088
1238220000,0.006724395564488983
1238241600,-0.00013090546124816532
1238263200,1.7359696454607738e-05
1238284800,-0.005913858992873736
1238306400,-0.005982836309660704
1238328000,-0.0029699254463829267
1238349600,-0.0033968378101033227
1238371200,-0.0017742425028383936
1238392800,-0.005162796531872403
1238414400,-0.005650902417560253
1238436000,-0.003772639705810864
1238457600,-0.0013337704273379736
1238479200,-0.0020850746237656833
1238500800,-0.003383290968165951
1238522400,-0.008206614999872465
1238544000,-0.0024634051102157624
1238565600,-0.0010306448358776523
1238587200,-0.0006572534455297097
1238608800,5.576051973587632e-05
1238630400,0.0008049290040084228
1238652000,0.0007268999671898868
1238673600,0.0011493564465110864
1238695200,0.00047446728079506104
1238716800,0.0010074894655247345
1238738400,-0.0011259711921852496
1238760000,-0.001268214624604714
1238781600,-0.0005234682043407447
1238803200,-0.000349439670139403
1238824800,-0.0011616517581945378
1238846400,-0.001326422447755439
1238868000,-0.0018492008207281908
1238889600,-0.002688644920443193
1238911200,-0.007658170909504696
1238932800,-0.01167455700953052
1238954400,-0.01326401811133019
1238976000,-0.014323073782996241
1238997600,-0.007944209105331954
1239019200,-0.008544035571822428
1239040800,-0.0094633427488744
1239062400,-0.008499118039969052
1239084000,-0.01404227430927752
1239105600,-0.015165839556127275
1239127200,-0.013267518003215094
1239148800,-0.007258238375900603
1239170400,-0.0063210410008193545
1239192000,-0.007631360061753337
1239213600,0.00022581759110571666
1239235200,0.00044498603498716364
1239256800,0.0031631670631393437
1239278400,0.004513040994068307
1239300000,0.0057783533875742045
1239321600,0.005694772396511182
1239343200,0.004559037558475773
1239364800,0.0038118886280415535
1239386400,0.004104316493950825
1239408000,0.004120845026168307
1239429600,0.004356818323973237
1239451200,0.005856280302326116
1239472800,0.005670338064989781
1239494400,0.005336942052064562
1239516000,0.006100617766965685
1239537600,0.006232811772203776
1239559200,0.005668120727958845
1239580800,0.005671035514916664
1239602400,0.004206811005098904
1239624000,0.004579253876687722
1239645600,0.005134320333564942
1239667200,0.00444939150237863
1239688800,0.003368292468691089
1239710400,0.0037373130230712627
1239732000,0.0030547913946963466
1239753600,0.0026596735539026386
1239775200,0.0025638134769017423
1239796800,0.002899983228278032
1239818400,0.0029530753408343736
1239840000,0.0023646125903742615
1239861600,0.0025326722679574923
1239883200,0.002351401527988795
1239904800,0.002286181907004413
1239926400,0.0032114839493033176
1239948000,0.0015554926309736068
1239969600,-0.0026947302753330842
1239991200,-0.0028746252688439736
1240012800,-0.0031858462285339786
1240034400,-0.0035123031396208865
1240056000,-0.005068969205776421
1240077600,-0.004394042087487554
1240099200,-0.0019432730347524179
1240120800,-0.005923951663431605
1240142400,-0.0052491813190534125
1240164000,-0.004731708296520826
1240185600,-0.004009960670559023
1240207200,-0.0057975821085365755
1240228800,-0.008449164963307765
1240250400,-0.004343593441341225
1240272000,-0.003529059782697755
1240293600,-0.0034289913201612262
1240315200,-0.0031215548838463194
1240336800,-0.004081202012982858
1240358400,-0.004772662353382865
1240380000,-0.004892766517686862
1240401600,-0.004748870396987051
1240423200,-0.006394187226548746
1240444800,-0.011198349540671709
1240466400,-0.007695053222092216
1240488000,-0.004972894092032424
1240509600,0.004879849015211441
1240531200,0.0037589304857423805
1240552800,0.008477315001819996
1240574400,0.009807719801497201
1240596000,0.010409003736002656
1240617600,0.0101664703269038
1240639200,0.009460764371922168
1240660800,0.008413191820525693
1240682400,0.007339980557103067
1240704000,0.005585108186698321
1240725600,0.00016534909926372524
1240747200,0.002649466475838792
1240768800,0.0024312208255084914
1240790400,0.0012224407252925075
1240812000,-0.0029902522943152333
1240833600,0.000669447704878064
1240855200,0.0011122334298063064
1240876800,-0.00279202575018194
1240898400,-0.005131529100292974
1240920000,-0.005004867315910391
1240941600,-0.0014619594316381416
1240963200,-0.007253449669353095
1240984800,-0.006790278761453571
1241006400,-0.007765845352144049
1241028000,-0.006119611198835356
1241049600,-0.006827193083430525
1241071200,-0.010601755672571923
1241092800,-0.010058089245038787
1241114400,-0.008577977516436821
1241136000,-0.006690907227407052
1241157600,-0.00756223169539568
1241179200,-0.007530478669356541
1241200800,-0.007742975271148158
1241222400,-0.00637363839239445
1241244000,-0.004286647333154805
1241265600,-0.0009721595913627025
1241287200,0.00047489081996502166
1241308800,-1.142460946483671e-05
1241330400,-0.00015002104695545782
1241352000,7.705099750112353e-06
1241373600,0.0006324485189218075
1241395200,-0.00023859457035973604
1241416800,-0.0007180742939217792
1241438400,-0.0008691262921286157
1241460000,-0.0005983227529350797
1241481600,0.00026238737405754594
1241503200,0.0015371398248762173
1241524800,0.0011194938666685508
1241546400,0.0004803256489583415
1241568000,0.0004987024991368941
1241589600,-7.48321250497512e-06
1241611200,-0.0004172299404819999
1241632800,-0.0015356029152960764
1241654400,-0.0015774086275539292
1241676000,-0.0015421250079948009
1241697600,-0.0018009601014842627
1241719200,-0.0018252229152147684
1241740800,-0.0014332600686538432
1241762400,-0.0008575590810485268
1241784000,0.0015145663945054341
1241805600,0.011122734818743301
1241827200,0.013787555796796875
1241848800,0.014532024233113535
1241870400,0.01449707713756422
1241892000,0.014932398728154711
1241913600,0.014455803742925594
1241935200,0.01372557546723404
1241956800,0.01398220644271908
1241978400,0.013955538660917985
1242000000,0.013813568538455332
1242021600,0.012894963425900281
1242043200,0.010939956468127574
1242064800,0.005798081689068661
1242086400,0.003255793085693719
1242108000,0.002891580353752768
1242129600,0.003899908149127119
1242151200,0.0036012984406955844
1242172800,0.0006561206628970655
1242194400,0.0007814480376563948
1242216000,0.002447701995852232
1242237600,0.0020215504692941834
1242259200,0.0013919301653360526
1242280800,-0.0014018492739532927
1242302400,-0.009652056053112656
1242324000,-0.01238941651019202
1242345600,-0.014507897542081578
1242367200,-0.015111556088371244
1242388800,-0.01575436475559556
1242410400,-0.01576029587448024
1242432000,-0.016354478735541942
1242453600,-0.016770168004936196
1242475200,-0.01714638271280237
1242496800,-0.017411517957270965
1242518400,-0.014149412912180628
1242540000,-0.004924376355005044
1242561600,-0.0028218733528008145
1242583200,-0.0020986139256260502
1242604800,-0.002477795682916959
1242626400,-0.002543151392286469
1242648000,-0.001516807110913015
1242669600,0.0014098264020100109
1242691200,0.0018724474621039753
1242712800,0.0005745829257046445
1242734400,0.0005755277744751146
1242756000,0.00047221475259573984
1242777600,0.0006594580261950575
1242799200,-0.00026019171269566865
1242820800,-0.0013750928642737336
1242842400,-0.0008247303846349278
1242864000,-0.0007483028073128134
1242885600,-0.0009544431631942866
1242907200,-0.0014231746362790892
1242928800,-0.00178448729357642
1242950400,-0.002613206080587479
1242972000,-0.002976706712847182
1242993600,-0.0036172541031491436
1243015200,-0.004503592227892428
1243036800,-0.004793669892670588
1243058400,-0.005242351906075627
1243080000,-0.003533463772970807
1243101600,0.005547496082641416
1243123200,0.006819885474957063
1243144800,0.0072399476747173445
1243166400,0.005966006885191806
1243188000,0.0056623873366677645
1243209600,0.005119653665755862
1243231200,0.004623271590940486
1243252800,0.004283421257127125
1243274400,0.0035767297878471676
1243296000,0.0031769689425161104
1243317600,0.0023467861497673097
1243339200,0.0009949725728009163
1243360800,0.0006344446469708331
1243382400,-0.00028203694694417915
1243404000,-0.00035101139692230186
1243425600,-0.0002963916113097489
1243447200,-0.00018818824185983202
1243468800,-0.0009136234263616886
1243490400,-0.002246129366044114
1243512000,-0.002041142535596519
1243533600,-0.003149780813529828
1243555200,-0.003001673278310439
1243576800,-0.003084195189268383
1243598400,-0.002158895065510254
1243620000,-0.0015972763434012375
1243641600,-0.0008786344386371828
1243663200,-0.0005761416490866162
1243684800,0.0017781263804702704
1243706400,0.014941202676024742
1243728000,0.017632203663854006
1243749600,0.017496293920271563
1243771200,0.016730281021828736
1243792800,0.014520309250999421
1243814400,0.006798485715277786
1243836000,0.0018047366766291567
1243857600,-0.0005506723244433234
1243879200,-0.0024844848892519957
1243900800,-0.0049540292603425335
1243922400,-0.006968298613446371
1243944000,-0.006382698780216445
1243965600,-0.0066312831426834935
1243987200,-0.007016996103263096
1244008800,-0.008583959580711004
1244030400,-0.009641938679083075
1244052000,-0.010028554426485927
1244073600,-0.009463624909371662
1244095200,-0.008772907320366938
1244116800,-0.008271984353813268
1244138400,-0.006325860387812694
1244160000,-0.0035788056136400524
1244181600,-0.002911328203448265
1244203200,-0.0034005467242181806
1244224800,-0.00422008489341236
1244246400,-0.005016027662936044
1244268000,-0.005779685566821294
1244289600,-0.006165023488813764
1244311200,-0.006836606607769748
1244332800,-0.006786487656890747
1244354400,-0.006320021093429525
1244376000,-0.003730528168486491
1244397600,0.006553177191837875
1244419200,0.009695428337010113
1244440800,0.011235099280927748
1244462400,0.012553621786111496
1244484000,0.01247733835272218
1244505600,0.012484654854741487
1244527200,0.012227604440657475
1244548800,0.012040356793913302
1244570400,0.011930643083876685
1244592000,0.012347640416275063
1244613600,0.012043027181034055
1244635200,0.012003084865047623
1244656800,0.011762839828745554
1244678400,0.011132959104333767
1244700000,0.011466839096993873
1244721600,0.011059132127978778
1244743200,0.010953024947899641
1244764800,0.01003196283925296
1244786400,0.009666191221868826
1244808000,0.00996707840511001
1244829600,0.00950022012390924
1244851200,0.00844988471229388
1244872800,0.007984779767470357
1244894400,0.007200954406240611
1244916000,0.004905368807345518
1244937600,0.0019663167808719757
1244959200,-0.0005514942500633023
1244980800,-0.002810869730963077
1245002400,-0.004831493147493317
1245024000,-0.006426917248954811
1245045600,-0.01028389304070819
1245067200,-0.02003447892735124
1245088800,-0.0241036641203224
1245110400,-0.0264223105867583
1245132000,-0.028745448378597584
1245153600,-0.03154624721970451
1245175200,-0.03330513263962921
1245196800,-0.035097004546771934
1245218400,-0.037008726498765084
1245240000,-0.03904241541938852
1245261600,-0.04098267797840037
1245283200,-0.042953256778931984
1245304800,-0.044787638963982156
1245326400,-0.04339598524929687
1245348000,-0.0373605443346797
1245369600,-0.03501438914347033
1245391200,-0.035976954326822935
1245412800,-0.03865788525244668
1245434400,-0.04026195706009
1245456000,-0.04249892778208153
1245477600,-0.04276041238742915
1245499200,-0.04160327850087299
1245520800,-0.043144356871625954
1245542400,-0.044551696369778813
1245564000,-0.04210633102164796
1245585600,-0.029327284265075634
1245607200,0.024746390323009092
1245628800,0.037451346127923744
1245650400,0.03963431408883145
1245672000,0.04045082594459088
1245693600,0.048587186975275254
1245715200,0.04693916344743392
1245736800,0.04451933210553656
1245758400,0.04167031100041364
1245780000,0.03920995220377656
1245801600,0.036451484575303436
1245823200,0.03191403836901943
1245844800,0.023432793478073664
1245866400,0.020186425823026436
1245888000,0.02495591049891837
1245909600,0.024883473118184764
1245931200,0.02644923636262214
1245952800,0.03609933615496268
1245974400,0.03478640916776461
1245996000,0.02742263977395561
1246017600,0.02540762866657775
1246039200,0.03157005956691004
1246060800,0.03208799705240206
1246082400,0.03128832701587372
1246104000,0.029956039076528232
1246125600,0.024288907555334617
1246147200,0.019748124341989307
1246168800,0.013663238802957963
1246190400,0.011316662734601704
1246212000,0.013063974855666982
1246233600,0.013665044078412148
1246255200,0.012356359450519628
1246276800,0.009762756993880017
1246298400,0.0013535693618977381
1246320000,0.0005945476372705154
1246341600,0.0075053990440721524
1246363200,0.006120103706068196
1246384800,0.0035611091636543564
1246406400,0.003967813170312892
1246428000,0.00415871352874745
1246449600,0.0033048304215411257
1246471200,0.0015547939148101411
1246492800,-0.0022671424898811437
1246514400,-0.01594274882814465
1246536000,-0.019847215059515866
1246557600,-0.02234948731717003
1246579200,-0.025739470208812624
1246600800,-0.03284556448991516
1246622400,-0.02711073153491198
1246644000,-0.02596262072761661
1246665600,-0.028972368966263463
1246687200,-0.026415559887304412
1246708800,-0.011970761639243155
1246730400,-0.0052070012085103
1246752000,-0.002759676380541002
1246773600,-0.0014049696205848466
1246795200,-0.0012500739542979891
1246816800,-0.0020533773978626156
1246838400,-0.002789008699774086
1246860000,-0.0035322837852904713
1246881600,-0.007477681787190556
1246903200,-0.006624647141409669
1246924800,-0.0007085361449957041
1246946400,-0.0029351623031169003
1246968000,0.0018738704054943331
1246989600,0.0232314629389938
1247011200,0.028309285380544762
1247032800,0.029099049669893982
1247054400,0.02801156143983976
1247076000,0.02641318643920606
1247097600,0.019943141985556707
1247119200,0.017614266929009924
1247140800,0.015996446537129578
1247162400,0.01377719050670751
1247184000,0.00724282950861671
1247205600,0.011195101061511585
1247227200,0.00805532937501999
1247248800,-0.006758325609985348
1247270400,-0.01314835165047823
1247292000,-0.015762970289389836
1247313600,-0.018314165147934845
1247335200,-0.0242140854651438
1247356800,-0.02670084105006626
1247378400,-0.02523144786740691
1247400000,-0.02227353128220661
1247421600,-0.016381263043762154
1247443200,-0.02164690670958036
1247464800,-0.021072249290378688
1247486400,-0.017734325063007008
1247508000,-0.008811026841225419
1247529600,-0.005681899924754168
1247551200,-0.005497412249184855
1247572800,-0.005002986955628364
1247594400,-0.003831141598810663
1247616000,-0.0020074237683855994
1247637600,0.0033459188350097586
1247659200,0.012046647079347671
1247680800,0.015090445490013293
1247702400,0.016825923194661804
1247724000,0.017736287001339283
1247745600,0.018060018877739135
1247767200,0.018298901675492755
1247788800,0.01818997517429935
1247810400,0.010751153605055318
1247832000,0.014324352945382727
1247853600,0.01512795395579405
1247875200,0.021785540576515116
1247896800,0.023037906208468517
1247918400,0.024617166039893036
1247940000,0.025606335719497563
1247961600,0.026628566715915562
1247983200,0.027855629250013187
1248004800,0.026191246891405926
1248026400,0.025988284016942875
1248048000,0.025590153769685736
1248069600,0.02511678840831037
1248091200,0.025111435865321916
1248112800,0.02392266959139146
1248134400,0.01929055648969012
1248156000,0.0037751302595723634
1248177600,-0.01626389879487495
1248199200,-0.013625851072066096
1248220800,-0.01230327730355989
1248242400,-0.011744371494972563
1248264000,-0.009673015504637984
1248285600,-0.0016380439471364344
1248307200,-0.006328352061633297
1248328800,-0.00811674835591449
1248350400,-0.010196706312804334
1248372000,-0.01608374311994003
1248393600,-0.017186421889135568
1248415200,-0.01734301568979537
1248436800,-0.012555167872859669
1248458400,-0.010931690938744281
1248480000,-0.011485769506561766
1248501600,-0.012092874262870005
1248523200,-0.011811567589422383
1248544800,-0.012147371456159389
1248566400,-0.012820306756135734
1248588000,-0.011252893107189627
1248609600,-0.01144114303139127
1248631200,-0.011893199634601346
1248652800,-0.011599980173433042
1248674400,-0.012785608879474514
1248696000,-0.011569506376478557
1248717600,-0.011733589521681067
1248739200,-0.012192862389905837
1248760800,-0.012539924941720598
1248782400,-0.012953993324426058
1248804000,-0.013714512565521393
1248825600,-0.013524825598068514
1248847200,-0.013864951758180838
1248868800,-0.014839606898542747
1248890400,-0.01519912374557144
1248912000,-0.01572065916342606
1248933600,-0.012761674922570954
1248955200,0.0015751459384078911
1248976800,0.004810052264070436
1248998400,0.006922448478126729
1249020000,0.010035481762737452
1249041600,0.01074326906480458
1249063200,0.011821861118105518
1249084800,-0.0026377373899516823
1249106400,-0.008154986554063094
1249128000,-0.010595549254399851
1249149600,-0.011548469566146644
1249171200,-0.012704070256405466
1249192800,-0.014358457018296286
1249214400,-0.015588685441746046
1249236000,-0.0167345121788201
1249257600,-0.01629146618978469
1249279200,-0.013580320656505027
1249300800,0.0012470875186496293
1249322400,0.005016313720639003
1249344000,0.0050638802289412685
1249365600,0.005581966058818795
1249387200,0.0053995842646573705
1249408800,0.004210780279001976
1249430400,0.002440949336894538
1249452000,0.00038788938420210436
1249473600,-0.009211942127418875
1249495200,-0.010779568173979126
1249516800,-0.003549221174491334
1249538400,-0.0017830101749917687
1249560000,0.0008069814872146068
1249581600,0.00985123951784606
1249603200,0.011636552396544599
1249624800,0.01087446674620165
1249646400,0.010722825489029109
1249668000,0.010431100859321092
1249689600,0.009765322548604356
1249711200,0.008836638074813689
1249732800,0.007868165041399044
1249754400,0.0071379805666813845
1249776000,0.006280017585782325
1249797600,0.005114783292564429
1249819200,0.003891082528586675
1249840800,0.0043068655633567085
1249862400,0.006817979632072639
1249884000,0.02019440354130053
1249905600,0.022983974131731415
1249927200,0.023379201828598484
1249948800,0.022623290306593144
1249970400,0.01654983681179919
1249992000,-0.00048253585300593203
1250013600,-0.006851579843289228
1250035200,-0.008705615980304407
1250056800,-0.009591686096702476
1250078400,-0.010031590582605839
1250100000,-0.009013630146039054
1250121600,-0.005760395790590055
1250143200,0.008590987172303964
1250164800,0.012626457904350767
1250186400,0.013719038868434837
1250208000,0.014311953363484944
1250229600,0.01400624985032199
1250251200,0.013618918175497768
1250272800,0.01393991795435142
1250294400,0.014517494539580497
1250316000,0.01435847991526439
1250337600,0.013445229725042572
1250359200,0.012913643228242259
1250380800,0.013259808965438324
1250402400,0.011118594964417264
1250424000,0.0061528806684305
1250445600,-0.0010148925116902074
1250467200,-0.014482669022173432
1250488800,-0.015297168382252828
1250510400,-0.0157991844517786
1250532000,-0.015196531280159227
1250553600,-0.009878940780309941
1250575200,-0.008894208235805126
1250596800,-0.015063125816278182
1250618400,-0.017692623442955073
1250640000,-0.018533035134888413
1250661600,-0.014929359007094137
1250683200,-0.012950902339523387
1250704800,-0.017038012993181893
1250726400,-0.02126867653797195
1250748000,-0.02108472654141891
1250769600,-0.018051288759197516
1250791200,-0.015610518269364297
1250812800,-0.01699535777042974
1250834400,-0.012672914354194549
1250856000,-0.008221852028209652
1250877600,0.002548021508733391
1250899200,0.0061354979384298505
1250920800,0.007730200708845986
1250942400,0.009286679933345289
1250964000,0.014524234919477394
1250985600,0.016334569989091965
1251007200,0.01772507407018137
1251028800,0.018043790662481476
1251050400,0.018965989823659518
1251072000,0.018794086571328406
1251093600,0.017048703414590995
1251115200,0.016473595686914273
1251136800,0.016345967324048475
1251158400,0.015282986152470248
1251180000,0.015825301270281908
1251201600,0.015684370716495026
1251223200,0.015072608239094369
1251244800,0.0076290948741349965
1251266400,0.004544409076753114
1251288000,0.004181843855386739
1251309600,0.003989352866926825
1251331200,0.0062456728988847165
1251352800,0.007452542892538478
1251374400,0.007230712237456922
1251396000,0.007013101566581073
1251417600,0.006172573615434707
1251439200,0.0015935262283782278
1251460800,0.0002998862040418837
1251482400,-0.0005113274345082614
1251504000,-0.0010671162839000386
1251525600,-0.0012706144977746117
1251547200,-0.0020046986162988675
1251568800,-0.0033504964210658264
1251590400,-0.013434604531129102
1251612000,-0.018242450577003244
1251633600,-0.019696292419940566
1251655200,-0.0189313198333981
1251676800,-0.019377667824932342
1251698400,-0.020322071446358912
1251720000,-0.02051542081084452
1251741600,-0.019781309465471422
1251763200,-0.016672345600280435
1251784800,-0.0047273690362090726
1251806400,2.563401056680705e-05
1251828000,0.002316180954238079
1251849600,0.003648948003425559
1251871200,0.004478276264306327
1251892800,0.003963149786599767
1251914400,0.004671193839512427
1251936000,0.0090117055778309
1251957600,0.009619322397709225
1251979200,0.009240042373179764
1252000800,0.0037059486234670034
1252022400,0.0006282132985660032
1252044000,-2.3566826882879264e-05
1252065600,-0.0012565542497482028
1252087200,-0.002369998307993236
1252108800,-0.0017144932451393933
1252130400,-0.0011510455016835943
1252152000,0.0011401048556037938
1252173600,0.009593545338654228
1252195200,0.009669943200687646
1252216800,0.0018331221122590185
1252238400,0.0009315086384297407
1252260000,0.0010238411273561126
1252281600,0.001805286976113874
1252303200,0.0009013067392740726
1252324800,-0.0012901284628339216
1252346400,-0.002781835644050862
1252368000,-0.0035205848616358783
1252389600,-0.005328315589345845
1252411200,-0.007294465450517813
1252432800,-0.008506066789108868
1252454400,-0.011503547081680875
1252476000,-0.009948747019453872
1252497600,-0.010445527917356348
1252519200,-0.01205013145014847
1252540800,-0.009044543216342823
1252562400,-0.006290103037603661
1252584000,-0.0026453921848375696
1252605600,0.004919324016454698
1252627200,0.0073898008640951186
1252648800,0.009874890140728107
1252670400,0.009835941581256077
1252692000,0.009579963211576052
1252713600,0.00926624319218447
1252735200,0.008287826978467819
1252756800,0.001971651644201538
1252778400,-0.002715536506313569
1252800000,-0.004861156178850144
1252821600,-0.007806357639002656
1252843200,-0.00827700797582639
1252864800,-0.008258881244260337
1252886400,-0.007915239379711864
1252908000,-0.008694006402979015
1252929600,-0.012015134590817603
1252951200,-0.011030755829065151
1252972800,-0.010791678202392766
1252994400,-0.011100449548804972
1253016000,-0.010764992469275207
1253037600,-0.009471816546595886
1253059200,-0.007099107357068724
1253080800,-0.005977028261059475
1253102400,-0.004030213122548252
1253124000,-0.0007271724502288487
1253145600,0.0005052967844292733
1253167200,0.00048579656893555333
1253188800,0.0006956463298192406
1253210400,0.00028751549314742265
1253232000,2.1977699318321848e-05
1253253600,-0.0004916025534121395
1253275200,-0.0008195279125580032
1253296800,-0.0013026430080008457
1253318400,-0.0016666416709410238
1253340000,-0.0014218157728154556
1253361600,-0.0017194865182528609
1253383200,-0.00243495419913262
1253404800,-0.002346503202834348
1253426400,-0.0020248479588270796
1253448000,0.00023093821426750432
1253469600,0.010074327852062932
1253491200,0.01183066123232936
1253512800,0.011805602186448591
1253534400,0.01127269322217994
1253556000,0.011455732263434118
1253577600,0.011202451347100958
1253599200,0.010125846986718387
1253620800,0.009859120202984347
1253642400,0.01045654690620349
1253664000,0.00915988083664024
1253685600,0.008166725675714097
1253707200,0.007102610954469323
1253728800,0.005541275496172005
1253750400,0.004120602180161738
1253772000,0.00460964428192117
1253793600,0.005140627726704845
1253815200,0.005311078582734074
1253836800,0.0047945593172181375
1253858400,0.0037995183037979018
1253880000,0.004966367894375652
1253901600,0.004988441833963048
1253923200,0.005145068059069232
1253944800,0.0057602199462025655
1253966400,0.0061784177855148245
1253988000,0.006806939195878389
1254009600,0.008225171623233666
1254031200,0.007215942664588483
1254052800,0.006698746772656803
1254074400,0.006631158067378198
1254096000,0.006801128985610591
1254117600,0.006715583255451004
1254139200,0.006988703626545617
1254160800,0.0072777770134128915
1254182400,0.007820733806848584
1254204000,0.007220131692280161
1254225600,0.005652794945102739
1254247200,0.00285636058561045
1254268800,0.0008012381532343925
1254290400,-0.0004264290690549707
1254312000,-0.0010531779645721869
1254333600,-0.002100967442416418
1254355200,-0.00371334749143122
1254376800,-0.006499233145545459
1254398400,-0.0182675319725758
1254420000,-0.021651802877471475
1254441600,-0.02300716014251715
1254463200,-0.024328622559802334
1254484800,-0.026924394524088333
1254506400,-0.028309685157943736
1254528000,-0.028830416581454275
1254549600,-0.03098020244194664
1254571200,-0.03272051060328254
1254592800,-0.035063906859345524
1254614400,-0.036954483892524904
1254636000,-0.03723388260610312
1254657600,-0.038183250528594385
1254679200,-0.03692956145882047
1254700800,-0.028210334965707216
1254722400,-0.02597229735178261
1254744000,-0.022819590169522026
1254765600,-0.013369714436545284
1254787200,-0.01163092546691735
1254808800,-0.011129262759956156
1254830400,-0.010633242960452378
1254852000,-0.007752165857748388
1254873600,-0.007133508680511506
1254895200,-0.006756678741880017
1254916800,-0.005600252559344313
1254938400,-0.002520007783735175
1254960000,0.016391278960214476
1254981600,0.02031364419797294
1255003200,0.01939731540609476
1255024800,0.01751062413749196
1255046400,0.01496835238437011
1255068000,0.0115820060773966
1255089600,0.008255497489269271
1255111200,0.009097248874040767
1255132800,0.01321368650964424
1255154400,0.032794440984266204
1255176000,0.037164084353838306
1255197600,0.030584653040362935
1255219200,0.03324044681030472
1255240800,0.030086921810357343
1255262400,0.02522552144454741
1255284000,0.01767992849807428
1255305600,0.015403100978375005
1255327200,0.01729467051929233
1255348800,0.014418731603839462
1255370400,0.0011755809012560573
1255392000,-0.004057996484978243
1255413600,-0.006943038169749667
1255435200,-0.010393216190410398
1255456800,-0.018009780625291957
1255478400,-0.014633369196321262
1255500000,0.00411169320880486
1255521600,0.008956868819599931
1255543200,0.010184343022784035
1255564800,0.009664250919838687
1255586400,0.008416836038907378
1255608000,0.0081142922669122
1255629600,0.008971923448110106
1255651200,0.009013507005913007
1255672800,0.010057230063833692
1255694400,0.013577484789555654
1255716000,0.01708989194277908
1255737600,0.018609682086615415
1255759200,0.018235563164481463
1255780800,0.01631589282820726
1255802400,0.012071609919451595
1255824000,0.002266462565436014
1255845600,-0.0005795910307550033
1255867200,0.0014420448178044916
1255888800,-0.006112488570850786
1255910400,-0.0017742626205491194
1255932000,-0.002296818667604005
1255953600,-0.0025050223165991336
1255975200,-0.006514710759671543
1255996800,-0.018315650486735256
1256018400,-0.018675549946420195
1256040000,-0.021883518790928626
1256061600,-0.01380789511529182
1256083200,-0.01407244635417423
1256104800,-0.01978897897353158
1256126400,-0.022573165635084425
1256148000,-0.02390717465219736
1256169600,-0.024110392977645403
1256191200,-0.00797076634952115
1256212800,-0.0017912022199124925
1256234400,0.003510594875885827
1256256000,0.005067871821598628
1256277600,0.00586719199931357
1256299200,0.0055410444419653464
1256320800,0.006320912512569819
1256342400,0.005361398502269688
1256364000,0.006387555338336799
1256385600,0.012269232931166564
1256407200,0.019493585767972128
1256428800,0.021492982019041183
1256450400,0.01965066537038014
1256472000,0.013748848183339452
1256493600,0.011960494803189992
1256515200,0.011185352277721652
1256536800,0.016104619065540674
1256558400,0.017015038196288346
1256580000,0.017182452136457235
1256601600,0.017459001727791575
1256623200,0.017526226643460617
1256644800,0.014268903163559199
1256666400,0.002445869988067855
1256688000,0.0009871033956087342
1256709600,-0.00043268453729312445
1256731200,-0.0003692466678072605
1256752800,-0.0018188778353021074
1256774400,-0.002134703358747437
1256796000,-0.0030369729504529336
1256817600,-0.004290801295781452
1256839200,-0.005140098885833566
1256860800,-0.005843282860337973
1256882400,-0.006055380882286687
1256904000,-0.006268288379440046
1256925600,-0.006346950639643702
1256947200,-0.006166968364518018
1256968800,-0.007477045868834131
1256990400,-0.008877639830467306
1257012000,-0.014354963384952395
1257033600,-0.007124185363833149
1257055200,-0.004149765469232122
1257076800,-0.0031168449537007778
1257098400,-0.0018296846132112945
1257120000,-0.0022246381551251767
1257141600,-0.002323474085512421
1257163200,-0.0016095749262336342
1257184800,-0.001332574083606655
1257206400,-0.0011836721116424622
1257228000,-0.0011245682663409311
1257249600,-0.00043382584323724033
1257271200,-0.0008208280706771305
1257292800,-0.00023756717336807353
1257314400,0.0008319062661497327
1257336000,0.0023864429499205085
1257357600,0.011938296714931546
1257379200,0.014747574195095169
1257400800,0.016072187246538857
1257422400,0.01607248735972991
1257444000,0.015413592012482035
1257465600,0.014296108264498775
1257487200,0.013206585165224131
1257508800,0.011019518577797177
1257530400,0.01003175040964064
1257552000,0.011968964161442533
1257573600,0.009839539023562827
1257595200,0.000768492928187463
1257616800,-0.009059244416221567
1257638400,-0.019540227354863795
1257660000,-0.023006994372383894
1257681600,-0.024130203634716837
1257703200,-0.02551613161214495
1257724800,-0.02715227344551205
1257746400,-0.030841795679657995
1257768000,-0.03630592362951122
1257789600,-0.03841921950465497
1257811200,-0.03811188386880346
1257832800,-0.03309204112073341
1257854400,-0.027387518415328868
1257876000,-0.011428222690685089
1257897600,-0.006867140184641935
1257919200,-0.004994602817588735
1257940800,-0.001004113503111657
1257962400,0.0013739123055952192
1257984000,0.0068345514679048645
1258005600,0.008125144485337764
1258027200,0.008876736616442478
1258048800,0.009151271354116995
1258070400,0.009962175563977741
1258092000,0.009393328741992925
1258113600,0.008755501291520711
1258135200,0.008957617440165072
1258156800,0.008294818504267804
1258178400,0.008193761522974914
1258200000,0.008587388160084614
1258221600,0.00921630038047802
1258243200,0.00728961762577973
1258264800,0.005850167283775673
1258286400,0.004993940280380266
1258308000,0.004963474466163485
1258329600,0.004830017244123489
1258351200,0.0036860311386637578
1258372800,0.0017144042405446563
1258394400,0.0004663890035546193
1258416000,-0.00043864209319926763
1258437600,-0.0007140208952573153
1258459200,-0.0014364770053289545
1258480800,-0.003339574091663734
1258502400,-0.005441975990366159
1258524000,-0.006984136161502838
1258545600,-0.007270343227425761
1258567200,-0.0051247058358919965
1258588800,-0.004011777913226362
1258610400,-0.003372373926514927
1258632000,-0.0011372392363999894
1258653600,0.009223095578958453
1258675200,0.011934454629373255
1258696800,0.012544337490857356
1258718400,0.013070964531981118
1258740000,0.014151886971696271
1258761600,0.014822662686323956
1258783200,0.014510277263675318
1258804800,0.013974505207649987
1258826400,0.014080270717301611
1258848000,0.013920607617650385
1258869600,0.014326476641391347
1258891200,0.01407703469130541
1258912800,0.014477679036623725
1258934400,0.013846227117297414
1258956000,0.014286874805754494
1258977600,0.015178362868063964
1258999200,0.015016587065028553
1259020800,0.014958409334953397
1259042400,0.014394142601926299
1259064000,0.014422557400131467
1259085600,0.010519423223677837
1259107200,-0.0009751700538266469
1259128800,-0.004240501246637955
1259150400,-0.005159917817647276
1259172000,-0.005709756510393325
1259193600,-0.006201826576170385
1259215200,-0.006341840076056861
1259236800,-0.007503589806539501
1259258400,-0.006592076813776968
1259280000,-0.006752186911554123
1259301600,-0.007200682237857511
1259323200,-0.007606409596249301
1259344800,-0.007442087352637938
1259366400,-0.007003313356661238
1259388000,-0.006715310658521049
1259409600,-0.007140445007366374
1259431200,-0.006668721544544764
1259452800,-0.006244905345189844
1259474400,-0.007114141188153888
1259496000,-0.007166384666494463
1259517600,-0.007429001107863342
1259539200,-0.006459022742001986
1259560800,-0.006493002084373376
1259582400,-0.00629348623963218
1259604000,-0.004881762035261189
1259625600,-0.0044321747075573865
1259647200,-0.004205684077617308
1259668800,-0.005165244204085263
1259690400,-0.005069788582182031
1259712000,-0.005202463016961502
1259733600,-0.005044555604190489
1259755200,-0.0055353450441751805
1259776800,-0.006627356630705436
1259798400,-0.007463697514168709
1259820000,-0.0069960408253420545
1259841600,-0.006940727446795036
1259863200,-0.007478221954733977
1259884800,-0.007654282438654279
1259906400,-0.007470763061503013
1259928000,-0.004982329163764577
1259949600,0.004552363927471944
1259971200,0.007013164395172084
1259992800,0.007929760280767247
1260014400,0.007960930018965516
1260036000,0.007665388783520217
1260057600,0.007450990096363621
1260079200,0.00622816234380716
1260100800,0.006430669995963938
1260122400,0.0055795264019940435
1260144000,0.005045518058578963
1260165600,0.004086416663764161
1260187200,0.003812962915230686
1260208800,0.004069640172300505
1260230400,0.003216281779439099
1260252000,0.003614438603410352
1260273600,0.0030386390621953414
1260295200,0.003111659913554605
1260316800,0.002917875670945567
1260338400,0.0012083500946957525
1260360000,0.002218247792352494
1260381600,0.0016990179452815034
1260403200,0.001376522736380425
1260424800,0.0010859359319957069
1260446400,0.0010310839540220386
1260468000,0.0005179130228555092
1260489600,0.0009184804841599907
1260511200,3.679391575854175e-05
1260532800,-0.000605640149686093
1260554400,-0.0007090627442822923
1260576000,-0.0009107559009603686
1260597600,-0.0021156096943410452
1260619200,-0.002743757510139391
1260640800,-0.0031367005315567588
1260662400,-0.003367312827884739
1260684000,-0.003887413184537481
1260705600,-0.004399021087266922
1260727200,-0.005252982534330139
1260748800,-0.006003305956835567
1260770400,-0.007649292841140029
1260792000,-0.008107646159556526
1260813600,-0.008347774115115955
1260835200,-0.00848243600421949
1260856800,-0.009144512549366777
1260878400,-0.010197686616722356
1260900000,-0.010120584860504687
1260921600,-0.010009983796277093
1260943200,-0.0106681903028583
1260964800,-0.012004152986248084
1260986400,-0.012630878051612062
1261008000,-0.013902288421757185
1261029600,-0.014396523399130143
1261051200,-0.015371010826195585
1261072800,-0.01632030510024703
1261094400,-0.017134179035523202
1261116000,-0.017035619485677864
1261137600,-0.015507928814961887
1261159200,-0.005538299549227286
1261180800,-0.0021753046508475654
1261202400,-0.0008289758158047388
1261224000,0.0014668129177281613
1261245600,0.011642604310870172
1261267200,0.013650532800617362
1261288800,0.013595546809305076
1261310400,0.013794572223349087
1261332000,0.013751075519773732
1261353600,0.013771242123074305
1261375200,0.013325817804435359
1261396800,0.012877965388518826
1261418400,0.01198864780313759
1261440000,0.011000690206901094
1261461600,0.01023226695469571
1261483200,0.008738710828629224
1261504800,0.0086621090306215
1261526400,0.007394007373402957
1261548000,0.006934075211716955
1261569600,0.007111288574586161
1261591200,0.006885557027739734
1261612800,0.005963406718943609
1261634400,0.003943968983944889
1261656000,0.003846168675404638
1261677600,0.003312953062088761
1261699200,0.0031301505414874724
1261720800,0.0025178233006263877
1261742400,0.0023054598923519455
1261764000,0.0016223225244835595
1261785600,0.0012665212693448787
1261807200,0.000983566209066118
1261828800,0.000237822113515334
1261850400,0.00023567075103916077
1261872000,-0.0002522877708876418
1261893600,-0.0002684389796538589
1261915200,-0.0006306295325573255
1261936800,-0.0009095910981982026
1261958400,2.8436445871463946e-05
1261980000,-0.0003651577537923423
1262001600,-0.0009884528327078642
1262023200,-0.0011746313389298273
1262044800,-0.001551957219921358
1262066400,-0.0015524579072600704
1262088000,-0.002201619774080466
1262109600,-0.0026007164183030032
1262131200,-0.0025487212030544247
1262152800,-0.0025137809918470825
1262174400,-0.0022163187004145112
1262196000,-0.002334377947371289
1262217600,-0.0020260991416712164
1262239200,-0.001945606327044985
1262260800,-0.0018685558512660627
1262282400,-0.002089230351356154
1262304000,-0.0022293631555760757
1262325600,-0.002386856309939682
1262347200,-0.0019269340361639715
1262368800,-0.002115071986424854
1262390400,-0.002761432530757676
1262412000,-0.002425210157753253
1262433600,-0.002404760904324496
1262455200,-0.003040097493310371
1262476800,-0.0025538258983745453
1262498400,-0.0025823111945509425
1262520000,-0.0002551006196352475
1262541600,0.01022615983623286
1262563200,0.012613370077740244
1262584800,0.012639293918707384
1262606400,0.012831776770959574
1262628000,0.01305444736676269
1262649600,0.013422126948156917
1262671200,0.012696440970429594
1262692800,0.012225582849653414
1262714400,0.011531071177329232
1262736000,0.010962958532996128
1262757600,0.005369178859551143
1262779200,0.003427629036601787
1262800800,0.002289763860847593
1262822400,0.0014900806380013266
1262844000,0.0013393483632159267
1262865600,-0.00019038852553034894
1262887200,-0.0027146163533566647
1262908800,-0.014832177988060507
1262930400,-0.01996540420225696
1262952000,-0.021648194735160633
1262973600,-0.024212320688246466
1262995200,-0.025016443559234568
1263016800,-0.025173187187116128
1263038400,-0.02196709720105151
1263060000,-0.011398674619446214
1263081600,-0.007598345659126223
1263103200,-0.006944284172927215
1263124800,-0.00709279066729184
1263146400,-0.006586370824143933
1263168000,-0.0062259806753963256
1263189600,-0.00569437723540212
1263211200,-0.0030664087992226
1263232800,-0.002586788421990484
1263254400,-0.0018367024910731322
1263276000,-0.001830840006106288
1263297600,-0.0023669982541139768
1263319200,-0.003244019742997842
1263340800,-0.00314807396556226
1263362400,-0.004434434480680374
1263384000,-0.005445808362612594
1263405600,-0.0055005630748794125
1263427200,-0.00590747022555032
1263448800,-0.00636677554106326
1263470400,-0.0025796220714270545
1263492000,0.014680197489577392
1263513600,0.018065492428336744
1263535200,0.018286742800509213
1263556800,0.015887354564778855
1263578400,0.0103768515640183
1263600000,0.0077391527259564625
1263621600,0.00587587630693083
1263643200,0.00448227705746323
1263664800,0.0018717552431986814
1263686400,-0.0018906743953117852
1263708000,-0.014000285110610347
1263729600,-0.01809455581786145
1263751200,-0.020423611394331683
1263772800,-0.02192047446447949
1263794400,-0.02239374037781077
1263816000,-0.019432066707311957
1263837600,-0.007673664647415281
1263859200,0.005670084393208465
1263880800,0.009127322010322817
1263902400,0.009724801620392545
1263924000,0.009607909664046205
1263945600,0.009599004071087268
1263967200,0.008687385094531505
1263988800,0.009621465771086983
1264010400,0.014460985077537812
1264032000,0.023417498327372867
1264053600,0.024714732045106977
1264075200,0.023464544934599957
1264096800,0.021909731935842145
1264118400,0.019426704080205668
1264140000,0.01538203722902747
1264161600,0.012619992980078047
1264183200,0.011381242822484799
1264204800,0.00986198871668409
1264226400,0.006126073469987994
1264248000,-0.005120861231980904
1264269600,-0.009855363246761747
1264291200,-0.010782105033295979
1264312800,-0.012264924981643317
1264334400,-0.01299420693725805
1264356000,-0.0141273735446348
1264377600,-0.015051427531837035
1264399200,-0.0164835212406583
1264420800,-0.017330145179729826
1264442400,-0.018023681194711823
1264464000,-0.018107019324186846
1264485600,-0.016518112504452113
1264507200,-0.011134933853105568
1264528800,-0.006051162192309488
1264550400,-0.004333809262029191
1264572000,-0.004038943163662341
1264593600,-0.004886724099138381
1264615200,-0.005041838447019274
1264636800,-0.005391817873272061
1264658400,-0.004109181772902821
1264680000,0.0022194141588762636
1264701600,0.019028336916867405
1264723200,0.02252887879414057
1264744800,0.022575965204782986
1264766400,0.02031174480044373
1264788000,0.012342746482485388
1264809600,0.0037327061577628277
1264831200,0.002233303092739715
1264852800,0.009170467859061948
1264874400,0.009613281491117535
1264896000,0.008518716526488748
1264917600,0.003593114945556532
1264939200,-0.011041672504298109
1264960800,-0.017123120024508165
1264982400,-0.019880076306194604
1265004000,-0.02034770010005918
1265025600,-0.020616520447959436
1265047200,-0.020697033471072174
1265068800,-0.02262027549318873
1265090400,-0.027807538427414673
1265112000,-0.01287077569354415
1265133600,0.008423538475370793
1265155200,0.01405417677200611
1265176800,0.014940763568547682
1265198400,0.014885178012486755
1265220000,0.014388395550990515
1265241600,0.010226236678234217
1265263200,0.008851048671464528
1265284800,0.011313785989098277
1265306400,0.01849492095973634
1265328000,0.02082392665498201
1265349600,0.02097548303711163
1265371200,0.020284178170072165
1265392800,0.019682171770945354
1265414400,0.01674380270208399
1265436000,0.007123135056712431
1265457600,0.007052330792321102
1265479200,0.017109724538788226
1265500800,0.019985893762528597
1265522400,0.01999691046905658
1265544000,0.020739259752396322
1265565600,0.01779110183645378
1265587200,0.006286689861764985
1265608800,0.006247226113086929
1265630400,0.0056150115192020785
1265652000,0.005510154064965494
1265673600,0.005317060961724605
1265695200,0.004214792284457303
1265716800,0.004046320349519072
1265738400,0.0039369724252683565
1265760000,0.0034791157714902502
1265781600,0.0031759339108197956
1265803200,0.004079663291328217
1265824800,0.005200551667397001
1265846400,0.006144118276799168
1265868000,0.006874939512941502
1265889600,0.0067215532246565485
1265911200,0.00695498170132353
1265932800,0.00684396804298355
1265954400,0.006894179488246206
1265976000,0.007517792171902405
1265997600,0.007044101586952262
1266019200,0.0010683301737064274
1266040800,-0.0010506408064629301
1266062400,-0.002716634846529373
1266084000,-0.009715476074129448
1266105600,-0.013243116984237732
1266127200,-0.023109310126393213
1266148800,-0.023955871843041834
1266170400,-0.01610778710635715
1266192000,-0.013732678340466714
1266213600,-0.013066603603334007
1266235200,-0.012398739277239133
1266256800,-0.013158819597945182
1266278400,-0.012994176375965014
1266300000,-0.01317593119065814
1266321600,-0.013868955288291922
1266343200,-0.013586456057891015
1266364800,-0.013349776159400646
1266386400,-0.012321834046591864
1266408000,-0.009294867642805455
1266429600,0.0006607708358156356
1266451200,0.0032573246519813823
1266472800,0.003931378763085503
1266494400,0.003996874343862753
1266516000,0.004244509448171111
1266537600,0.004345271193857066
1266559200,0.004397072196718771
1266580800,0.005083598491033363
1266602400,0.005286432342898221
1266624000,0.004699293005791536
1266645600,0.005493299745214508
1266667200,0.005508631955861797
1266688800,0.0056969694281085274
1266710400,0.005699128225781845
1266732000,0.006693516876675902
1266753600,0.007142021248949825
1266775200,0.007123806333339297
1266796800,0.006876116517649789
1266818400,0.0055878392396757565
1266840000,0.006165337123018129
1266861600,0.006054606552384464
1266883200,0.005932305914488299
1266904800,0.00644007195148666
1266926400,0.006382694654849749
1266948000,0.0059191305762463795
1266969600,0.00571701972027408
1266991200,0.00491183166155995
1267012800,0.0019833302908664114
1267034400,-0.005995815306229625
1267056000,-0.007130633859602748
1267077600,0.0016941980416055413
1267099200,0.00547239454601425
1267120800,0.009604370936544133
1267142400,0.011573522357395671
1267164000,0.013479097287871153
1267185600,0.001683121182434904
1267207200,-0.010783669668751772
1267228800,-0.01965062632895955
1267250400,-0.024301642277958675
1267272000,-0.02529765397032573
1267293600,-0.026887648673908908
1267315200,-0.028301521291721414
1267336800,-0.02915829340629709
1267358400,-0.03001532169334459
1267380000,-0.030696138676289866
1267401600,-0.031214579653638386
1267423200,-0.031023657480178966
1267444800,-0.028525169050704742
1267466400,-0.015963102294369
1267488000,-0.017108683172415685
1267509600,-0.01618787960743761
1267531200,-0.01245340688781567
1267552800,-0.006740163555015245
1267574400,-0.0009361842651284368
1267596000,0.0010585607087275543
1267617600,0.00125613384536799
1267639200,0.0009601464840818441
1267660800,0.0016998350800092284
1267682400,0.0021631120071824352
1267704000,0.004108157321728337
1267725600,0.013947721322641342
1267747200,0.016351592194359395
1267768800,0.01603321549822127
1267790400,0.015353475138163902
1267812000,0.01538206581204195
1267833600,0.01613308473933659
1267855200,0.014680240907203301
1267876800,0.014433235885158364
1267898400,0.013498511510222213
1267920000,0.012613374901732513
1267941600,0.011335489279774812
1267963200,0.01002801733875471
1267984800,0.009273738528105426
1268006400,0.00786394052892795
1268028000,0.00807809024558001
1268049600,0.007362980735499201
1268071200,0.006780144339590733
1268092800,0.005268818635347738
1268114400,0.0033497747617441754
1268136000,0.0030341175543620205
1268157600,0.002580182200780226
1268179200,0.0023007226008612183
1268200800,0.002315031329178147
1268222400,0.0019449390419488495
1268244000,0.000908947763343354
1268265600,0.00039644212075895936
1268287200,0.00015575550432424837
1268308800,-0.0003452141476334876
1268330400,0.0001361524113449893
1268352000,-0.0005507920029053673
1268373600,-0.00046206834160751164
1268395200,-0.0010000219534746088
1268416800,-0.0007459029319132926
1268438400,-0.0004829349718750156
1268460000,-0.0005666107110258691
1268481600,-0.000754122941918113
1268503200,-0.0009961771928461147
1268524800,-0.0013555612899167411
1268546400,-0.0023667471361573577
1268568000,-0.002471188892044303
1268589600,-0.002650272401973675
1268611200,-0.0030532296040443833
1268632800,-0.004374384575400413
1268654400,-0.004676622290786225
1268676000,-0.004639865831669233
1268697600,-0.004434567409666478
1268719200,-0.004402244955366042
1268740800,-0.005704860243005592
1268762400,-0.006265675178576403
1268784000,-0.007032557475968974
1268805600,-0.007773156487739171
1268827200,-0.008457122043486911
1268848800,-0.010257778104787106
1268870400,-0.01130277999798525
1268892000,-0.01177281494324434
1268913600,-0.012837718512328735
1268935200,-0.013042841053792494
1268956800,-0.013324648969686445
1268978400,-0.01318817754933795
1269000000,-0.011173822906791456
1269021600,-0.0020772602688260383
1269043200,-0.0005771161225740997
1269064800,-0.0005813751110667134
1269086400,-0.0015051798884260538
1269108000,-0.0018537418787741738
1269129600,-0.0020639719932614327
1269151200,-0.0032380869767120496
1269172800,-0.0043353097479007915
1269194400,-0.00467536108236232
1269216000,-0.002855265357172167
1269237600,0.004688677038320339
1269259200,0.008023770545687436
1269280800,0.009507669674087437
1269302400,0.008678644913261313
1269324000,0.009482462865185988
1269345600,0.009181047032020408
1269367200,0.009354999909714149
1269388800,0.008281273567155793
1269410400,0.007344544359157268
1269432000,0.007689911108960405
1269453600,0.0070481557561131395
1269475200,0.006260715924918238
1269496800,0.006117151112958695
1269518400,0.006114378802094638
1269540000,0.004644568738518628
1269561600,0.00518643181741491
1269583200,0.004521471510024052
1269604800,0.004482272823184625
1269626400,0.004280487733613067
1269648000,0.003959871434756802
1269669600,0.0036270949093461196
1269691200,0.0035606186721326913
1269712800,0.003291368985015269
1269734400,0.002450069227859583
1269756000,0.0016633827449171437
1269777600,0.0008005307745968413
1269799200,0.00035597910878049896
1269820800,-0.00013054482160119893
1269842400,-0.0010239531367643622
1269864000,-0.001473129786803625
1269885600,-0.0015850588153338402
1269907200,-0.0021088468119635434
1269928800,-0.0027650110215876192
1269950400,-0.003226932874504803
1269972000,-0.002430657663557072
1269993600,-0.002386448423959769
1270015200,-0.0024643650974038433
1270036800,-0.003501520691526548
1270058400,-0.004153571425759937
1270080000,-0.004292153564694731
1270101600,-0.004818126110832501
1270123200,-0.006252849624963148
1270144800,-0.007911314308048173
1270166400,-0.009291256599869256
1270188000,-0.010046117546088203
1270209600,-0.010813692354631654
1270231200,-0.011865019825543454
1270252800,-0.012473904969155326
1270274400,-0.012729628436096678
1270296000,-0.01009197572452616
1270317600,-0.0005371940358253568
1270339200,0.0015136982709153765
1270360800,0.0010731917261211118
1270382400,0.00028380316038640745
1270404000,0.00011521615340822982
1270425600,0.00010639019483846534
1270447200,-0.0008421065867226804
1270468800,-0.0009212470059832046
1270490400,-0.001439758186370602
1270512000,-0.0022609869358694314
1270533600,-0.003762657000053096
1270555200,-0.005040061051311723
1270576800,-0.006341983152219011
1270598400,-0.007616310714707149
1270620000,-0.007900426272871826
1270641600,-0.008397639644180731
1270663200,-0.008839524432249685
1270684800,-0.00959030975122645
1270706400,-0.009453137103438435
1270728000,-0.0032864621995714258
1270749600,0.020306514739069418
1270771200,0.02604817054679026
1270792800,0.0271346415919275
1270814400,0.025973127932038136
1270836000,0.020992021947591546
1270857600,0.018457399828963154
1270879200,0.016975212156073775
1270900800,0.01485990887262553
1270922400,0.011498216642834149
1270944000,-0.0012522752667366718
1270965600,-0.005936685250696924
1270987200,-0.0072866217404982435
1271008800,-0.008389745666603152
1271030400,-0.008686854002412933
1271052000,-0.009542872693605486
1271073600,-0.0107262908244538
1271095200,-0.01047993209706164
1271116800,-0.008088372604022228
1271138400,0.0022636360646922917
1271160000,0.004713806765793727
1271181600,0.005135031541754736
1271203200,0.004408197998919556
1271224800,0.0039377157937662225
1271246400,0.003547654754468332
1271268000,0.0047206063220928286
1271289600,0.007977806339846823
1271311200,0.013290104188917273
1271332800,0.013090407709220087
1271354400,0.012676360104588395
1271376000,0.01102721189514003
1271397600,0.008769238568683526
1271419200,0.003494056381375005
1271440800,0.0009302014940041769
1271462400,-0.0003527213622450255
1271484000,-0.001409365119852302
1271505600,-0.004045921527244074
1271527200,-0.011648124480529695
1271548800,-0.017855752464979932
1271570400,-0.021901125016091046
1271592000,-0.021145075167962577
1271613600,-0.012792336928736362
1271635200,-0.01103723045425173
1271656800,-0.010907127854400551
1271678400,-0.011389011095410809
1271700000,-0.012478574977868173
1271721600,-0.01261421357238793
1271743200,-0.013243182474849801
1271764800,-0.009471367041013267
1271786400,-0.0016265103771036622
1271808000,0.00039520535780323933
1271829600,0.0003538496895202931
1271851200,-0.0003241809830284537
1271872800,-0.0005591054877939914
1271894400,-0.0013107188499592083
1271916000,-0.0016332150430031053
1271937600,-0.0013825130292957487
1271959200,-0.00026003001239571256
1271980800,0.006204182305210271
1272002400,0.022208704181701556
1272024000,0.026349731549690603
1272045600,0.026688489690002832
1272067200,0.024818269653594717
1272088800,0.017096501318731788
1272110400,0.019375687378074324
1272132000,0.0183219201249174
1272153600,0.01637145934181188
1272175200,0.009778672192552827
1272196800,0.007667755649779563
1272218400,0.00966156079902533
1272240000,-0.0021531418914033794
1272261600,-0.007101391185391476
1272283200,-0.008906142671100403
1272304800,-0.010675553143121366
1272326400,-0.013231558758108091
1272348000,-0.020924797725215313
1272369600,-0.016153309941661517
1272391200,-0.013682846813281364
1272412800,-0.011311308177057253
1272434400,0.0008726956332414998
1272456000,0.004865684670779125
1272477600,0.006789110039142114
1272499200,0.0069354844405201685
1272520800,0.005894556442348436
1272542400,0.00511685660390792
1272564000,0.006221838740841368
1272585600,0.010568001978462676
1272607200,0.015180394809697288
1272628800,0.015515386498478254
1272650400,0.014417501298155128
1272672000,0.010931460989885894
1272693600,-0.001327043113922722
1272715200,-0.012640263202842403
1272736800,-0.010769800929636635
1272758400,-0.002138738494380007
1272780000,0.00028461050761255716
1272801600,0.0004423940959260024
1272823200,-0.007116506077082154
1272844800,-0.009637574905468087
1272866400,-0.009168457795034737
1272888000,-0.006676148945103112
1272909600,-0.00330613337559722
1272931200,-0.00697017561955884
1272952800,-0.009061723154983988
1272974400,-0.011444063268451914
1272996000,-0.01740755876671192
1273017600,-0.020613123704757718
1273039200,-0.012582819650776199
1273060800,-0.004460486160170937
1273082400,-0.005213914485684821
1273104000,0.00704651158087644
1273125600,0.01126425308945402
1273147200,0.012585730262519166
1273168800,0.013776953801200616
1273190400,0.014214155096165871
1273212000,0.015459084095312681
1273233600,0.015810533123301756
1273255200,0.013392043053761574
1273276800,0.024600915110757682
1273298400,0.028153143881462384
1273320000,0.029804497011562677
1273341600,0.03029531044676438
1273363200,0.031147977206074068
1273384800,0.03214711797149284
1273406400,0.0330812562242496
1273428000,0.033606135767285654
1273449600,0.03378772285297649
1273471200,0.03333056202719785
1273492800,0.033194539847802323
1273514400,0.030203934038935433
1273536000,0.016691302557374565
1273557600,0.004159339457707715
1273579200,0.0005510186023082309
1273600800,-0.0014842765621976982
1273622400,-0.003109923466491535
1273644000,-0.009756644923641571
1273665600,-0.013911819116098853
1273687200,-0.019764241904136132
1273708800,-0.017954693027813523
1273730400,-0.02040637087649484
1273752000,-0.02948923432669006
1273773600,-0.02919982323123598
1273795200,-0.021731710820833573
1273816800,-0.020820995228087297
1273838400,-0.020360450321250983
1273860000,-0.019889340915450086
1273881600,-0.020906803869833897
1273903200,-0.021312164009308514
1273924800,-0.022079986029163317
1273946400,-0.0227434066360684
1273968000,-0.023207298008245694
1273989600,-0.02396285885462688
1274011200,-0.025256615542821697
1274032800,-0.02645498316429895
1274054400,-0.027204900953343943
1274076000,-0.026943604258871618
1274097600,-0.027017505171031173
1274119200,-0.027463353246709458
1274140800,-0.02777690082087859
1274162400,-0.026705661578789397
1274184000,-0.024801913095961407
1274205600,-0.015574680070930368
1274227200,-0.014220286108599522
1274248800,-0.0147372223864297
1274270400,-0.015549217914061055
1274292000,-0.015341998596048519
1274313600,-0.013588909335232682
1274335200,-0.0031854207346143602
1274356800,-0.0006836328123350557
1274378400,0.0013968173831560347
1274400000,0.01010384139470365
1274421600,0.013342127228276794
1274443200,0.018644519834594826
1274464800,0.021289883459918054
1274486400,0.023879147639155697
1274508000,0.02419204448473341
1274529600,0.02268298084779761
1274551200,0.022247934968205596
1274572800,0.021574559452324674
1274594400,0.020499809710933455
1274616000,0.020815021390972455
1274637600,0.020411003602967527
1274659200,0.020457106815636682
1274680800,0.020056523656865707
1274702400,0.02026571451394066
1274724000,0.019419189488580242
1274745600,0.01897816908053955
1274767200,0.018155448153359614
1274788800,0.016736424904027138
1274810400,0.01634941930638489
1274832000,0.015720783649755075
1274853600,0.014851608999335755
1274875200,0.013805910135460052
1274896800,0.013535887470847918
1274918400,0.013532681035332079
1274940000,0.01284430504960685
1274961600,0.012415384753178042
1274983200,0.012250766997864437
1275004800,0.011623693597637898
1275026400,0.006757505954940661
1275048000,-0.00975224321251462
1275069600,-0.013987874549514298
1275091200,-0.015622625201454701
1275112800,-0.01720720855690217
1275134400,-0.01692003902303927
1275156000,-0.01646948297755094
1275177600,-0.015690630612047035
1275199200,-0.016075862277491536
1275220800,-0.016494080457778827
1275242400,-0.01572086159769793
1275264000,-0.015396629394759099
1275285600,-0.015121833837480794
1275307200,-0.014527942261321014
1275328800,-0.013536504278219097
1275350400,-0.009853028875223643
1275372000,0.007807602588639792
1275393600,0.013308986584667407
1275415200,0.015667736367713094
1275436800,0.017010782389667745
1275458400,0.018518732165779202
1275480000,0.022521521206853603
1275501600,0.033041475386393855
1275523200,0.03589877095159535
1275544800,0.034211938759701487
1275566400,0.022080788001696928
1275588000,0.010393804079159845
1275609600,0.0015953423403695071
1275631200,-0.001472401221345857
1275652800,-0.002143276228007707
1275674400,-0.002192336875911205
1275696000,-0.002642376265284005
1275717600,-0.0036350434843199202
1275739200,-0.004713017545755671
1275760800,-0.00499528945150745
1275782400,-0.005198420946318967
1275804000,-0.005399611765137926
1275825600,-0.005161518624433839
1275847200,-0.004932618221200223
1275868800,-0.0050230619690161404
1275890400,-0.006892468205545787
1275912000,-0.006757132616747584
1275933600,-0.007155606484963117
1275955200,-0.006943604249147512
1275976800,-0.00639127505014398
1275998400,-0.006250138133990135
1276020000,-0.0058710112537387095
1276041600,-0.005594189967629686
1276063200,-0.005703839280959342
1276084800,-0.005277844034150591
1276106400,-0.004734100036034096
1276128000,-0.00450648866795833
1276149600,-0.004671925760241566
1276171200,-0.0034393732248223117
1276192800,-0.002933476822610189
1276214400,-0.002261683277018117
1276236000,-0.0013688047697643197
1276257600,-0.001169182977688826
1276279200,-0.001708535570929153
1276300800,-0.0014649121896668225
1276322400,-0.0029657062023042825
1276344000,-0.0029960107021286633
1276365600,-0.0030058322071869004
1276387200,-0.0029152846057882396
1276408800,-0.0035125884852575374
1276430400,-0.004000271559092802
1276452000,-0.0037367101629122027
1276473600,-0.003283434799139251
1276495200,-0.0029726757590253913
1276516800,-0.003908034053480052
1276538400,-0.004523804902199651
1276560000,-0.004593459303076731
1276581600,-0.005172544772994982
1276603200,-0.006091548483265216
1276624800,-0.006623487496109457
1276646400,-0.007553730711865063
1276668000,-0.007186401397836906
1276689600,-0.007689074184058298
1276711200,-0.008116681439126847
1276732800,-0.007540151624322216
1276754400,-0.006476160049267796
1276776000,-0.004002458344498775
1276797600,0.00500806256945365
1276819200,0.007258280776583111
1276840800,0.006842482864943808
1276862400,0.005780691647702886
1276884000,0.005548783660521306
1276905600,0.0048743558214837165
1276927200,0.002921411059808314
1276948800,0.0027044434524404314
1276970400,0.0019397038332635162
1276992000,0.0007306648042046401
1277013600,-0.0008021645166616756
1277035200,-0.0019517747634744229
1277056800,-0.002810180452997889
1277078400,-0.004331091442408887
1277100000,-0.005423348087911746
1277121600,-0.00647904290489442
1277143200,-0.007034121360747296
1277164800,-0.008388014121673145
1277186400,-0.009987512094190394
1277208000,-0.01080741445900318
1277229600,-0.01208289196455498
1277251200,-0.013043253904835371
1277272800,-0.014147423712941469
1277294400,-0.014355077091523552
1277316000,-0.015446653718076212
1277337600,-0.016209278433188604
1277359200,-0.0176165730193298
1277380800,-0.018786231175969816
1277402400,-0.019668722636709348
1277424000,-0.0173248434919073
1277445600,-0.0053736859759834915
1277467200,-0.0021684042284724836
1277488800,0.00012502423196771744
1277510400,0.0035483015157998267
1277532000,0.00518212238267266
1277553600,0.008860743487600754
1277575200,0.009941573683842828
1277596800,0.0097149317721765
1277618400,0.009085774495871566
1277640000,0.009068469690263523
1277661600,0.008635950005556971
1277683200,0.008117835507734967
1277704800,0.007293660193172285
1277726400,0.006818431070497273
1277748000,0.006609047272048631
1277769600,0.006603077016389208
1277791200,0.00558620794374707
1277812800,0.004525101329029517
1277834400,0.003692638404296581
1277856000,0.002872523998956446
1277877600,0.002006759176047694
1277899200,0.001464966415298239
1277920800,0.000634987973836016
1277942400,-0.001040339910955159
1277964000,-0.002201996427211275
1277985600,-0.0029714393481820723
1278007200,-0.003933276188671644
1278028800,-0.004070939374053607
1278050400,-0.004175711443881494
1278072000,-0.0022741609240313084
1278093600,0.006915285347592901
1278115200,0.009189348282894085
1278136800,0.00882761286552361
1278158400,0.0073114473768824
1278180000,0.007942615973510715
1278201600,0.007597941898604796
1278223200,0.006598456290506205
1278244800,0.006826247233420602
1278266400,0.0074498623606603556
1278288000,0.006833231515694836
1278309600,0.00632486758605193
1278331200,0.005036395499317842
1278352800,0.004691292899712701
1278374400,0.003820917234984002
1278396000,0.004367647980435956
1278417600,0.0044507985940895976
1278439200,0.003800110708667526
1278460800,0.002170875806435644
1278482400,0.00041089017688338827
1278504000,0.0015358418274827722
1278525600,0.0011695087468236668
1278547200,0.0009931584828448792
1278568800,0.001144827847312282
1278590400,0.0015770432647636754
1278612000,0.0013809501386299774
1278633600,0.0010079907946117853
1278655200,0.0002562984796368606
1278676800,0.00020182588362339178
1278698400,0.00017107701950212946
1278720000,-2.528485354198786e-05
1278741600,-0.0006463122777833241
1278763200,-0.0008396970837031549
1278784800,-0.00019939137009100595
1278806400,0.000280941315525849
1278828000,-0.0006679770139798127
1278849600,-0.0012269120820943536
1278871200,-0.0009209823014181018
1278892800,-0.0007420022691963478
1278914400,-0.0017967492880808112
1278936000,-0.0028670871432994022
1278957600,-0.002877975469050619
1278979200,-0.003293747495362977
1279000800,-0.0034931176368712073
1279022400,-0.0030726730258432314
1279044000,-0.0025178776379740733
1279065600,-0.00222513977727446
1279087200,-0.0029427523787179397
1279108800,-0.003255268562423812
1279130400,-0.002907271996335477
1279152000,-0.0037178328925415423
1279173600,-0.003624860202681284
1279195200,-0.004474373162906766
1279216800,-0.005882950102067649
1279238400,-0.00690582500845831
1279260000,-0.006916649523921513
1279281600,-0.006491411779346917
1279303200,-0.00732453083266568
1279324800,-0.0073210556911870546
1279346400,-0.006921746184602622
1279368000,-0.004935908850896878
1279389600,0.005141584203766576
1279411200,0.006895627550786589
1279432800,0.007565096708908251
1279454400,0.007151386804575289
1279476000,0.007682114395388904
1279497600,0.007872582865382454
1279519200,0.007001810877977255
1279540800,0.006991044991238238
1279562400,0.006240816415281468
1279584000,0.005105996907671989
1279605600,0.0047744815415887805
1279627200,0.003517854398166753
1279648800,0.003384427737131063
1279670400,0.0032519426034339697
1279692000,0.00391296735989163
1279713600,0.004292525495349063
1279735200,0.003465659429443755
1279756800,0.003252267075498606
1279778400,0.0014944085702111444
1279800000,0.0021257985256454967
1279821600,0.0013636732489392678
1279843200,0.0017017347001930853
1279864800,0.0012326638007071915
1279886400,0.0010612460368441122
1279908000,0.00039105281505527584
1279929600,0.00040622951868529115
1279951200,0.00010694293864395787
1279972800,-0.00010213195718381042
1279994400,-0.00021587138961271364
1280016000,-0.0006910450064826911
1280037600,-0.00098750969956424
1280059200,-0.0007469653482183853
1280080800,-0.0008806825790327733
1280102400,-0.00036165844795807645
1280124000,-0.0004632006178501
1280145600,-0.0009680147210091137
1280167200,-0.001384888365072244
1280188800,-0.0010365064235871363
1280210400,-0.001916086842766227
1280232000,-0.002180699488767802
1280253600,-0.002013066128930076
1280275200,-0.002512333905389979
1280296800,-0.0028965434402522965
1280318400,-0.0031653497515965958
1280340000,-0.002735499084926611
1280361600,-0.002347274138402645
1280383200,-0.0019401037991829987
1280404800,-0.0023033875272266487
1280426400,-0.002786299131053937
1280448000,-0.003163434594658463
1280469600,-0.0031907685164664712
1280491200,-0.0035953249078889624
1280512800,-0.004643923172612998
1280534400,-0.0058691706056984705
1280556000,-0.006033378749155801
1280577600,-0.006386305501138101
1280599200,-0.007281811924052026
1280620800,-0.007121651163974523
1280642400,-0.007486759274866117
1280664000,-0.005510266354036947
1280685600,0.00449002861708507
1280707200,0.006879984948455003
1280728800,0.006309907824830567
1280750400,0.006159671549308413
1280772000,0.005847257760878164
1280793600,0.005701928878701746
1280815200,0.004332579499228946
1280836800,0.00341255001485811
1280858400,0.0027920042546184837
1280880000,0.00240412593546014
1280901600,0.001377277914753569
1280923200,0.00019767537684433012
1280944800,-0.0003980383791631473
1280966400,-0.002132474739363264
1280988000,-0.005346901525427613
1281009600,-0.018877918313844864
1281031200,-0.022989160027408643
1281052800,-0.021682895409555935
1281074400,-0.009860615304712184
1281096000,-0.005592331140774323
1281117600,-0.00488855531715473
1281139200,-0.0050715557514011194
1281160800,-0.004015562168223966
1281182400,-0.00034652182370093626
1281204000,0.012538612944164716
1281225600,0.015211671073636522
1281247200,0.015612349124168591
1281268800,0.014907921565976125
1281290400,0.013509251797294505
1281312000,0.01078723670443853
1281333600,0.008043355371494147
1281355200,0.007070629309350986
1281376800,0.006529248865387952
1281398400,0.006522984364511029
1281420000,0.0053637871942697046
1281441600,0.0046592798923861005
1281463200,0.0037212767390969316
1281484800,0.0032074028648907617
1281506400,0.0022442866448047507
1281528000,0.0021457021035683928
1281549600,0.0015747831813970842
1281571200,0.001141787490052414
1281592800,0.0006560044534044645
1281614400,0.0006019641232542323
1281636000,0.0001439582875069538
1281657600,-0.0004201667465407645
1281679200,-0.0007994213747850185
1281700800,-0.0021982701275714807
1281722400,-0.0029886839778279204
1281744000,-0.0037824082019356194
1281765600,-0.005541157245161459
1281787200,-0.00608324436492606
1281808800,-0.00672345702672974
1281830400,-0.007574819910415679
1281852000,-0.007774043863214944
1281873600,-0.008086993428179534
1281895200,-0.008231209762427055
1281916800,-0.008116183777446561
1281938400,-0.0077567603357127195
1281960000,-0.005096261403401938
1281981600,0.005160517754587679
1282003200,0.007376055604318067
1282024800,0.00759763227471401
1282046400,0.0075160237602192375
1282068000,0.007754986183098257
1282089600,0.007970235553658547
1282111200,0.006843291492962734
1282132800,0.005900921842588411
1282154400,0.0051422508370227325
1282176000,0.0039417226361823585
1282197600,0.0025236757549212457
1282219200,0.0006820975196080369
1282240800,-0.0010780147634740413
1282262400,-0.002833343156022411
1282284000,-0.0038994560050165995
1282305600,-0.005008623949954685
1282327200,-0.006560906549140665
1282348800,-0.007911485840204445
1282370400,-0.010354795328154393
1282392000,-0.011774232861528856
1282413600,-0.01367626715456163
1282435200,-0.014122656500528515
1282456800,-0.015045353737778489
1282478400,-0.016924044103674197
1282500000,-0.01772415337416357
1282521600,-0.018326489584385895
1282543200,-0.019847065576238044
1282564800,-0.021652282417417
1282586400,-0.022709630396319697
1282608000,-0.023990296710045416
1282629600,-0.02590920029677187
1282651200,-0.02715158238709718
1282672800,-0.028149798567182308
1282694400,-0.028640914766011088
1282716000,-0.029848251386339095
1282737600,-0.029763219453919923
1282759200,-0.028076034674334217
1282780800,-0.018633819256841787
1282802400,0.011358398375723163
1282824000,0.020311913729123682
1282845600,0.030115063945106383
1282867200,0.031859608724656624
1282888800,0.030608702454974577
1282910400,0.027365853307005302
1282932000,0.025530936110715524
1282953600,0.02538139369623474
1282975200,0.02396468916634653
1282996800,0.022168495660299783
1283018400,0.020216678266926167
1283040000,0.01826381390694473
1283061600,0.01510766952577754
1283083200,0.0070110485811808775
1283104800,0.009757604394615647
1283126400,0.0045279749540928765
1283148000,0.0031334214286442446
1283169600,0.0030686374499081367
1283191200,0.006244370472712792
1283212800,0.006870726837648414
1283234400,0.006378765588574949
1283256000,0.007606262839322865
1283277600,0.016058899049635585
1283299200,0.017649340079269778
1283320800,0.01650544526928865
1283342400,0.013932451605566517
1283364000,0.0061725214458298525
1283385600,0.010156158793585305
1283407200,0.010190768147226335
1283428800,0.0073314033186780946
1283450400,0.0017821146854903192
1283472000,0.0016354532538425893
1283493600,0.00508591984488549
1283515200,0.0053299009441141725
1283536800,0.005280096006345327
1283558400,0.004613350871508732
1283580000,0.004807444823118797
1283601600,0.004621733204361151
1283623200,0.003980820539103261
1283644800,0.001397665907533248
1283666400,-0.005863293989646157
1283688000,0.00047992248089840186
1283709600,0.001931356402259339
1283731200,0.002412303866069578
1283752800,0.002120083731290136
1283774400,0.002870605658451827
1283796000,0.0023741021975561636
1283817600,0.0029146135263353736
1283839200,0.0023866396051481177
1283860800,0.0024188445973780774
1283882400,0.0032107400783386586
1283904000,0.0027072370789412367
1283925600,-0.0003005274895532214
1283947200,-0.011937808089198759
1283968800,-0.007169609358594832
1283990400,-0.00339017951237704
1284012000,0.002730692261958198
1284033600,0.003414157227346408
1284055200,0.0034142251458300636
1284076800,0.0036061361279067475
1284098400,0.003597132453591505
1284120000,0.003968483083161025
1284141600,0.0038526990596938386
1284163200,0.0033907247377906835
1284184800,0.002600347071386854
1284206400,0.0019505265205309488
1284228000,-4.099580028611716e-05
1284249600,-0.007526506510502371
1284271200,-0.0077219817574048985
1284292800,-0.007503882859008481
1284314400,-0.002778851125359357
1284336000,-0.0019205560927530348
1284357600,-0.0022292451206034425
1284379200,-0.002862543814695066
1284400800,-0.0071490155699285365
1284422400,-0.020694585785424522
1284444000,-0.024565237638614318
1284465600,-0.025710581914654404
1284487200,-0.02682817375389077
1284508800,-0.0287543287810019
1284530400,-0.03489376751014543
1284552000,-0.027921198551568972
1284573600,-0.017393824593197185
1284595200,-0.01483942224012211
1284616800,-0.012154611976991157
1284638400,-0.0001598478989430028
1284660000,0.0033449922357580318
1284681600,0.00452214702643849
1284703200,0.004221775292960501
1284724800,0.004004632253851686
1284746400,0.0035975883428180267
1284768000,0.013553611372495595
1284789600,0.015696701605892593
1284811200,0.015185887855686687
1284832800,0.014015490650089356
1284854400,0.012779341486299077
1284876000,0.013130819711234327
1284897600,0.012846923859217705
1284919200,0.011221623889415139
1284940800,0.010572415664624421
1284962400,0.00916874935371807
1284984000,0.009973443024381029
1285005600,0.00991042316900062
1285027200,0.010710604066892624
1285048800,0.009938547981342636
1285070400,0.009094589716958257
1285092000,0.0070026306272898495
1285113600,-0.0007741228640831756
1285135200,-0.0019375050225357137
1285156800,0.0005819597975637101
1285178400,0.002923369854393892
1285200000,0.003389384656432996
1285221600,0.002186426049385141
1285243200,0.001851748812165652
1285264800,0.0013768119036592214
1285286400,0.0011131608520376021
1285308000,0.0004226327596724251
1285329600,-0.0005578673231562377
1285351200,-0.000807036710369471
1285372800,-0.0014633816290395636
1285394400,-0.0018161964862556624
1285416000,-0.0024403067743952182
1285437600,-0.001856747659766448
1285459200,-0.0015298818026611774
1285480800,-0.00127005897940246
1285502400,-0.0013062695363224542
1285524000,-0.0010294439597990086
1285545600,0.0007528275143354296
1285567200,0.0010247722663674986
1285588800,9.05739543763748e-05
1285610400,0.0002786424202138019
1285632000,0.0005322984473615312
1285653600,0.0010896107705895474
1285675200,0.001800582483210091
1285696800,0.001479897970697223
1285718400,0.0014013145692466187
1285740000,0.0018824134321757887
1285761600,0.0021702624205609364
1285783200,0.0018464496020234736
1285804800,0.002513198070489739
1285826400,0.0037924676440374387
1285848000,0.007224142072767586
1285869600,0.017443967551109902
1285891200,0.020042209037410982
1285912800,0.021326565941397736
1285934400,0.0220650869770404
1285956000,0.022886566014667653
1285977600,0.023666707047092606
1285999200,0.023239097914029633
1286020800,0.023520844926159967
1286042400,0.0229699462486356
1286064000,0.019947075602823598
1286085600,0.007724339455970805
1286107200,0.0044000483903572215
1286128800,0.003294730586968712
1286150400,0.0005169891024268979
1286172000,-0.005759902323004559
1286193600,-0.0073011401322438454
1286215200,-0.00832030424320605
1286236800,-0.008541385544411617
1286258400,-0.010178432579014617
1286280000,-0.009394835607666753
1286301600,-0.009265289853878051
1286323200,-0.009104803027713014
1286344800,-0.009034938367221834
1286366400,-0.008733529478520782
1286388000,-0.00882500229308288
1286409600,-0.008087985219239839
1286431200,-0.008273817078535644
1286452800,-0.008063528147258447
1286474400,-0.008110363414968616
1286496000,-0.007739469533617497
1286517600,-0.006970063001620072
1286539200,-0.006280331806169292
1286560800,-0.006177496378086375
1286582400,-0.005318342777351163
1286604000,-0.005179769092698832
1286625600,-0.005226867368032827
1286647200,-0.005233021881329896
1286668800,-0.005130121992818291
1286690400,-0.00548992488755497
1286712000,-0.005798438503029461
1286733600,-0.005834587823282206
1286755200,-0.006631760951487269
1286776800,-0.007513653134479891
1286798400,-0.007898239532938233
1286820000,-0.008339130604863706
1286841600,-0.008747537060285533
1286863200,-0.009628284752694885
1286884800,-0.01108187727629115
1286906400,-0.012028270644410978
1286928000,-0.013025805685245634
1286949600,-0.014222506919887454
1286971200,-0.014998134760453221
1286992800,-0.016621717549336334
1287014400,-0.017806037008920788
1287036000,-0.018122006728798705
1287057600,-0.018940994228762144
1287079200,-0.019949929355338444
1287100800,-0.02033911809535156
1287122400,-0.021532805855035718
1287144000,-0.019212504506387187
1287165600,-0.01029826948154609
1287187200,-0.008594287755503948
1287208800,-0.008917208874318324
1287230400,-0.00827506052925358
1287252000,-0.004992071532160497
1287273600,0.009120282010891167
1287295200,0.013819463636175979
1287316800,0.01509344855666435
1287338400,0.015570423777772086
1287360000,0.014922880654717027
1287381600,0.014296025231233916
1287403200,0.013556451242900383
1287424800,0.013295151373786201
1287446400,0.012193077293831019
1287468000,0.012416998242651328
1287489600,0.012485844856611155
1287511200,0.011394042941904289
1287532800,0.010968460655439074
1287554400,0.009886984047944651
1287576000,0.00968761448285447
1287597600,0.008384068504613828
1287619200,0.007613483040016396
1287640800,0.00748065219187387
1287662400,0.0075174503885289835
1287684000,0.006941570567337517
1287705600,0.0059747273343603
1287727200,0.004817859879137036
1287748800,0.004266579941438826
1287770400,0.0032070335877416073
1287792000,0.002861373707866194
1287813600,0.0018701103434320384
1287835200,0.0017404977746761662
1287856800,0.0011587692168741855
1287878400,0.0009588191468685996
1287900000,0.00021718938807665952
1287921600,-0.00034444845586500684
1287943200,-0.0007351506280152739
1287964800,-0.0011020760347662567
1287986400,-0.0018301023094579904
1288008000,-0.0020464584882357
1288029600,-0.0024357479983570574
1288051200,-0.0025738837236877936
1288072800,-0.0026136711581289684
1288094400,-0.002816721595697804
1288116000,-0.002338132329444325
1288137600,-0.001664926902356252
1288159200,-0.002549641295786867
1288180800,-0.0035346778576779495
1288202400,-0.004682937077804376
1288224000,-0.004429040002169388
1288245600,-0.0043982531149642946
1288267200,-0.004731819975405212
1288288800,-0.005803971774294043
1288310400,-0.006347962013844785
1288332000,-0.006558126477660419
1288353600,-0.006309931992689942
1288375200,-0.0069241296329555484
1288396800,-0.006569434710558787
1288418400,-0.0067894750776356224
1288440000,-0.0036473461965969216
1288461600,0.00593632768773223
1288483200,0.0078070057567589755
1288504800,0.007580188271668149
1288526400,0.0073842334160286694
1288548000,0.007147435875298495
1288569600,0.006899103278927109
1288591200,0.005680242847400402
1288612800,0.0057552061631488205
1288634400,0.0057027160709107756
1288656000,0.005498223857145884
1288677600,0.004952116737311319
1288699200,0.00480065633171481
1288720800,0.004269513589312244
1288742400,0.00393993232028133
1288764000,0.004181629652694533
1288785600,0.0037902324904405104
1288807200,0.0031597972388889032
1288828800,0.0026647559567445954
1288850400,0.0013664750457695407
1288872000,0.0020122174136241342
1288893600,0.0012818049983316442
1288915200,0.0010247862692368715
1288936800,0.0010247087219394328
1288958400,0.0015233017639007362
1288980000,0.0008906378007344311
1289001600,0.0007120913943427558
1289023200,0.0003017068535548689
1289044800,-0.00017380069777562455
1289066400,-0.0002058198393996399
1289088000,-0.0008539192716302486
1289109600,-0.0012568930804258453
1289131200,-0.0009934730380625418
1289152800,-0.001006267612352583
1289174400,-0.0004233888039633889
1289196000,-0.0007785903214657334
1289217600,-0.001302624823464396
1289239200,-0.0015295899164506964
1289260800,-0.001827579210036347
1289282400,-0.0025644712224501052
1289304000,-0.0022761984804284367
1289325600,-0.0018281004465992294
1289347200,-0.0021371196763768302
1289368800,-0.002423705006203225
1289390400,-0.0022052066040194286
1289412000,-0.0018790533512660981
1289433600,-0.0015157703336240193
1289455200,-0.0020118537589595663
1289476800,-0.002501235221865464
1289498400,-0.0030350027219783536
1289520000,-0.003207116588819243
1289541600,-0.003606140134194185
1289563200,-0.004138620392442266
1289584800,-0.0051824382889963366
1289606400,-0.006450157119112537
1289628000,-0.005926339444973344
1289649600,-0.005548859342547625
1289671200,-0.005923682489050662
1289692800,-0.005774089813900666
1289714400,-0.005921650210670024
1289736000,-0.003330758618096805
1289757600,0.006545774241578935
1289779200,0.009538033390237198
1289800800,0.009663009921900978
1289822400,0.009872563657936291
1289844000,0.01029939689193218
1289865600,0.010223926057284437
1289887200,0.009478749098870379
1289908800,0.009205310817998958
1289930400,0.009180061061485218
1289952000,0.00805655488623291
1289973600,0.0074665853350158054
1289995200,0.006612874601224779
1290016800,0.0047108484606802
1290038400,0.0020398008665231207
1290060000,0.002114965129846678
1290081600,0.0015405468565273344
1290103200,0.0014364300546185283
1290124800,0.0010979843260106898
1290146400,0.00030085768829885327
1290168000,-9.100990996461849e-05
1290189600,-0.0008063151909009794
1290211200,-0.0006992969229641153
1290232800,-0.00065752567505695
1290254400,-0.0002894804865279628
1290276000,-0.0010290138650208985
1290297600,-0.0010354162604067334
1290319200,-0.0016790921878022116
1290340800,-0.001772200318931703
1290362400,-0.001790960091693213
1290384000,-0.001960670409201989
1290405600,-0.0021406946119186606
1290427200,-0.0024070911837464804
1290448800,-0.001796976966085698
1290470400,-0.0013862425627446328
1290492000,-0.0019168999902157418
1290513600,-0.0022273501198055625
1290535200,-0.0017403836380874816
1290556800,-0.0018804815519653548
1290578400,-0.0026694306527439353
1290600000,-0.0023731014622764405
1290621600,-0.0025142172528800767
1290643200,-0.0025884799326866726
1290664800,-0.0030796094948227796
1290686400,-0.0027326687890848536
1290708000,-0.0021425480113822
1290729600,-0.00188540637725758
1290751200,-0.0015892395032739792
1290772800,-0.0016374446941182044
1290794400,-0.001510064438996824
1290816000,-0.0016594282761035366
1290837600,-0.0023041180478654464
1290859200,-0.0016598424048319248
1290880800,-0.00244468497821595
1290902400,-0.0031523057744395396
1290924000,-0.0031979534069529235
1290945600,-0.00351940271518479
1290967200,-0.003996245968242179
1290988800,-0.004183637505661727
1291010400,-0.003932653269385395
1291032000,-0.0017714901128989833
1291053600,0.007943326275914375
1291075200,0.00973125509717958
1291096800,0.009934107049054106
1291118400,0.009442815960172072
1291140000,0.009780694255846534
1291161600,0.009285959587295025
1291183200,0.008023680812961408
1291204800,0.007479730467517671
1291226400,0.006772780043311794
1291248000,0.005613476014626103
1291269600,0.001431714860850267
1291291200,-0.009436848771839122
1291312800,-0.005950932864117118
1291334400,-0.01584696656601902
1291356000,-0.01854717606654271
1291377600,-0.020041335137852896
1291399200,-0.020792433791278764
1291420800,-0.021772488699137754
1291442400,-0.02387572581574381
1291464000,-0.023552258810687864
1291485600,-0.021912853364921502
1291507200,-0.010626000949674875
1291528800,-0.00744053365719999
1291550400,-0.0061397802537442705
1291572000,-0.005909671091731892
1291593600,-0.0048029311062293325
1291615200,0.0014068863467502869
1291636800,0.012901680948509558
1291658400,0.01577873404488076
1291680000,0.01587098482798983
1291701600,0.014982657480539237
1291723200,0.012281988178536518
1291744800,0.01087492024562196
1291766400,0.011242086507347196
1291788000,0.011362997085563065
1291809600,0.011091452640169546
1291831200,0.010565779899950957
1291852800,0.010125966467548217
1291874400,0.009349517932519069
1291896000,0.00948811500955465
1291917600,0.009580677595143375
1291939200,0.008948722469385578
1291960800,0.007934260492652822
1291982400,0.007583949159220577
1292004000,0.00739518700728579
1292025600,0.006717642512206662
1292047200,0.005173327817570832
1292068800,0.0029049521963011643
1292090400,0.0016364570251043385
1292112000,0.0002786931304418961
1292133600,-0.0016273619767074963
1292155200,-0.003118868779793134
1292176800,-0.00476818756537695
1292198400,-0.006452237072912455
1292220000,-0.007415953664399544
1292241600,-0.008186919656324164
1292263200,-0.00915983412865651
1292284800,-0.010227490351883162
1292306400,-0.012902847301007615
1292328000,-0.02053709936161079
1292349600,-0.016309521017969904
1292371200,-0.015984362384848808
1292392800,-0.016631361911183834
1292414400,-0.017798394212764697
1292436000,-0.018701120626790198
1292457600,-0.019660596948127752
1292479200,-0.020972053672835857
1292500800,-0.0216797044293087
1292522400,-0.02280866407884933
1292544000,-0.023894347908707765
1292565600,-0.024178376302270054
1292587200,-0.023244052126344845
1292608800,-0.012574481831653021
1292630400,-0.007930381095271156
1292652000,0.0016351288951882773
1292673600,0.022528273522534094
1292695200,0.027372275812653495
1292716800,0.02819893518919769
1292738400,0.026968316630400273
1292760000,0.024458588341338704
1292781600,0.021434923671920868
1292803200,0.0205388332460433
1292824800,0.019607962237661137
1292846400,0.016781180839984818
1292868000,0.008045075565957446
1292889600,0.00041732108359653986
1292911200,0.009935313423749476
1292932800,0.011860145372677341
1292954400,0.011502631252951978
1292976000,0.01090707460635684
1292997600,0.009972835494632005
1293019200,0.008773508618667766
1293040800,0.008144935169402137
1293062400,0.0079176328906117
1293084000,0.007144033734978986
1293105600,0.005573883816802387
1293127200,0.003346588336459169
1293148800,-0.004705432280382846
1293170400,-0.012414200666627812
1293192000,-0.005083280060307386
1293213600,0.0005158957700925904
1293235200,0.0019664132867551437
1293256800,0.0016834471360404276
1293278400,0.0011321390911354097
1293300000,0.0015614499081689644
1293321600,0.002236086554064242
1293343200,0.00296996157601629
1293364800,0.0031862035509535908
1293386400,0.0033661111808352536
1293408000,0.0034841635396586153
1293429600,0.0025383414849056035
1293451200,0.00040099039692919345
1293472800,-0.0073059232704997205
1293494400,-0.0022160880452398815
1293516000,-0.0009561783803311726
1293537600,-0.0013296354113594704
1293559200,-0.0020047659922418654
1293580800,-0.0018799606188472091
1293602400,-0.0017402954572701248
1293624000,0.0003158917760689105
1293645600,0.009654945283893625
1293667200,0.009952800625549773
1293688800,0.004771737252033592
1293710400,0.0036067658639619008
1293732000,0.007835165101301536
1293753600,0.00725240449658246
1293775200,-0.0007211187684028569
1293796800,0.0011703571057376672
1293818400,-0.009033988771096329
1293840000,-0.009914479965777705
1293861600,-0.00318502481078482
1293883200,-0.013332715110534295
1293904800,-0.016584306540439367
1293926400,-0.01914348235505486
1293948000,-0.021213018124139952
1293969600,-0.026213844434907107
1293991200,-0.023890458899855572
1294012800,-0.007525071962839206
1294034400,-0.005978315561595494
1294056000,-0.011174346870814441
1294077600,-0.005643108771444883
1294099200,-0.0025633432168894275
1294120800,-0.0005225387145357738
1294142400,0.003935542242432963
1294164000,0.008772823187332463
1294185600,0.009653970079000028
1294207200,0.0097674655229863
1294228800,0.009826670801542953
1294250400,0.009416832152513589
1294272000,0.009407883006967812
1294293600,0.00853606818404075
1294315200,0.007938888431124507
1294336800,0.00800860479218265
1294358400,0.00829557730747995
1294380000,0.00752635730141731
1294401600,0.004126442290041086
1294423200,-0.005124554375225845
1294444800,-0.0006285167739068097
1294466400,0.002107352467560387
1294488000,0.002947412927682398
1294509600,0.0031831369622320367
1294531200,0.0024816449432845658
1294552800,0.001838030403915609
1294574400,0.0013142199088152858
1294596000,0.0008684771552507503
1294617600,0.0004444500172992767
1294639200,-0.0006857772802600241
1294660800,-0.0013629763072066084
1294682400,-0.0020384030893932877
1294704000,-0.0027741324255215346
1294725600,-0.0037746946213700343
1294747200,-0.004198282173495462
1294768800,-0.005391168185065081
1294790400,-0.006449168087296723
1294812000,-0.006669987084617292
1294833600,-0.006748657797359858
1294855200,-0.007384973377621081
1294876800,-0.0077140733728793265
1294898400,-0.00687502145270746
1294920000,-0.004031836081036506
1294941600,0.006021783417386314
1294963200,0.008107780192437155
1294984800,0.008131363781415738
1295006400,0.008232239813456142
1295028000,0.008816081047664251
1295049600,0.009010911355854724
1295071200,0.008806978991331855
1295092800,0.009245474736149648
1295114400,0.009685999831441368
1295136000,0.010091843285667857
1295157600,0.010027991724849323
1295179200,0.009824865766340835
1295200800,0.010260419533440254
1295222400,0.010462007659603022
1295244000,0.011315422409794402
1295265600,0.012275078621244058
1295287200,0.012649286387898261
1295308800,0.013569365211489931
1295330400,0.01345907591201857
1295352000,0.014600817072749106
1295373600,0.015397517944961346
1295395200,0.016114612242735436
1295416800,0.016734434348104735
1295438400,0.017638332786808535
1295460000,0.01874919305925686
1295481600,0.01977477651914737
1295503200,0.020272801797956697
1295524800,0.021132010092589266
1295546400,0.022277192599237664
1295568000,0.022829389566601372
1295589600,0.022751128437506738
1295611200,0.02239303016323772
1295632800,0.019584245668213193
1295654400,0.00643722281312438
1295676000,-0.005843004632597492
1295697600,-0.01051151379224873
1295719200,-0.012085257167564829
1295740800,-0.013506987818199706
1295762400,-0.01538689762629665
1295784000,-0.017267454737754154
1295805600,-0.023909808230103632
1295827200,-0.02619521318172494
1295848800,-0.027838538862219576
1295870400,-0.02856787197869607
1295892000,-0.028764453547211678
1295913600,-0.028966395235727502
1295935200,-0.02950869612904759
1295956800,-0.03116190359855603
1295978400,-0.03210924736886358
1296000000,-0.03295399518307945
1296021600,-0.03322377684934333
1296043200,-0.03407851951560224
1296064800,-0.03553824706622178
1296086400,-0.036055137214644296
1296108000,-0.03685449273248749
1296129600,-0.03681966646099808
1296151200,-0.03733321082035956
1296172800,-0.03743009807054446
1296194400,-0.035877980539952926
1296216000,-0.02973546357734132
1296237600,-0.003298174017201692
1296259200,0.004276661574419393
1296280800,0.00705363869701705
1296302400,0.011022821665185999
1296324000,0.013950370187427947
1296345600,0.019551742043012067
1296367200,0.020367605102407406
1296388800,0.020717288176419824
1296410400,0.020115955807210893
1296432000,0.01964407245569233
1296453600,0.019377440317536666
1296475200,0.017951675559003843
1296496800,0.016766257185118576
1296518400,0.01589890302884931
1296540000,0.01585451427239855
1296561600,0.015381773528405349
1296583200,0.014580131174087753
1296604800,0.01299914057571518
1296626400,0.01101534598908416
1296648000,0.010968911097459537
1296669600,0.0094985960615902
1296691200,0.009102889744249188
1296712800,0.007481840565072672
1296734400,0.007418554520355331
1296756000,0.005856011935392868
1296777600,0.005518932179596075
1296799200,0.004441988085194671
1296820800,0.0037461155259526317
1296842400,0.00257580684525954
1296864000,0.0013611030068032665
1296885600,0.000363017975614439
1296907200,1.0642578984152814e-05
1296928800,0.0002696429008025999
1296950400,0.0003395259655821838
1296972000,-0.0003411148042532067
1296993600,-0.0008695447619195203
1297015200,-0.0008841863854958956
1297036800,-0.0013189098414081773
1297058400,-0.0012917923240633267
1297080000,-0.0016932887054135976
1297101600,-0.0017907789121250932
1297123200,-0.002069860938518898
1297144800,-0.00269931374734532
1297166400,-0.0030446690659573926
1297188000,-0.0026109478073122836
1297209600,-0.002442933581549818
1297231200,-0.002495013042005793
1297252800,-0.003289101184838791
1297274400,-0.004147167668852873
1297296000,-0.00470507564040397
1297317600,-0.004625849014755868
1297339200,-0.005076431889881269
1297360800,-0.005979520476614406
1297382400,-0.0064650395362346015
1297404000,-0.006619026965433123
1297425600,-0.006936968313338353
1297447200,-0.007343153055438919
1297468800,-0.007044082579780435
1297490400,-0.0073269962645785254
1297512000,-0.005145109543826543
1297533600,0.004946690494836092
1297555200,0.0073207346425195035
1297576800,0.007577721486819591
1297598400,0.007035726707265427
1297620000,0.00745419980961104
1297641600,0.007295776951141645
1297663200,0.00654568286633947
1297684800,0.006292048600499839
1297706400,0.006304147060897386
1297728000,0.0059643918790927885
1297749600,0.005496125734883971
1297771200,0.004285815392307876
1297792800,0.0040566569414188835
1297814400,0.003425740645435282
1297836000,0.003201673826650998
1297857600,0.0033718480681201777
1297879200,0.0032982027958229705
1297900800,0.0034104050151380467
1297922400,0.0018066788111022226
1297944000,0.002017023400973221
1297965600,0.001250697360891901
1297987200,0.0012567927438768827
1298008800,0.0008761126720013426
1298030400,0.001011004413118975
1298052000,0.0007462856799700514
1298073600,0.0009860829372021534
1298095200,0.0008314828052062245
1298116800,0.0006068133428880887
1298138400,-0.00015721018955472366
1298160000,-0.00038919147382618347
1298181600,-0.0004970659622278619
1298203200,-0.0008396519419456509
1298224800,-0.0006795296656941797
1298246400,-0.0002751939551667268
1298268000,-0.00044656179756547877
1298289600,-0.00042809488525075634
1298311200,-0.00013045117304632628
1298332800,-0.0007162412007402971
1298354400,-0.002107296490471629
1298376000,-0.002417046630755897
1298397600,-0.0019512373578262172
1298419200,-0.0023250926087824654
1298440800,-0.0028624230786722877
1298462400,-0.003150898991506037
1298484000,-0.002673378286545083
1298505600,-0.0027958865808538225
1298527200,-0.0029834696519313504
1298548800,-0.0037011978032790065
1298570400,-0.0038275636808233725
1298592000,-0.004495472135908058
1298613600,-0.005290902032025861
1298635200,-0.0056035557929011515
1298656800,-0.006217147142983016
1298678400,-0.0071669566085376234
1298700000,-0.006985473953294334
1298721600,-0.0073534008658235105
1298743200,-0.0083834806786755
1298764800,-0.008112101648426618
1298786400,-0.0072443544760118096
1298808000,-0.004779359114684797
1298829600,0.004915792070597902
1298851200,0.007134412288927197
1298872800,0.0070658180394449505
1298894400,0.0071391778604267915
1298916000,0.007082749079893438
1298937600,0.006902542290056661
1298959200,0.006114680744239021
1298980800,0.006365074920757403
1299002400,0.006174186156612105
1299024000,0.005923791386984257
1299045600,0.005305767358128489
1299067200,0.0052016786691685525
1299088800,0.004452999820381868
1299110400,0.0034691984712825184
1299132000,0.004124508205694138
1299153600,0.004176162807691554
1299175200,0.003440588639449414
1299196800,0.0031520562665104768
1299218400,0.0020176458203472803
1299240000,0.0022911349679228875
1299261600,0.0016034489881862307
1299283200,0.0014744946093133032
1299304800,0.0015723283327588112
1299326400,0.0012298387768541756
1299348000,0.0007327670909915416
1299369600,0.000490910584904049
1299391200,0.0003987265825110268
1299412800,-0.00016349304241580187
1299434400,-0.00017459583098816136
1299456000,-0.00045066732782108655
1299477600,-0.0006314477341247074
1299499200,-0.0007087594133009978
1299520800,3.016952060269591e-05
1299542400,0.0005059032033555283
1299564000,0.0005767532138942866
1299585600,0.00019913353672660006
1299607200,0.0006328657090676163
1299628800,0.0007455660062342542
1299650400,0.0002958172040836411
1299672000,0.0006190651472158012
1299693600,0.0009208528721690932
1299715200,0.000729015523736483
1299736800,0.0014142016465769733
1299758400,0.00181970764681351
1299780000,0.0024125213758097396
1299801600,0.0030789419362292126
1299823200,0.0029472241316713674
1299844800,0.001946311625925669
1299866400,0.0016504536419376396
1299888000,0.0016106700028873538
1299909600,0.0012974645969602754
1299931200,0.0015528594475879864
1299952800,0.000994696807064568
1299974400,0.00018924343832880486
1299996000,-5.948731370990028e-05
1300017600,-0.0003216098057802127
1300039200,-0.0014671361706916617
1300060800,-0.004324002218350555
1300082400,-0.005886624562093575
1300104000,-0.0036557692390609873
1300125600,0.005667108738933817
1300147200,0.0072779709254022955
1300168800,0.007144256205788413
1300190400,0.006251531351074231
1300212000,0.002794340502043904
1300233600,-0.010264388015831509
1300255200,-0.01633447482272553
1300276800,-0.017427654053823474
1300298400,-0.01844663183442764
1300320000,-0.01951278655777052
1300341600,-0.020326130330862592
1300363200,-0.02211330337857484
1300384800,-0.02166696859226594
1300406400,-0.01991974646679586
1300428000,-0.007635256379447645
1300449600,-0.004270325913256436
1300471200,-0.003975047167985061
1300492800,-0.003954856204583905
1300514400,-0.005073723449082337
1300536000,-0.00412841349628357
1300557600,-0.00411534792289083
1300579200,-0.0011685409988545948
1300600800,-4.242143148525763e-05
1300622400,0.00123289883386348
1300644000,0.0035127477497222614
1300665600,0.012832920391424796
1300687200,0.014489589664163598
1300708800,0.014564869845457209
1300730400,0.014134123127045836
1300752000,0.01338238035614245
1300773600,0.01029696171471868
1300795200,0.008401204173789503
1300816800,0.008014932959077084
1300838400,0.008046295129293914
1300860000,0.007910684569289301
1300881600,0.006524085619911474
1300903200,0.005361235220665952
1300924800,0.004959966171210011
1300946400,0.003241120451898844
1300968000,0.002878874567000695
1300989600,0.0020187554819693352
1301011200,0.0014382109048690123
1301032800,-4.291529030016973e-05
1301054400,-0.0006632617612317895
1301076000,-0.0009016513383525385
1301097600,-0.0006028790693005382
1301119200,-0.0012290109795951379
1301140800,-0.0022533162690941974
1301162400,-0.0030859930227472494
1301184000,-0.004032689004750325
1301205600,-0.004815124194399586
1301227200,-0.005105145286729815
1301248800,-0.006034067704717753
1301270400,-0.006961172110120906
1301292000,-0.006885952746236508
1301313600,-0.00749919627207505
1301335200,-0.008383905957701242
1301356800,-0.00832672348288272
1301378400,-0.008050309242464962
1301400000,-0.0051799404499711845
1301421600,0.004950378257187155
1301443200,0.007551604630673466
1301464800,0.007714600829945347
1301486400,0.007447723158976243
1301508000,0.007792314404667435
1301529600,0.007575943221738529
1301551200,0.006793132234793256
1301572800,0.0062635794440303125
1301594400,0.006062188442700075
1301616000,0.0050218952040149475
1301637600,0.004239225838503734
1301659200,0.0026780818984185975
1301680800,0.0015712661562223807
1301702400,0.0008929188918581333
1301724000,0.001538361771197103
1301745600,0.0017313870534254121
1301767200,0.0020410200712128756
1301788800,0.002085625087537568
1301810400,0.0015065493641787991
1301832000,0.0018831970332606912
1301853600,0.0013404994237693358
1301875200,0.0015792251260507895
1301896800,0.002143549186857877
1301918400,0.0024299344575928455
1301940000,0.0023922319160175937
1301961600,0.00285662089198068
1301983200,0.002804328398656176
1302004800,0.0029384647543417744
1302026400,0.0026654941245667307
1302048000,0.0030926157761320453
1302069600,0.003274148326504465
1302091200,0.003506083987929305
1302112800,0.004094361120750737
1302134400,0.0051431327226961355
1302156000,0.005184021466304554
1302177600,0.005235145354759527
1302199200,0.006028147964080659
1302220800,0.006945007957259797
1302242400,0.012951513432583852
1302264000,0.029297425331384554
1302285600,0.0333489031200306
1302307200,0.032393143588661674
1302328800,0.024965552697959567
1302350400,-0.0031018727797871223
1302372000,-0.010962255067520958
1302393600,-0.01450198811998684
1302415200,-0.020852589619817702
1302436800,-0.018166821467848468
1302458400,-0.02057914077733225
1302480000,-0.021955977536810587
1302501600,-0.023437376647942366
1302523200,-0.024070046996470865
1302544800,-0.02516716741758432
1302566400,-0.02583972918512967
1302588000,-0.02598065182041506
1302609600,-0.026566676688969573
1302631200,-0.02711099654310681
1302652800,-0.027121368306066963
1302674400,-0.031003974373003
1302696000,-0.0319987724755427
1302717600,-0.028783669279112942
1302739200,-0.02582428764567932
1302760800,-0.013722629355660782
1302782400,-0.01057995128116236
1302804000,-0.008280973768640124
1302825600,-0.0010426140813437328
1302847200,0.022752709256491387
1302868800,0.02927354734390856
1302890400,0.030025122389207723
1302912000,0.029932386193371734
1302933600,0.029578480117507164
1302955200,0.027632150063597826
1302976800,0.020296690488287434
1302998400,0.01661441207815474
1303020000,0.021037234744024788
1303041600,0.021581514933240713
1303063200,0.0216649579636051
1303084800,0.020397039485770405
1303106400,0.018705872598104006
1303128000,0.01781523101545615
1303149600,0.014562370223787459
1303171200,0.005990900461507003
1303192800,-0.0028995532450116364
1303214400,-0.006326898124262291
1303236000,-0.010316177750644133
1303257600,-0.021381336498106487
1303279200,-0.02153461710531611
1303300800,-0.01947383468623615
1303322400,-0.013251786349307612
1303344000,-0.001557063542324298
1303365600,0.0006130539075070128
1303387200,0.00179939555564931
1303408800,0.001680243286836591
1303430400,0.0017548316723412021
1303452000,0.0017169453353220797
1303473600,0.0011520825282371181
1303495200,0.0006697374732179316
1303516800,-0.00015684415471995511
1303538400,-0.003876883538761377
1303560000,-0.012304830865060653
1303581600,-0.011841537887975997
1303603200,-0.0011677013320215365
1303624800,0.001584567492429543
1303646400,0.002115144259947335
1303668000,0.0028874807145043064
1303689600,0.0032631080568986956
1303711200,0.003070571498338919
1303732800,0.002355468416260699
1303754400,0.0005312226603425515
1303776000,-0.000849747630083902
1303797600,-0.00327037011817175
1303819200,-0.011386614324791964
1303840800,-0.015418780627723372
1303862400,-0.01031885339576322
1303884000,-0.008611943379989502
1303905600,-0.00850829994732346
1303927200,-0.009362737387931265
1303948800,-0.010532458408131112
1303970400,-0.011394952658630273
1303992000,-0.010043007235427701
1304013600,-0.004996503545456174
1304035200,-0.0041602355360477045
1304056800,-0.004498143516186715
1304078400,-0.005677104796997452
1304100000,-0.007903645456102082
1304121600,-0.006210880911123307
1304143200,0.0025523869138906236
1304164800,0.005404607622126733
1304186400,0.006597196915136252
1304208000,0.007606894040768745
1304229600,0.012595386522007274
1304251200,0.012128147116033171
1304272800,0.009367628091321304
1304294400,0.016149873446837104
1304316000,0.022939941144189655
1304337600,0.02542320081019708
1304359200,0.026414410524021714
1304380800,0.023220777480573714
1304402400,0.020718316141572924
1304424000,0.02034370224546569
1304445600,0.020083473263103977
1304467200,0.01818911562228019
1304488800,0.014700845891586954
1304510400,0.004674103663550591
1304532000,0.002363567775440706
1304553600,-0.004471646760523977
1304575200,-0.008841716537247754
1304596800,-0.010779170549706365
1304618400,-0.01190687710740525
1304640000,-0.012655037259391731
1304661600,-0.014446304574917246
1304683200,-0.016036333350955518
1304704800,-0.019128976727421042
1304726400,-0.024026972760219895
1304748000,-0.02491341243331897
1304769600,-0.020851654768547865
1304791200,-0.008111552487601188
1304812800,-0.0012718318913410946
1304834400,0.0004457659096703586
1304856000,0.0013251757691842675
1304877600,0.0007883210767404669
1304899200,-0.0008381205696228057
1304920800,-0.003926093139370852
1304942400,-0.006206098282122147
1304964000,-0.010755509840830705
1304985600,-0.0183152149047296
1305007200,-0.017937971478752868
1305028800,-0.005580795154629898
1305050400,-0.0035129362242979374
1305072000,-0.0028112530283049713
1305093600,-0.00312117322829032
1305115200,-0.0035692046185420473
1305136800,-0.004140090562997487
1305158400,-0.005030193404960607
1305180000,-0.004688682732820192
1305201600,-0.003740578124331473
1305223200,-0.006438115252945478
1305244800,-0.013849634720763436
1305266400,-0.012734790007108743
1305288000,0.005471269361201566
1305309600,0.01944808336298809
1305331200,0.022174452403732406
1305352800,0.021473582790738268
1305374400,0.01931150116147577
1305396000,0.015781925681031175
1305417600,0.011367774326498277
1305439200,5.754733772349188e-05
1305460800,-0.002206037120154589
1305482400,0.004793056716325563
1305504000,0.007797832062544735
1305525600,0.007260696615627404
1305547200,0.005843643143196606
1305568800,0.006065095735418697
1305590400,0.0054838806281111456
1305612000,0.005258931063889088
1305633600,0.005348182429096762
1305655200,0.005580110130503435
1305676800,0.005795043481211847
1305698400,0.007085784992236868
1305720000,0.008434044699672133
1305741600,0.00830539862880384
1305763200,0.009049194593188759
1305784800,0.010716484419737764
1305806400,0.0052873312565050795
1305828000,0.003270199727421488
1305849600,0.004108062760642057
1305871200,0.009959834439736616
1305892800,0.01131436606908121
1305914400,0.012292014235132764
1305936000,0.01325061380709754
1305957600,0.011780875682110444
1305979200,0.012118367294672723
1306000800,0.012128254523862137
1306022400,0.009885565633458264
1306044000,-0.001234674221558546
1306065600,-0.0029426067384576314
1306087200,-0.0036670829988967955
1306108800,-0.003914554759236118
1306130400,-0.005276533262167178
1306152000,-0.005446303558693596
1306173600,-0.005114200757742672
1306195200,-0.005427088350508754
1306216800,-0.005895623207103273
1306238400,-0.005925234641795408
1306260000,-0.004800934593643876
1306281600,-0.0055837325344962685
1306303200,-0.010615377072863169
1306324800,-0.003236708044136391
1306346400,-0.0009736023880628334
1306368000,0.001530827966563151
1306389600,0.004154019395883883
1306411200,0.006555411629763404
1306432800,0.009002393757338715
1306454400,0.011591127784644523
1306476000,0.014763805250377517
1306497600,0.017036001618346203
1306519200,0.018834179665849368
1306540800,0.021360623990110843
1306562400,0.025385742373597076
1306584000,0.031188907407450277
1306605600,0.043947290977052016
1306627200,0.048931862762822256
1306648800,0.05209733205154926
1306670400,0.055000825937332534
1306692000,0.05633734337027252
1306713600,0.05861043174793761
1306735200,0.05949394369657705
1306756800,0.06127677417331342
1306778400,0.06281635208281981
1306800000,0.06353035259832616
1306821600,0.06434343694731529
1306843200,0.0643347442154729
1306864800,0.06072038602619441
1306886400,0.04381361831155619
1306908000,-0.02094234951062759
1306929600,-0.04162981618890417
1306951200,-0.05074851907528009
1306972800,-0.058519610763356676
1306994400,-0.06455524351875451
1307016000,-0.06735077357507331
1307037600,-0.0734312283347347
1307059200,-0.07559440405040793
1307080800,-0.07693429817333916
1307102400,-0.07753741263031737
1307124000,-0.07909145317052924
1307145600,-0.07992666157223113
1307167200,-0.08117625430407695
1307188800,-0.08198929477356497
1307210400,-0.08188413739102855
1307232000,-0.0802079107407311
1307253600,-0.07088466618290178
1307275200,-0.06731203446445214
1307296800,-0.06301598284205889
1307318400,-0.050172570180856454
1307340000,-0.045934171052105954
1307361600,-0.04126315942781759
1307383200,-0.03865793313576162
1307404800,-0.03394541851092188
1307426400,-0.01718488523089869
1307448000,-0.012316427762268769
1307469600,-0.009985036975082727
1307491200,-0.009409634468516032
1307512800,-0.010699717956612563
1307534400,-0.01581621388530909
1307556000,-0.01553244589107118
1307577600,-0.005569660472491722
1307599200,0.015213542277343605
1307620800,0.030918815795799463
1307642400,0.034402816007437026
1307664000,0.03508135469080745
1307685600,0.03426556502136647
1307707200,0.029337607766414617
1307728800,0.027434573972260425
1307750400,0.02962376858239971
1307772000,0.03012262460228231
1307793600,0.02956765446839007
1307815200,0.02810667389306944
1307836800,0.027350168805776003
1307858400,0.02553564861458675
1307880000,0.025874366844534383
1307901600,0.029966541154661314
1307923200,0.03046775428800829
1307944800,0.029365385429246174
1307966400,0.028282384916403877
1307988000,0.02733773780255393
1308009600,0.02636393260961057
1308031200,0.025354258891746854
1308052800,0.025617467844768958
1308074400,0.025756294692890914
1308096000,0.024909150542140088
1308117600,0.025988016684313102
1308139200,0.019311684518358442
1308160800,0.018672618557705502
1308182400,0.0191572926932403
1308204000,0.013694121370949473
1308225600,0.014062348687216203
1308247200,0.012973535344649253
1308268800,0.009373134904347036
1308290400,-0.0003161945958054872
1308312000,0.0005877900746541699
1308333600,-0.0005417150081831891
1308355200,1.7731258452500717e-06
1308376800,-0.012117713181050746
1308398400,-0.015508575925214357
1308420000,-0.011403932751880017
1308441600,-0.0009181616213984646
1308463200,-0.0028355816608005816
1308484800,-0.0077144044091302846
1308506400,-0.011496026979854924
1308528000,-0.009296258129582877
1308549600,-0.002846798264617185
1308571200,-0.0003094966495736451
1308592800,-0.006859556882314648
1308614400,-0.012357220838823138
1308636000,-0.008890565656649942
1308657600,-0.005573827238175948
1308679200,0.00011274681564342817
1308700800,-0.008147171111320508
1308722400,-0.012172960316960333
1308744000,-0.011353852145838637
1308765600,-0.007747319645016727
1308787200,-0.00882634213291436
1308808800,0.0013812012414418842
1308830400,0.002435077197226309
1308852000,-0.0037195847502791315
1308873600,-0.008897268578221262
1308895200,-0.005323928036162487
1308916800,-0.0026768429786922657
1308938400,0.002767248702176307
1308960000,-0.0005138235587816569
1308981600,-0.007202100541010254
1309003200,-0.010367062242728233
1309024800,-0.013027922786903078
1309046400,-0.01578096027259491
1309068000,-0.006440595017807485
1309089600,0.0008599070841767248
1309111200,-0.0007029109934979772
1309132800,-0.010963157515935355
1309154400,-0.017709791376985855
1309176000,-0.013601299664963252
1309197600,-0.002687205326886294
1309219200,0.0006590440382736708
1309240800,0.00846819703517895
1309262400,0.01157950225833472
1309284000,0.004857044655120072
1309305600,0.00376767299456552
1309327200,0.004032222662839124
1309348800,0.0011436108375764676
1309370400,0.011822460611084292
1309392000,0.012557341162131084
1309413600,0.006088939194806987
1309435200,0.002109147584874089
1309456800,-0.0026529339671997674
1309478400,0.00024372771404278172
1309500000,0.005841379553379373
1309521600,0.006047398423801564
1309543200,0.001826146107379147
1309564800,-0.004040233387138405
1309586400,0.0004565673165739003
1309608000,-0.0029171110663217905
1309629600,0.0006321994873563075
1309651200,0.0024721423700330486
1309672800,0.004158985170284563
1309694400,0.0028366397207520225
1309716000,0.0019244160917068023
1309737600,-0.0056426736145272416
1309759200,0.0027018657732396666
1309780800,0.002601305668512385
1309802400,0.001586174252574169
1309824000,0.003185846654900016
1309845600,0.003207346285310531
1309867200,0.0015224729489433939
1309888800,0.000595230153075372
1309910400,0.001761336756339488
1309932000,-0.0003563678303452596
1309953600,0.0008003237539380822
1309975200,-0.0012516491633202454
1309996800,0.001403588998881414
1310018400,-0.0007100302399472312
1310040000,0.0016257414705131907
1310061600,0.0021261905906313754
1310083200,-0.0007384056843869386
1310104800,0.0006244040342310559
1310126400,0.0007917867543037315
1310148000,-0.00010719463771296546
1310169600,-0.0037861161029089873
1310191200,-0.0011874032014479595
1310212800,-0.002893283615627541
1310234400,-0.010306805227559248
1310256000,-0.005021007861769296
1310277600,-0.005204308971854206
1310299200,-0.0125419283787352
1310320800,-0.006690281466317583
1310342400,-0.00687466422132816
1310364000,-0.013445689436802952
1310385600,-0.007518016486363017
1310407200,-0.005135739965670199
1310428800,-0.005032650557964168
1310450400,-0.004790272093436677
1310472000,-0.0026913606487046163
1310493600,0.005620232915844302
1310515200,0.001838149734675467
1310536800,0.003966605001866908
1310558400,0.008362878910878124
1310580000,0.009064106768615715
1310601600,0.008662248373547853
1310623200,0.005748024592996673
1310644800,0.0062788604187770216
1310666400,0.006284227164999762
1310688000,0.0005094798495365932
1310709600,0.005212195275269402
1310731200,0.005102367757596872
1310752800,0.0018725472532519628
1310774400,0.003481866305327936
1310796000,0.006058138204714669
1310817600,0.004789334423806475
1310839200,-0.00021910054906444426
1310860800,-0.002055502357661133
1310882400,0.0023691894971595443
1310904000,0.0029457987302581065
1310925600,0.0017504652139617373
1310947200,0.002776600196679768
1310968800,0.002880138659711594
1310990400,0.0031319265697837256
1311012000,0.002732117119458574
1311033600,0.0025413918136364955
1311055200,0.0018020621111717143
1311076800,-0.0014952983749216544
1311098400,-0.0010427983971548955
1311120000,-0.0007902756844603901
1311141600,-0.004146325926665186
1311163200,-0.0003212370211328844
1311184800,-0.00011489511515275096
1311206400,-0.0003711647765166842
1311228000,-0.001022857214288958
1311249600,-0.0005726293795659577
1311271200,-0.0013351756673390179
1311292800,-0.00337629842083886
1311314400,-0.001264618336062534
1311336000,-0.001216273159267836
1311357600,-0.0018571622173361826
1311379200,-0.002108793289730336
1311400800,-0.003639197249397511
1311422400,-0.0046869725163614685
1311444000,-0.010294902186320277
1311465600,-0.005232623285093777
1311487200,-0.00634385589869416
1311508800,-0.015464090133589032
1311530400,-0.010148600892376135
1311552000,-0.008022109032333758
1311573600,-0.009954139083180857
1311595200,-0.01574797428902755
1311616800,-0.011473900461281772
1311638400,-0.008295018208358401
1311660000,-0.00679601264216655
1311681600,-0.0062888607174372705
1311703200,-0.008340773435970316
1311724800,-0.0061377223735464255
1311746400,-0.005751708256923691
1311768000,-0.005928182024428
1311789600,0.004082688681018865
1311811200,0.005548409494704376
1311832800,0.004356396579401747
1311854400,0.001976852343961752
1311876000,0.0017652726444313312
1311897600,0.0019588315056249216
1311919200,-0.001522875083078026
1311940800,-0.0020277502651651555
1311962400,-0.0005261758906442104
1311984000,-0.00045207064986229614
1312005600,0.0002524450662043078
1312027200,-0.0014636674905259771
1312048800,0.0030697428945060104
1312070400,0.006662858863050209
1312092000,0.008270605278131884
1312113600,0.00878287189330985
1312135200,0.009259723619872984
1312156800,0.00838555065808146
1312178400,0.007338510344532312
1312200000,0.00685266984927428
1312221600,0.004244094479727611
1312243200,0.006695231274720316
1312264800,0.006916872512075586
1312286400,0.007627452389379468
1312308000,0.008301271215631715
1312329600,0.008822580863890775
1312351200,0.008804899900785701
1312372800,0.007951580756529207
1312394400,0.007900649258386485
1312416000,0.005762278285337049
1312437600,0.004911901517070211
1312459200,0.005067020753238327
1312480800,0.005350338532324563
1312502400,0.005760766629424344
1312524000,0.005540317733450195
1312545600,0.004351393939642088
1312567200,0.002072620526223331
1312588800,-0.006498849000956835
1312610400,-0.010100928268048278
1312632000,-0.010758494649590706
1312653600,-0.010999465566394548
1312675200,-0.009847052368500076
1312696800,-0.011748593354902581
1312718400,-0.009921259593000754
1312740000,-0.0016858675753309155
1312761600,0.0009100210758720545
1312783200,0.0012795244603421845
1312804800,0.0013125848019995827
1312826400,0.0005207485336738041
1312848000,0.0005056442763796005
1312869600,0.0008911181436172813
1312891200,0.002715015716059569
1312912800,0.0017558700983345784
1312934400,-0.001268485674155358
1312956000,-0.010355820673401565
1312977600,-0.016183725088055052
1312999200,-0.02039693224706874
1313020800,-0.021088245222538243
1313042400,-0.019434750977183588
1313064000,-0.01779561041550906
1313085600,-0.005484664772032415
1313107200,-0.001696195336988158
1313128800,-0.0009566339266452124
1313150400,-0.0014579353662709713
1313172000,-2.1104831411560346e-05
1313193600,0.0015968823935093423
1313215200,0.004013333670552673
1313236800,0.004521145356905788
1313258400,0.0037607210200701147
1313280000,0.004198987418203519
1313301600,0.005487876181836691
1313323200,0.005183453389686652
1313344800,0.005382268529597689
1313366400,0.00481843368843853
1313388000,0.004457714114416575
1313409600,0.004121197976749047
1313431200,0.004184093067242657
1313452800,0.003789068905426467
1313474400,0.002077140016887508
1313496000,0.0018621128317645051
1313517600,0.0019339000646924353
1313539200,0.0017119309194967801
1313560800,0.0016577684540817167
1313582400,0.0028245817515770337
1313604000,0.0037414571125565905
1313625600,0.003485295311033935
1313647200,0.0027112158537630927
1313668800,0.002858619916706068
1313690400,0.0031167808201355385
1313712000,0.0029292980135091256
1313733600,0.00258009832498875
1313755200,0.0018009745599218442
1313776800,0.002000452900370881
1313798400,0.0020222780297529607
1313820000,0.0011237306323389083
1313841600,0.0004886848912496998
1313863200,-0.0003751338541043278
1313884800,-0.0018028278227222015
1313906400,-0.0022927818492472327
1313928000,-0.0032615708154434013
1313949600,-0.0031251583439277147
1313971200,-0.0044680442613788335
1313992800,-0.005517621638953864
1314014400,-0.006803589257615382
1314036000,-0.007572667038292267
1314057600,-0.008423819459591588
1314079200,-0.009213088493209893
1314100800,-0.010846928683411965
1314122400,-0.013267090181906567
1314144000,-0.015123489579900357
1314165600,-0.018665142160439567
1314187200,-0.021224990747123144
1314208800,-0.025208080343623054
1314230400,-0.028954276078663434
1314252000,-0.03217834501136085
1314273600,-0.035447614140517114
1314295200,-0.0385684441989637
1314316800,-0.04120192734067138
1314338400,-0.04372968963039162
1314360000,-0.04336021993001928
1314381600,-0.03624255680536689
1314403200,-0.03661342075712752
1314424800,-0.03810929518989354
1314446400,-0.04095697561052975
1314468000,-0.04382689664203778
1314489600,-0.046604115786259455
1314511200,-0.049334627091874916
1314532800,-0.051230396186141496
1314554400,-0.05131610884810803
1314576000,-0.04643095878843288
1314597600,-0.018695299289810344
1314619200,-0.014475004569938443
1314640800,-0.01615365167963289
1314662400,-0.0193776537714786
1314684000,-0.02280025287669136
1314705600,-0.02470518102515298
1314727200,-0.022165889713401894
1314748800,-0.007486959178179875
1314770400,0.05692824049678758
1314792000,0.07226762132978831
1314813600,0.07186008868937045
1314835200,0.07431351741954609
1314856800,0.07292293162123821
1314878400,0.06921441676243224
1314900000,0.06529909360400532
1314921600,0.0617934744415214
1314943200,0.05798805390428466
1314964800,0.05093019327231894
1314986400,0.03530138636228429
1315008000,0.028208100442238572
1315029600,0.024002660635682998
1315051200,0.021069101233263176
1315072800,0.01924972322042331
1315094400,0.020814296415288064
1315116000,0.021295579508620693
1315137600,0.02594746184505319
1315159200,0.026069376575771994
1315180800,0.023772089855764483
1315202400,0.020453730172951372
1315224000,0.01717850206139902
1315245600,0.010439352467530204
1315267200,0.006869612874944865
1315288800,0.0059094447651141
1315310400,0.01048604687123373
1315332000,0.013172058338965457
1315353600,0.01255607162357888
1315375200,-0.0016677676871806693
1315396800,-0.0035635533862487427
1315418400,0.003473137773305978
1315440000,0.00993240057571958
1315461600,0.011935312598810588
1315483200,0.011134503429423386
1315504800,0.007715946752508059
1315526400,0.005845417528539829
1315548000,0.004142482018836801
1315569600,0.003339985181573899
1315591200,0.0024738146725869336
1315612800,0.0008744361554862362
1315634400,-0.003865414196321665
1315656000,-0.021255224727991753
1315677600,-0.010472389000443366
1315699200,-0.012629566828647522
1315720800,-0.011188796600792882
1315742400,-0.011206917983090002
1315764000,-0.011407868771430556
1315785600,-0.01084046311009285
1315807200,-0.00590642546524923
1315828800,-0.005228177908472959
1315850400,-0.01190664940050053
1315872000,-0.01311548291971541
1315893600,-0.01558520404759069
1315915200,-0.01665659231455438
1315936800,-0.011437257628328267
1315958400,-0.0027238553194939095
1315980000,0.00048489262044111613
1316001600,0.002923702050883569
1316023200,0.003150354352677357
1316044800,0.003918544809506003
1316066400,0.0034014041055236153
1316088000,0.003631166627493766
1316109600,0.005012581083339719
1316131200,0.0006692352439714689
1316152800,-0.0005362524273385904
1316174400,-0.0019131796921449174
1316196000,-0.005206573786507939
1316217600,-0.0035555992140425662
1316239200,0.00647638209840062
1316260800,0.014250382513573169
1316282400,0.016975534854083648
1316304000,0.017803153264916032
1316325600,0.017520265688762002
1316347200,0.016961446342253456
1316368800,0.016780928164067222
1316390400,0.01683382588844753
1316412000,0.01594036932812413
1316433600,0.015172574845233362
1316455200,0.01444724246663644
1316476800,0.014362768236293923
1316498400,0.013469941164485163
1316520000,0.013553028657141626
1316541600,0.013227033318645914
1316563200,0.011832847944594004
1316584800,0.008165276947896007
1316606400,-0.0011981092146908345
1316628000,-0.006000860485991934
1316649600,-0.014404689948057709
1316671200,-0.008200695211905197
1316692800,-0.006509957047640849
1316714400,-0.006214939791324277
1316736000,-0.0062854216031807165
1316757600,-0.005893395786525136
1316779200,-0.006605130291098705
1316800800,-0.008610379270462093
1316822400,-0.009647805459257943
1316844000,-0.009682819042339712
1316865600,-0.010400160413552238
1316887200,-0.011161489873274682
1316908800,-0.010425144655284928
1316930400,-0.009737130826052006
1316952000,-0.006275524727552282
1316973600,0.004293905750481133
1316995200,0.007503556151574924
1317016800,0.0093689459115362
1317038400,0.011442098466614606
1317060000,0.01340914165596001
1317081600,0.016298713428414324
1317103200,0.01833397520555651
1317124800,0.01853400610753497
1317146400,0.015058345100570459
1317168000,0.016432338311602228
1317189600,0.02280567057883408
1317211200,0.026994296978992506
1317232800,0.029957012415296132
1317254400,0.031615094032593244
1317276000,0.034324391340298174
1317297600,0.03608013158247344
1317319200,0.03758868984844449
1317340800,0.039188520562021
1317362400,0.03839851507742514
1317384000,0.033329492097855386
1317405600,0.038820046861232506
1317427200,0.0415839619364158
1317448800,0.04453941029052862
1317470400,0.04985764899359524
1317492000,0.04906374833183532
1317513600,0.0430343161544707
1317535200,0.03380756570879537
1317556800,0.026520523656814385
1317578400,0.025008165670234117
1317600000,0.0244372818696487
1317621600,0.023389104249215135
1317643200,0.01959337088770701
1317664800,0.004558294313293704
1317686400,-0.05729916665641104
1317708000,-0.0754121663133421
1317729600,-0.08202282728671585
1317751200,-0.08215238892995605
1317772800,-0.07312125451803679
1317794400,-0.07166941208310232
1317816000,-0.07336054358495123
1317837600,-0.08131681985411789
1317859200,-0.07046404137109888
1317880800,-0.06590406847385939
1317902400,-0.06466911091497096
1317924000,-0.06419513238011094
1317945600,-0.06418493148784354
1317967200,-0.06354400348906326
1317988800,-0.06399298771237485
1318010400,-0.06274471049245524
1318032000,-0.052734557885499314
1318053600,-0.04940756402315861
1318075200,-0.04724478843739985
1318096800,-0.043396355922884135
1318118400,-0.027329246615526305
1318140000,-0.022058628991747615
1318161600,-0.01965789256018994
1318183200,-0.019079331500204914
1318204800,-0.018722662391738643
1318226400,-0.01742353779558609
1318248000,-0.0137564367571814
1318269600,0.0007995645937870742
1318291200,0.02149625464650239
1318312800,0.02772747416128512
1318334400,0.03156344056863285
1318356000,0.04275385675362013
1318377600,0.0405907614714291
1318399200,0.039367385158172244
1318420800,0.03809826169400923
1318442400,0.03741290533723942
1318464000,0.036889817887144315
1318485600,0.034304683723918705
1318507200,0.0341296791792154
1318528800,0.03586257695548193
1318550400,0.032115791204180025
1318572000,0.03171118948058863
1318593600,0.032764608914853985
1318615200,0.029516015126651873
1318636800,0.031432999924954276
1318658400,0.02847405358148565
1318680000,0.018670540716356945
1318701600,0.009088769289370838
1318723200,0.00392102332663285
1318744800,-0.00253623715016212
1318766400,9.178251761360647e-05
1318788000,0.00028471572715855
1318809600,-2.438731576862854e-05
1318831200,0.007659655310949864
1318852800,0.010943225938751638
1318874400,0.017255797306468444
1318896000,0.01557439748361731
1318917600,0.018704574067637494
1318939200,0.018281203197487342
1318960800,0.011348602270114489
1318982400,0.012954945502959786
1319004000,0.012443091646554407
1319025600,0.01211492302295835
1319047200,0.002151746278319778
1319068800,-0.004277332432429839
1319090400,-0.003731609710125266
1319112000,-0.01242712131015716
1319133600,-0.019280109697602684
1319155200,-0.012238956281040743
1319176800,-0.010497862177943088
1319198400,-0.0036771291065102606
1319220000,-0.004784073611935526
1319241600,-0.0022414396360074815
1319263200,-0.00688081860946771
1319284800,-0.005766002135207975
1319306400,-0.004293096900437646
1319328000,-0.002000876917932919
1319349600,-0.006051480785177468
1319371200,-0.0015495075774923045
1319392800,-0.005116299717791378
1319414400,-0.010643263080090778
1319436000,-0.013161627385178858
1319457600,-0.017368838973994192
1319479200,-0.018576875382586566
1319500800,-0.018619514626719066
1319522400,-0.01169549115936392
1319544000,-0.002070470714655117
1319565600,0.00612555307652638
1319587200,0.002100739657894264
1319608800,0.0012983229931024804
1319630400,0.0017695289611684892
1319652000,0.00040820495803046855
1319673600,0.0002982002317881787
1319695200,0.00903460348015463
1319716800,0.009299578645221948
1319738400,-0.002958223005237303
1319760000,-0.005795741602805381
1319781600,0.006841908701988896
1319803200,0.006442228404620328
1319824800,-0.002947630763378228
1319846400,-0.004983008276446735
1319868000,-0.007915964486521881
1319889600,-0.0033635933805458763
1319911200,0.006682308120549914
1319932800,0.005166983063302691
1319954400,-0.005187002995573793
1319976000,0.002172345697461729
1319997600,0.007007314535219151
1320019200,0.0068954565546079
1320040800,0.007147837429433604
1320062400,0.007405711463054988
1320084000,0.004322378574551188
1320105600,0.0013494298200658612
1320127200,0.0016257788289745297
1320148800,-0.005449119008590181
1320170400,0.0016181579656067415
1320192000,0.0024594191526279446
1320213600,0.002737147165986633
1320235200,0.0014271496333616248
1320256800,0.0005260950009265638
1320278400,-0.005947538307845104
1320300000,0.001382884484163072
1320321600,0.0012416639308527834
1320343200,-0.002830484553420639
1320364800,0.0005637956868736677
1320386400,-0.0028591882064249686
1320408000,-0.002256665608011448
1320429600,-0.010471821358941619
1320451200,-0.0023463045044683096
1320472800,-0.002494531959392662
1320494400,-0.0026031750752661706
1320516000,-0.01208119787395201
1320537600,-0.0058401020142038055
1320559200,-0.0022654792072109176
1320580800,-0.0030952298574054527
1320602400,-0.010589933884402216
1320624000,-0.004478760223918645
1320645600,-0.004768643659183681
1320667200,-0.005172912140969157
1320688800,-0.00454149948931078
1320710400,-0.0044066502188996595
1320732000,-0.0037818697502861806
1320753600,-0.0037907218948264364
1320775200,-0.003765299814173132
1320796800,-0.004047335940139406
1320818400,-0.0045102121849777315
1320840000,-0.0050197699969581795
1320861600,0.006854569413863632
1320883200,0.009183677842644402
1320904800,0.009242059634039469
1320926400,0.00789722465531638
1320948000,0.00276181624164111
1320969600,0.006757026141637544
1320991200,0.007930154287377091
1321012800,0.005203367328699629
1321034400,0.007831518597852785
1321056000,0.008021499857356002
1321077600,0.007640881395575349
1321099200,0.006868419181432623
1321120800,0.006406436880321454
1321142400,0.005066445204765999
1321164000,0.004699182048397642
1321185600,0.0026012278812794663
1321207200,0.003945769206998816
1321228800,0.003764445060689258
1321250400,0.0016991442507889587
1321272000,-0.00022944371498874791
1321293600,-0.00012860370240717553
1321315200,-0.007478037066123963
1321336800,-0.0013562285845543885
1321358400,-0.0009132072333406225
1321380000,-0.007994492876537928
1321401600,-0.0049348012817047844
1321423200,-0.0011157437128443382
1321444800,-0.0011986799043786373
1321466400,-0.0013710989965827502
1321488000,-7.715956238263171e-05
1321509600,0.0012740837985436594
1321531200,0.002012212211919824
1321552800,0.001692479491251671
1321574400,-0.0004492874382712337
1321596000,0.00167043367638348
1321617600,0.0018006759928664018
1321639200,0.0004387781060374362
1321660800,-0.00042829715651424103
1321682400,-0.0071232244189214115
1321704000,-0.0027937414857243537
1321725600,0.00022119981365763706
1321747200,-0.00034003418763298485
1321768800,-0.00025515175555120944
1321790400,-9.849525976315563e-05
1321812000,-0.002114945084001064
1321833600,0.00025359895939223374
1321855200,0.0003015405811318939
1321876800,-0.0008039731956947609
1321898400,-0.00240879333857757
1321920000,-0.007303328165517908
1321941600,-0.003075374660458808
1321963200,-0.002107511516203916
1321984800,-0.00447171966089231
1322006400,-0.007043941185080552
1322028000,-0.0051990968235776465
1322049600,-0.007217307498140956
1322071200,-0.007166698144559452
1322092800,-0.006056148333716447
1322114400,-0.006841537370446078
1322136000,-0.012486236228805023
1322157600,-0.005837844386629241
1322179200,-0.00115655331239549
1322200800,0.0052218627039775
1322222400,0.0020343722896688536
1322244000,0.00601372588189221
1322265600,0.009405469875657617
1322287200,0.009508041688338551
1322308800,0.008697353272013849
1322330400,0.0075666924006137105
1322352000,0.004587515120446928
1322373600,0.005769637815656434
1322395200,0.0059081942869733265
1322416800,0.0064759676758842965
1322438400,0.00580692742031571
1322460000,0.005928861944476152
1322481600,0.006178157153237625
1322503200,0.005762156752545853
1322524800,0.005340067808790882
1322546400,0.0036247521526710236
1322568000,0.0012187363977022017
1322589600,0.0027452624429119945
1322611200,0.0027199265004783485
1322632800,0.0034792273536118244
1322654400,0.0031795440956187107
1322676000,0.0015472299135023387
1322697600,0.000616886582147699
1322719200,-0.006733574854993856
1322740800,-0.00519238471963444
1322762400,-0.0010321498064352608
1322784000,-0.0005379559113662953
1322805600,-0.000681755736124691
1322827200,0.00033645004904974714
1322848800,0.0003281454177634527
1322870400,-0.00023913568196884914
1322892000,-0.003083892269420376
1322913600,-0.001538930386853325
1322935200,-0.0014656509258985442
1322956800,-0.003520066560329786
1322978400,-0.004573529577930563
1323000000,-0.010462049009628967
1323021600,-0.0062853307415427695
1323043200,-0.004359110098770296
1323064800,-0.005998684307732076
1323086400,-0.0063964141499196145
1323108000,-0.01211149118070139
1323129600,-0.007643477425953843
1323151200,-0.005031985835637487
1323172800,-0.00599429067349061
1323194400,-0.006005174437083268
1323216000,-0.006879169622344904
1323237600,-0.009125404021885814
1323259200,-0.01043717426578731
1323280800,-0.019277635409095578
1323302400,-0.013401985542532954
1323324000,-0.012294049581919398
1323345600,-0.012349625159753831
1323367200,-0.012260798975481024
1323388800,-0.012955648792242685
1323410400,-0.01416874177871986
1323432000,-0.011386572116167382
1323453600,-0.0015581627700111923
1323475200,0.0028289647592570208
1323496800,0.006766766314949651
1323518400,0.007850710210628616
1323540000,0.00911983033988677
1323561600,0.00918602757172391
1323583200,0.006467794819598106
1323604800,0.008627530664369222
1323626400,0.008891129189162308
1323648000,0.008840401036584665
1323669600,0.008635360900794753
1323691200,0.007949247017592297
1323712800,0.007663883709674181
1323734400,0.006918224039248083
1323756000,0.0072837687817781105
1323777600,0.00714664328275956
1323799200,0.006423818415910046
1323820800,0.005873772953488586
1323842400,0.0024765705125568372
1323864000,0.003980506439788149
1323885600,0.004321430939912853
1323907200,0.004254193457875319
1323928800,0.003954399191285327
1323950400,0.003655455782850657
1323972000,0.003284540413677313
1323993600,0.0024605732294882324
1324015200,0.002495877170895123
1324036800,0.0008453691722370587
1324058400,-3.223670150340771e-06
1324080000,-0.0008801401359926158
1324101600,-0.0019720202567185285
1324123200,-0.004203790510326813
1324144800,-0.002359194746530089
1324166400,0.00011751181776092178
1324188000,-0.0001952633207524818
1324209600,-0.0006820196028031955
1324231200,-0.0005865154627269211
1324252800,-0.0007752788399919376
1324274400,-0.001066436435366384
1324296000,-0.0010215779682152355
1324317600,-0.0006565306912558422
1324339200,-0.0004384622922869642
1324360800,-0.001155743281398372
1324382400,-0.001130321158622461
1324404000,-0.0010605520927934695
1324425600,-0.0023560729287850175
1324447200,-0.001033285335318028
1324468800,-0.0005531981929075278
1324490400,-0.0008944226149221779
1324512000,-0.0007901262096423482
1324533600,-0.0008544996509642757
1324555200,-0.0005593721402676859
1324576800,-0.0019294263351710647
1324598400,-0.002506843095281209
1324620000,-0.0021918332796431834
1324641600,-0.0026801390614412807
1324663200,-0.0027480083858269625
1324684800,-0.0019565141624167596
1324706400,-0.0020048279897793633
1324728000,0.0007694047856828833
1324749600,0.007720467437688762
1324771200,0.011328518394870495
1324792800,0.008696884787604527
1324814400,0.0073872726826358665
1324836000,0.007195884715917953
1324857600,0.007098462564202551
1324879200,0.007518823663062916
1324900800,0.007915040850817628
1324922400,0.007977304058826615
1324944000,0.0077826727851949135
1324965600,0.007098007000701262
1324987200,0.006256254640950767
1325008800,0.002876457404162943
1325030400,-0.004905569756566016
1325052000,-0.006769237949578379
1325073600,-0.006935622479023867
1325095200,-0.007781323796725973
1325116800,-0.007449628985768381
1325138400,-0.0036015027051222673
1325160000,-0.00643090557030373
1325181600,-0.0011462492684661
1325203200,0.0007687579082440032
1325224800,0.0012099584368117941
1325246400,0.0018302988829342166
1325268000,0.001760009698471994
1325289600,0.0024277243225346206
1325311200,0.0017516457725155494
1325332800,0.001675735275893481
1325354400,0.0025541077258826547
1325376000,0.001683752523246863
1325397600,-0.0033919209606676918
1325419200,-0.006849440256304691
1325440800,-0.009954312267816207
1325462400,-0.010466212280708273
1325484000,-0.011534641968947225
1325505600,-0.01209273189928617
1325527200,-0.010655252818541384
1325548800,-0.007777396643099224
1325570400,-0.004530947981521473
1325592000,-0.003981748579576741
1325613600,-0.0035802518617164825
1325635200,-0.003704298361218275
1325656800,-0.0029809239866485705
1325678400,-0.002197930722385198
1325700000,-0.0017946468468768156
1325721600,-0.001197231357083223
1325743200,-0.0010554626841220585
1325764800,-0.00012643673517195677
1325786400,6.50813180367233e-05
1325808000,-0.0010122189814581798
1325829600,-0.0013298760070572363
1325851200,-0.0006959764636640395
1325872800,-0.0017677727331253791
1325894400,-0.0024531378896198667
1325916000,-0.0020620203171828957
1325937600,-0.0017276626371298702
1325959200,-0.0021901217026105116
1325980800,-0.0016743528270755524
1326002400,-0.0013742287581674597
1326024000,0.0011351029577701564
1326045600,0.011531241717810082
1326067200,0.013711061346521858
1326088800,0.014700866779711401
1326110400,0.014762427149047967
1326132000,0.014779282927303997
1326153600,0.015053404756434104
1326175200,0.014068905135285805
1326196800,0.01363839437299885
1326218400,0.012439840542203304
1326240000,0.011342481624202056
1326261600,0.008983187132186765
1326283200,0.0073748441135857885
1326304800,0.007055748716941187
1326326400,0.005361507390557894
1326348000,0.005279171945705488
1326369600,0.0049345947739361405
1326391200,0.0030244206282267474
1326412800,-0.003460152209637835
1326434400,-0.0016198738357440833
1326456000,-0.007555415332727958
1326477600,-0.009927911387210815
1326499200,-0.011469392786027465
1326520800,-0.012478756217208743
1326542400,-0.015675898696956826
1326564000,-0.018763641365579727
1326585600,-0.021377513219627994
1326607200,-0.0245978324287479
1326628800,-0.027479274756171464
1326650400,-0.0302991496715928
1326672000,-0.03354617472599182
1326693600,-0.03461325783787797
1326715200,-0.030550175894667006
1326736800,-0.030804473589844308
1326758400,-0.031428197579996556
1326780000,-0.03205813038946999
1326801600,-0.03428696421954954
1326823200,-0.03592228804285397
1326844800,-0.03729340118212443
1326866400,-0.036720814527761374
1326888000,-0.038809766591721195
1326909600,-0.03955008505926939
1326931200,-0.042034171556579875
1326952800,-0.04378461001919463
1326974400,-0.04474062793305272
1326996000,-0.0457228938133517
1327017600,-0.04755426598935008
1327039200,-0.04912225405403387
1327060800,-0.0522072427881165
1327082400,-0.055282153493867024
1327104000,-0.056768767317629185
1327125600,-0.05209822518538354
1327147200,-0.032981431125937787
1327168800,0.04552797921922648
1327190400,0.06645726469839935
1327212000,0.06323829804168035
1327233600,0.05943416402984268
1327255200,0.0617346870240818
1327276800,0.058940432310488275
1327298400,0.05629844997135332
1327320000,0.05545748871550049
1327341600,0.05996553025134311
1327363200,0.0511627294589909
1327384800,0.03940237488838033
1327406400,0.035323727352622465
1327428000,0.03157169956748605
1327449600,0.023030239899837126
1327471200,0.023391249959841105
1327492800,0.02353563861773766
1327514400,0.022311536024108642
1327536000,0.02048204835252815
1327557600,0.029694328502145116
1327579200,0.029837041843865944
1327600800,0.028495239220540876
1327622400,0.024530055980605172
1327644000,0.018226984679660708
1327665600,0.014258505525677843
1327687200,0.01065480017812587
1327708800,0.00697896293913504
1327730400,0.012933458362889031
1327752000,0.011625406190275732
1327773600,0.01038266343846947
1327795200,0.011133396555471575
1327816800,0.018385283815204184
1327838400,0.019589664854943782
1327860000,0.015062558033076134
1327881600,0.006171693436625876
1327903200,0.009708076455269327
1327924800,0.010786911059752631
1327946400,0.009175040671020998
1327968000,0.000552322535060548
1327989600,-0.0008055489968866267
1328011200,-0.009583011037875032
1328032800,-0.02198181210830312
1328054400,-0.0258876115584575
1328076000,-0.027704810924631795
1328097600,-0.024338464340191206
1328119200,-0.024684210889953196
1328140800,-0.02880335645484202
1328162400,-0.015937501036925646
1328184000,-0.018901949369368454
1328205600,-0.015979481069415234
1328227200,-0.020408729585261243
1328248800,-0.01612453783212283
1328270400,-0.011661632619316641
1328292000,-0.01447930769760345
1328313600,-0.017303982673266872
1328335200,-0.018088427298396704
1328356800,-0.016067376272794375
1328378400,-0.023745818501243302
1328400000,-0.023105245286567353
1328421600,-0.007396832027720372
1328443200,0.007704682787689251
1328464800,0.014549254721597175
1328486400,0.02074059356122073
1328508000,0.0226489923068975
1328529600,0.024182383961738486
1328551200,0.024612893285684567
1328572800,0.024841520733609655
1328594400,0.02555650458756099
1328616000,0.028094827438665728
1328637600,0.03762212969457434
1328659200,0.03789661102340016
1328680800,0.033660410486648876
1328702400,0.024429218761722507
1328724000,0.020405153465296286
1328745600,0.015841814702483196
1328767200,0.004970203168298378
1328788800,0.0046787944603165505
1328810400,0.0062666275814894585
1328832000,0.006206262536175448
1328853600,0.004796746530372292
1328875200,0.003931601516459528
1328896800,0.002550703968610289
1328918400,0.002433688975448646
1328940000,0.0029987531491690637
1328961600,0.0027350500039782866
1328983200,0.0046272287620506775
1329004800,0.005297038085292566
1329026400,0.005189618789557451
1329048000,0.007617325967621177
1329069600,0.00930602934584904
1329091200,0.01120849874431789
1329112800,0.013796184377088466
1329134400,0.01658974148175558
1329156000,0.019660113453741544
1329177600,0.023942732176069844
1329199200,0.026654404440902144
1329220800,0.029173597684252324
1329242400,0.031430901925680474
1329264000,0.03388402344919532
1329285600,0.037252884108664716
1329307200,0.03916125045161631
1329328800,0.041295269357097396
1329350400,0.04569987777918326
1329372000,0.047315488250795616
1329393600,0.048846524987571055
1329415200,0.04847624028918285
1329436800,0.04468436703745157
1329458400,0.04457762167098429
1329480000,0.04776116887124361
1329501600,0.04151791740233976
1329523200,0.042520887833606004
1329544800,0.05144809859164329
1329566400,0.05305219234439815
1329588000,0.03807525810357026
1329609600,-0.03068770013933
1329631200,-0.056049472385747874
1329652800,-0.06541393567477956
1329674400,-0.07366060875886403
1329696000,-0.07776423179589426
1329717600,-0.08011455919057817
1329739200,-0.08183765125983715
1329760800,-0.08362457913900957
1329782400,-0.08530599956411102
1329804000,-0.08540088966514259
1329825600,-0.0867567372999745
1329847200,-0.0866548630315667
1329868800,-0.08465918410731721
1329890400,-0.07357107847657678
1329912000,-0.06839794386411474
1329933600,-0.05747143749932581
1329955200,-0.05291931739639796
1329976800,-0.04956632292832363
1329998400,-0.03833760646866897
1330020000,-0.03511200736431552
1330041600,-0.034293161778623335
1330063200,-0.035163114691664034
1330084800,-0.03233483399382091
1330106400,-0.0309849898139141
1330128000,-0.03167095154686975
1330149600,-0.03100813209681519
1330171200,-0.03269059029847894
1330192800,-0.02651475969590103
1330214400,-0.009012277738424437
1330236000,0.006081356499963503
1330257600,0.011244871299432923
1330279200,0.017308084835868463
1330300800,0.03590087431754347
1330322400,0.03956735682894061
1330344000,0.04091415858530971
1330365600,0.0399058848850154
1330387200,0.03840851261573619
1330408800,0.03552359422218193
1330430400,0.03402598758271738
1330452000,0.03282597687103232
1330473600,0.031049461367533317
1330495200,0.030021110219858586
1330516800,0.029398111283148152
1330538400,0.027942565023330198
1330560000,0.024408497857054262
1330581600,0.013307008661799992
1330603200,0.015908781731437303
1330624800,0.017469443739241246
1330646400,0.016755513578722913
1330668000,0.01538028703894613
1330689600,0.014525291316199358
1330711200,0.01189663875464527
1330732800,0.010990513895798752
1330754400,0.009144696998977513
1330776000,0.011131502028352901
1330797600,0.008456939057524194
1330819200,0.006909310914214246
1330840800,0.006246522529494591
1330862400,0.0002270746065302676
1330884000,-0.0014188914980822929
1330905600,-0.0005618928672074292
1330927200,-0.01077589489424416
1330948800,-0.010347505020758253
1330970400,-0.008227097569014524
1330992000,-0.009110955818665804
1331013600,-0.0029590986887839655
1331035200,-0.003963026615058953
1331056800,-0.0027343108629862205
1331078400,-0.006666620349874296
1331100000,-0.0201385115682907
1331121600,-0.010437634968820969
1331143200,-0.020096206741535724
1331164800,-0.022387446253851195
1331186400,-0.01718396160225221
1331208000,-0.013505006548750231
1331229600,-0.0027003661235740642
1331251200,0.014214607421065477
1331272800,0.01766300837526224
1331294400,0.014680496616614679
1331316000,0.017764399981632744
1331337600,0.01906035290418444
1331359200,0.016224028400622172
1331380800,0.019525221765027866
1331402400,0.020198036777348067
1331424000,0.019144460801304577
1331445600,0.015207358351332766
1331467200,0.017685735077448448
1331488800,0.01721808310894761
1331510400,0.013171049635639935
1331532000,0.015160227741795956
1331553600,0.013885896220594217
1331575200,0.013696773902873766
1331596800,0.009619080526577806
1331618400,0.011508066331122278
1331640000,0.009107788091226393
1331661600,0.0051867081265595145
1331683200,0.0032356515324547144
1331704800,-0.003918690084161551
1331726400,-0.016887713036543833
1331748000,-0.023955893023971962
1331769600,-0.02395959760098213
1331791200,-0.024330219710414387
1331812800,-0.021631884398544764
1331834400,-0.021159038485523144
1331856000,-0.008814619238434998
1331877600,0.007629851083139065
1331899200,0.03561167459353531
1331920800,0.0650633208564504
1331942400,0.1001141908058536
1331964000,0.13143050393781175
1331985600,0.1622671766437016
1332007200,0.19186843384738053
1332028800,0.23163024628544793
1332050400,0.2660202889861855
1332072000,0.29834515923683164
1332093600,0.3263435998564679
1332115200,0.35606194146346876
1332136800,0.3868722588060916
1332158400,0.41782416795390886
1332180000,0.4509415013947552
1332201600,0.4852373752525215
1332223200,0.522020356382061
1332244800,0.5538224621404695
1332266400,0.5846343237259212
1332288000,0.6132282974240849
1332309600,0.6476605365637308
1332331200,0.6795241410451788
1332352800,0.7099819050939932
1332374400,0.7398167816557969
1332396000,0.7667354771861656
1332417600,0.7981853958040636
1332439200,0.82528565500425
1332460800,0.836332165869461
1332482400,0.7894178560344802
1332504000,0.5378330269805589
1332525600,-0.5291769021429729
1332547200,-0.7832213255840004
1332568800,-0.8272075468967865
1332590400,-0.8174458571149202
1332612000,-0.7900562310469681
1332633600,-0.7603770551751492
1332655200,-0.7310104407340641
1332676800,-0.6998060678267695
1332698400,-0.6703005739325671
1332720000,-0.6391091996562783
1332741600,-0.6083567403368704
1332763200,-0.5779181366842073
1332784800,-0.5468971021518797
1332806400,-0.5176076776944253
1332828000,-0.486733467993849
1332849600,-0.4547760914696669
1332871200,-0.42323921315537294
1332892800,-0.39162947001272674
1332914400,-0.3610489811439462
1332936000,-0.3305015551126426
1332957600,-0.29845097741566473
1332979200,-0.2660977563890299
1333000800,-0.23458940138808934
1333022400,-0.20318031361019961
1333044000,-0.17201066839405427
1333065600,-0.1415151169229919
1333087200,-0.11011747953560762
1333108800,-0.07860444458732517
1333130400,-0.048210163780452085
1333152000,-0.0208770212264577
1333173600,-0.005787535766628866
1333195200,-0.003289431040315926
1333216800,-0.0007748505625040962
1333238400,-0.00013048694596857146
1333260000,-0.00045481481971833835
1333281600,-0.000864262178432803
1333303200,-0.0014170387240706925
1333324800,-0.003507309677194155
1333346400,-0.003892173062877883
1333368000,-0.0035851441987984527
1333389600,-0.004009685689783245
1333411200,-0.004862226663171786
1333432800,-0.005669361507705605
1333454400,-0.005884134678762091
1333476000,-0.004094780709263254
1333497600,-0.003240645096585883
1333519200,-0.0032570532451942297
1333540800,-0.0034685147697965392
1333562400,-0.003816735170558644
1333584000,-0.004018382492411562
1333605600,-0.005181227216118844
1333627200,-0.0037134514976056294
1333648800,-0.003292749301538505
1333670400,-0.003683554272503749
1333692000,-0.003753893007439707
1333713600,-0.003184761564140504
1333735200,-0.0034399175178253024
1333756800,-0.004623559362637822
1333778400,-0.004324747682427036
1333800000,-0.0020925433744736657
1333821600,0.007115674201585463
1333843200,0.00926200101544102
1333864800,0.010041993571033678
1333886400,0.009963559060569697
1333908000,0.008716045363194879
1333929600,0.009249935557897274
1333951200,0.008915591802135225
1333972800,0.008876995662867442
1333994400,0.008582494764620766
1334016000,0.007538774663992614
1334037600,0.006350761637844321
1334059200,0.004311701315788745
1334080800,0.0021068340140375495
1334102400,0.0015884726950933343
1334124000,0.002022124118224717
1334145600,0.002210744071712287
1334167200,0.002232754817486195
1334188800,0.002306221652926222
1334210400,0.0011249535639180632
1334232000,0.001518074699756525
1334253600,0.0005509504712578837
1334275200,-0.0009270323017235363
1334296800,1.873997441116994e-05
1334318400,-0.00016098827012655452
1334340000,-0.00035199538174898634
1334361600,-0.0011374328829189086
1334383200,-0.0017274248232727447
1334404800,-0.002166395440445478
1334426400,-0.002012563423161724
1334448000,-0.0023985137651744938
1334469600,-0.0038216724041630267
1334491200,-0.002530440465058432
1334512800,-0.0017546771659367243
1334534400,-0.0008834684555168036
1334556000,-0.00024623875420995347
1334577600,0.0003299509656302897
1334599200,-0.00020697394599828676
1334620800,-0.0005629108928613845
1334642400,-0.0014857619428327732
1334664000,-0.0017973389325616552
1334685600,-0.002742238072366473
1334707200,-0.0017265991976721505
1334728800,-0.001895930112279695
1334750400,-0.0024798181425713804
1334772000,-0.002457594148369866
1334793600,-0.0023645795587003923
1334815200,-0.002414895316725217
1334836800,-0.0036264095187014244
1334858400,-0.0045727910727783126
1334880000,-0.004963202821639442
1334901600,-0.005835492938181757
1334923200,-0.006616182427787557
1334944800,-0.00784007663231169
1334966400,-0.006645298922731378
1334988000,-0.006058039073769936
1335009600,-0.0055859502263514325
1335031200,-0.0055368697824242
1335052800,-0.005074392689123468
1335074400,-0.004576209557680843
1335096000,-0.001695328412402137
1335117600,0.007784380080979946
1335139200,0.010175240867552355
1335160800,0.0099547359644898
1335182400,0.009221652760865617
1335204000,0.008939034301213582
1335225600,0.006776944761585725
1335247200,0.0061113077650212155
1335268800,0.005520348295788909
1335290400,0.005464147632962237
1335312000,0.005162321432762135
1335333600,0.004921471118005009
1335355200,0.004985949239997559
1335376800,0.004939888267014352
1335398400,0.004072595972580046
1335420000,0.003407179633666813
1335441600,0.00308615065890206
1335463200,0.001776237838788503
1335484800,0.0009504513575843606
1335506400,-0.0010720541142276996
1335528000,-0.0016559005584881217
1335549600,-0.003465387010066006
1335571200,-0.0043727290202401695
1335592800,-0.003369783865602581
1335614400,-0.002447190958022485
1335636000,-0.0026633620289329956
1335657600,-0.0026835141665015358
1335679200,-0.002929217503693826
1335700800,-0.002977537638663314
1335722400,-0.002609154065809988
1335744000,-0.0021198338446578417
1335765600,-0.0016156135546240911
1335787200,-0.0009888543585482544
1335808800,0.00026965704668601977
1335830400,0.0008700543523023662
1335852000,0.0011181573723867556
1335873600,0.0007841531752526478
1335895200,0.0010882614890476482
1335916800,0.0013689598319388766
1335938400,-3.184975440134429e-05
1335960000,-0.0004327882287161794
1335981600,-0.0010098838177387676
1336003200,-0.002189826693808072
1336024800,-0.001291441299931762
1336046400,-0.0011450795047060758
1336068000,-0.001141916573516102
1336089600,-0.0012751232011553966
1336111200,-0.001259214180615913
1336132800,-0.00205787358463444
1336154400,-0.0028341316973783835
1336176000,-0.0032654717083800042
1336197600,-0.003657778711263996
1336219200,-0.004099593157735908
1336240800,-0.004957967861071034
1336262400,-0.006120507604035783
1336284000,-0.006357955699565415
1336305600,-0.0068450061307006975
1336327200,-0.007130832839284076
1336348800,-0.006881733837788201
1336370400,-0.006368617581648425
1336392000,-0.0033999165978523473
1336413600,0.006561059356675948
1336435200,0.009004857956292125
1336456800,0.009572365856808566
1336478400,0.009382909027374915
1336500000,0.00931657442631187
1336521600,0.00985811087360054
1336543200,0.009894552014582066
1336564800,0.009571295379520636
1336586400,0.008789374991829487
1336608000,0.008520270796251481
1336629600,0.008434695423989936
1336651200,0.007269044026702726
1336672800,0.006151189836411846
1336694400,0.0018958929420420678
1336716000,0.000940893131271283
1336737600,0.0003180252893860287
1336759200,2.697915424763253e-05
1336780800,0.00016039267249470357
1336802400,-0.0017517699065792217
1336824000,-0.0012590169847028518
1336845600,-0.0023238076292504146
1336867200,-0.0026417314259496246
1336888800,-0.002490570648972604
1336910400,-0.002348048984840018
1336932000,0.0009945992089179247
1336953600,0.0029082139184314682
1336975200,0.002850807739980086
1336996800,0.0029983977440632974
1337018400,0.0027797620632111658
1337040000,0.002077341795026917
1337061600,0.001168465612036316
1337083200,0.0011613240134538947
1337104800,0.0008110273390297589
1337126400,0.00014406525216027624
1337148000,-0.002958879807945616
1337169600,-0.004117725013353661
1337191200,-0.004705364179788095
1337212800,-0.005285339907976156
1337234400,-0.005917401734059186
1337256000,-0.005955055959405721
1337277600,-0.00623847961793424
1337299200,-0.006276095777466866
1337320800,-0.005802790712735003
1337342400,-0.005978745454840457
1337364000,-0.005555363516081882
1337385600,-0.005412291326901665
1337407200,-0.00606552916156631
1337428800,-0.007214260636998318
1337450400,-0.008859770173741842
1337472000,-0.010138543763057853
1337493600,-0.011811621519863444
1337515200,-0.012782247659346437
1337536800,-0.014679621153050689
1337558400,-0.016415272886810765
1337580000,-0.016264173677837696
1337601600,-0.01570149788512174
1337623200,-0.01631807702949465
1337644800,-0.015361870269734425
1337666400,-0.014419843792720453
1337688000,-0.011727093094986306
1337709600,-0.0020213861979633775
1337731200,0.000512590132866721
1337752800,0.000192011287316774
1337774400,-0.00013640934156535417
1337796000,6.762116450268716e-05
1337817600,0.00042887977879516693
1337839200,-0.00045479506962216656
1337860800,0.0008280021600998722
1337882400,0.008061403563488086
1337904000,0.00983264371690435
1337925600,0.010126333312393916
1337947200,0.00887620097935334
1337968800,0.008668497317738394
1337990400,0.007764089434606437
1338012000,0.008180548166624751
1338033600,0.008252238472726896
1338055200,0.010376210602969565
1338076800,0.01737231862610309
1338098400,0.019683625772987403
1338120000,0.020767166952252815
1338141600,0.020555142250659065
1338163200,0.019972939655498935
1338184800,0.018659170307429838
1338206400,0.015062062842072987
1338228000,0.013622046504939745
1338249600,0.016075225322451637
1338271200,0.014731206950881807
1338292800,0.013959777077166956
1338314400,0.013564174952501501
1338336000,0.011808074760899283
1338357600,0.005309406215510788
1338379200,0.0018736945952403162
1338400800,-0.00013843725943401663
1338422400,-0.001685050365476727
1338444000,-0.0059819895268001235
1338465600,-0.0085801904394056
1338487200,-0.010238592836817783
1338508800,-0.010814150213759591
1338530400,-0.01286487746573608
1338552000,-0.012787430629187527
1338573600,-0.010329475668392192
1338595200,-0.005386524245149951
1338616800,-0.003983640289531195
1338638400,-0.003669405162412207
1338660000,-0.003219489290462107
1338681600,-0.0028320694335267215
1338703200,-0.0037266044910065094
1338724800,-0.007360125030837961
1338746400,-0.008558554799217731
1338768000,-0.007447471627509765
1338789600,-0.008119280188608519
1338811200,-0.007798613624833743
1338832800,-0.005816732347956909
1338854400,-0.005638950990006312
1338876000,-0.005476799738236019
1338897600,-0.005552806365395589
1338919200,-0.005764092426419382
1338940800,-0.006539015012058882
1338962400,-0.010785662703073871
1338984000,-0.008405870089746643
1339005600,0.004241395592156494
1339027200,0.009319761922458411
1339048800,0.01076893212147702
1339070400,0.011400659971470585
1339092000,0.011458538830111447
1339113600,0.011276094780286171
1339135200,0.009797596989213538
1339156800,0.006408639939632451
1339178400,-0.001872612438460625
1339200000,-0.003965434786339193
1339221600,-0.0059464346543530834
1339243200,-0.005355433488649649
1339264800,-0.005281006551971433
1339286400,-0.0065071107736923515
1339308000,-0.0064701238424357335
1339329600,-0.006169606716297724
1339351200,-0.006798795936925702
1339372800,-0.008097115267872752
1339394400,-0.01128222590913942
1339416000,-0.012798625992453069
1339437600,-0.01545831887797776
1339459200,-0.011310192424923989
1339480800,-0.008620091386617719
1339502400,-0.004545437465943856
1339524000,-0.003639423620104423
1339545600,-0.0030836374189760073
1339567200,-0.0025846907582499057
1339588800,-0.001021979290015557
1339610400,0.003188374175580799
1339632000,0.014857189991857695
1339653600,0.01784414852233181
1339675200,0.018907088821838017
1339696800,0.0184995360251287
1339718400,0.01661275819327613
1339740000,0.01486031769752274
1339761600,0.013859179244536965
1339783200,0.015472949253513163
1339804800,0.013112200812968692
1339826400,0.012216143103224296
1339848000,0.015068026158651722
1339869600,0.01535543012394024
1339891200,0.01430780546660971
1339912800,0.008905230562602482
1339934400,0.003448484344069787
1339956000,0.0016963396554584274
1339977600,0.0009958588911042497
1339999200,0.00036263281637292954
1340020800,-0.0011569323592532294
1340042400,-0.0024996571898884615
1340064000,-0.004902437942432507
1340085600,-0.00651211210171737
1340107200,-0.007431377148628136
1340128800,-0.008573863551254527
1340150400,-0.00937946044221244
1340172000,-0.010135788143981788
1340193600,-0.010720424978232591
1340215200,-0.012351131594847643
1340236800,-0.01330724691621598
1340258400,-0.01313693774028163
1340280000,-0.010919098377561191
1340301600,-0.0013012056676446108
1340323200,0.001098079894052524
1340344800,0.0016753199090638858
1340366400,0.0017850043492055212
1340388000,0.0021457208770894786
1340409600,0.0024253673423841023
1340431200,0.0026708973435112665
1340452800,0.002522534677793651
1340474400,-0.0001277631166587201
1340496000,-0.0007973140794206869
1340517600,0.001683063968679056
1340539200,0.0012176811453630488
1340560800,0.0008380315798526662
1340582400,-0.0016597253097858646
1340604000,-0.0023050673501141703
1340625600,-0.0020687465018965597
1340647200,-0.002212287679302893
1340668800,-0.0009762171777235269
1340690400,-0.0011601079579872417
1340712000,0.0011990780829895802
1340733600,0.007136557867775621
1340755200,0.008774465073003689
1340776800,0.009660610031842442
1340798400,0.010926425012174758
1340820000,0.01085355086181518
1340841600,0.008333024279351791
1340863200,0.0030643384326275776
1340884800,-0.0012351989962076455
1340906400,-0.002681880299046979
1340928000,-0.00392840934892453
1340949600,-0.005066154886090407
1340971200,-0.006525368469576811
1340992800,-0.00705097827426049
1341014400,-0.007615593552460533
1341036000,-0.008383982147177619
1341057600,-0.009984704119112746
1341079200,-0.010702931869174837
1341100800,-0.0099160514412793
1341122400,-0.0051494717193751455
1341144000,-0.004357230047679528
1341165600,-0.0032834229663897493
1341187200,-0.0023098993247117785
1341208800,-0.0028533492696917926
1341230400,-0.002114068051710724
1341252000,-0.0015189403078165313
1341273600,-0.0014802623137512051
1341295200,-0.001572917380483466
1341316800,-0.0028613740827441994
1341338400,-0.0043915997482381645
1341360000,-0.005203481439473528
1341381600,-0.006021225827754191
1341403200,-0.006226535227963377
1341424800,-0.007617706688072442
1341446400,-0.007996156683363322
1341468000,-0.007466789838300477
1341489600,-0.007195495110437702
1341511200,-0.007954500658427767
1341532800,-0.00795811859465925
1341554400,-0.00795333139664012
1341576000,-0.005961916077228796
1341597600,0.0032240656318022094
1341619200,0.006252359131106868
1341640800,0.008068361448433887
1341662400,0.011667771030808047
1341684000,0.012333564530427636
1341705600,0.012561324176809953
1341727200,0.011518850203190715
1341748800,0.011726937603159108
1341770400,0.010816494079506175
1341792000,0.009609884609218989
1341813600,0.00903285958204665
1341835200,0.007791303416907445
1341856800,0.007401334612987105
1341878400,0.006740886988459262
1341900000,0.00605951324646865
1341921600,0.005711228819657399
1341943200,0.005310631580421293
1341964800,0.005200024571681926
1341986400,0.0047079180940904014
1342008000,0.004809752950352931
1342029600,0.0038433973974819568
1342051200,0.0034385091831500955
1342072800,0.003023078014489823
1342094400,0.0034198458807792745
1342116000,0.0031606570398915253
1342137600,0.003130674459055746
1342159200,0.0021518152715359873
1342180800,0.0013316777025951763
1342202400,0.00040730478292577986
1342224000,-0.0002905187178372365
1342245600,-0.0014771749094753203
1342267200,-0.0017979579578027715
1342288800,-0.002360784875462841
1342310400,-0.002812938301028387
1342332000,-0.0034308790051696394
1342353600,-0.003988606714456701
1342375200,-0.004827184787772747
1342396800,-0.0050757082109954554
1342418400,-0.005457300009283686
1342440000,-0.005737016986030014
1342461600,-0.005519474650286947
1342483200,-0.00519745291822834
1342504800,-0.004944079942009134
1342526400,-0.004232533858521941
1342548000,-0.0030615555265562032
1342569600,-0.002848433270066639
1342591200,-0.003111907567455771
1342612800,-0.003757104902184984
1342634400,-0.0038831612728049214
1342656000,-0.003935647452429444
1342677600,-0.003784236833939013
1342699200,-0.0031526650204639463
1342720800,-0.0038784771784253083
1342742400,-0.004863928336631634
1342764000,-0.004811897018684516
1342785600,-0.005020759404120817
1342807200,-0.004960395419323338
1342828800,-0.004812824901353945
1342850400,-0.004097974567725161
1342872000,-0.0018102218359322022
1342893600,0.007277941667639035
1342915200,0.009779114329553381
1342936800,0.010048408475786856
1342958400,0.009791654152255705
1342980000,0.009924452282007735
1343001600,0.009433553337626925
1343023200,0.007601228190442168
1343044800,0.006516766136481909
1343066400,0.004913222269043028
1343088000,0.0042566277996336326
1343109600,0.0033585731064282344
1343131200,0.003256544603366452
1343152800,0.003571952823122985
1343174400,0.0029175583686183535
1343196000,0.003815010949485492
1343217600,0.0037671231527489487
1343239200,0.003081866303979325
1343260800,0.0023427098506110427
1343282400,0.0008306159639124496
1343304000,9.892368033219493e-05
1343325600,-0.0006036784309300373
1343347200,-0.0005153524382110996
1343368800,-0.0002842263463517891
1343390400,0.0003543016632879568
1343412000,0.0003604596564492112
1343433600,0.0007543238812763273
1343455200,0.0004599769682641133
1343476800,-0.00027606656922403867
1343498400,-0.0005855825980486398
1343520000,-0.00010692623497568111
1343541600,-0.0002071565100583595
1343563200,-0.00031540032990002903
1343584800,7.258062836436701e-06
1343606400,-0.000236159817011318
1343628000,-0.0005926251537937498
1343649600,-0.0016811842113523157
1343671200,-0.0023319425665980754
1343692800,-0.002978259707748212
1343714400,-0.0049421363171738356
1343736000,-0.0051294109594285184
1343757600,-0.005174826323684808
1343779200,-0.005266881022191417
1343800800,-0.005847208803442142
1343822400,-0.005205702017098522
1343844000,-0.0038601151922914197
1343865600,-0.003284671358099137
1343887200,-0.002360807277184414
1343908800,-0.001882938624102264
1343930400,-0.002300328278923616
1343952000,-0.0032245149583909794
1343973600,-0.0040843844997429405
1343995200,-0.0043997529369328575
1344016800,-0.006075928124953697
1344038400,-0.006992703273173632
1344060000,-0.008065151177793134
1344081600,-0.008968611048743316
1344103200,-0.010334996164286157
1344124800,-0.010651174336104801
1344146400,-0.010488082972205352
1344168000,-0.007870005517785009
1344189600,0.003395673124619269
1344211200,0.008501694527191482
1344232800,0.00982149981203737
1344254400,0.011508863237439352
1344276000,0.01182113219879853
1344297600,0.01146108513659832
1344319200,0.011324225892863847
1344340800,0.010695992138228862
1344362400,0.00984423139670861
1344384000,0.009513056328912856
1344405600,0.008061712467822299
1344427200,0.0022279569386766825
1344448800,0.000513525533783133
1344470400,-0.0008813365372263782
1344492000,-0.0009484354383681643
1344513600,-0.000925793907271073
1344535200,-0.0007885608688777102
1344556800,-0.001282877167970342
1344578400,-0.0024782973588141142
1344600000,-0.0013395729244144309
1344621600,-0.0019287114009556685
1344643200,-0.0016284422174041558
1344664800,0.00027781266457698253
1344686400,0.004889511419680212
1344708000,0.005484288460002306
1344729600,0.00610474661574118
1344751200,0.005918009701058943
1344772800,0.004968937138478972
1344794400,0.004395746567392414
1344816000,0.004744455350134064
1344837600,0.004777906945147375
1344859200,0.004954163965492837
1344880800,0.005326559965004655
1344902400,0.005781922349553752
1344924000,0.005586761038647046
1344945600,0.004273011584594384
1344967200,0.0035889923821349505
1344988800,0.0025895836240172245
1345010400,0.0013000033092371239
1345032000,0.0004541419820965804
1345053600,-0.004232061301944
1345075200,-0.006073415200919757
1345096800,-0.007392233198675956
1345118400,-0.007561573432934347
1345140000,-0.00809009739526428
1345161600,-0.008215948320086503
1345183200,-0.008757008872512989
1345204800,-0.009285645586960788
1345226400,-0.010579706010534406
1345248000,-0.01145871688907643
1345269600,-0.01199484267963664
1345291200,-0.01220057350011459
1345312800,-0.013032075468499688
1345334400,-0.013063267298483398
1345356000,-0.011759877579341419
1345377600,-0.007750012372697316
1345399200,-0.007423515824311148
1345420800,-0.006892752688501076
1345442400,-0.006243890816193313
1345464000,-0.0033386302206208063
1345485600,0.006792711240036859
1345507200,0.009620758607182716
1345528800,0.012006531394650721
1345550400,0.010529474873496723
1345572000,0.013512617044076851
1345593600,0.01501603386464268
1345615200,0.015620187402969662
1345636800,0.01603315781669445
1345658400,0.01573224808640382
1345680000,0.0151517126181108
1345701600,0.013542916884902207
1345723200,0.009542426658981513
1345744800,0.00382077319538361
1345766400,0.0013830874622369435
1345788000,-0.0011039551752156536
1345809600,-0.0005744751583334673
1345831200,0.0002697896780734018
1345852800,0.002799878595303034
1345874400,0.002608298368963214
1345896000,0.0030716399300019337
1345917600,0.00296715816955732
1345939200,0.004698357013393901
1345960800,0.0092942298059649
1345982400,0.010806661666861136
1346004000,0.009571482433994666
1346025600,0.00841084183343334
1346047200,0.004632850669533487
1346068800,0.003901835945476511
1346090400,0.005616001132379205
1346112000,0.008600339719850586
1346133600,0.0069789098585220375
1346155200,-0.004364506818316546
1346176800,-0.006404349482438468
1346198400,-0.003578404391033716
1346220000,-0.005626729379571219
1346241600,-0.006583221642160447
1346263200,-0.005578144047106028
1346284800,-0.004960722899239199
1346306400,-0.005533043346654965
1346328000,-0.0075369924127103045
1346349600,-0.014026533629342242
1346371200,-0.019143440851855962
1346392800,-0.020967785217667192
1346414400,-0.019083109159825785
1346436000,-0.01905789910867417
1346457600,-0.020449388695997526
1346479200,-0.020982063579475806
1346500800,-0.021366266921122035
1346522400,-0.019229655078778562
1346544000,-0.01818890320123667
1346565600,-0.018929097534761265
1346587200,-0.01954599082762759
1346608800,-0.023241494521326896
1346630400,-0.0237744986708478
1346652000,-0.018272035599028277
1346673600,-0.012412631021336204
1346695200,-0.010916555389981196
1346716800,-0.009054197807554317
1346738400,-0.007008594894842246
1346760000,-0.0034466635281995813
1346781600,0.007998873405958723
1346803200,0.012422808335929986
1346824800,0.018309924190600565
1346846400,0.020501129115304405
1346868000,0.021277282714825155
1346889600,0.021524915342636196
1346911200,0.02122635930621125
1346932800,0.020750650365151502
1346954400,0.017634846923258184
1346976000,0.01576673566485944
1346997600,0.015544066143640286
1347019200,0.01673462077886538
1347040800,0.016702027492260435
1347062400,0.013963964315541321
1347084000,0.006492502104470733
1347105600,0.005520857420351504
1347127200,0.007766907977806114
1347148800,0.008083789559906938
1347170400,0.006290004043252527
1347192000,0.00633220609025278
1347213600,0.005024298716985092
1347235200,0.005064069035248031
1347256800,0.004762674322790003
1347278400,0.005067473432445133
1347300000,0.004036897546648419
1347321600,0.003907931653219973
1347343200,0.0031031494365131094
1347364800,0.0025464037129754686
1347386400,0.0024427261390110896
1347408000,0.002384210653182191
1347429600,0.0022407798757917686
1347451200,0.001823681638360988
1347472800,0.0018967265538921087
1347494400,0.002391307409351687
1347516000,0.0021111885896745253
1347537600,0.0013559301748768625
1347559200,0.0009179901954116773
1347580800,0.0007649222976109464
1347602400,0.00012711670027217101
1347624000,-0.00047450171781964064
1347645600,-0.0001970277378561023
1347667200,-0.00037333380319364863
1347688800,-0.001476040597349653
1347710400,-0.000732173140503741
1347732000,-0.0006012010587073088
1347753600,-0.0003247793961801336
1347775200,-0.0009738586359591256
1347796800,-0.001714623512872292
1347818400,-0.002580931089274147
1347840000,-0.003327231277706042
1347861600,-0.007362428952466574
1347883200,-0.008737499919192338
1347904800,-0.007134862082009094
1347926400,-0.0067971398318718524
1347948000,-0.0059073194506515485
1347969600,-0.007775309873956406
1347991200,-0.015063133780247283
1348012800,-0.018109518826727913
1348034400,-0.020961790938426577
1348056000,-0.019095843196598315
1348077600,-0.01002144076683611
1348099200,-0.008335311001288093
1348120800,-0.008186774934646852
1348142400,-0.008223418308821714
1348164000,-0.00791954391162547
1348185600,-0.00804931625845851
1348207200,-0.007929303727220526
1348228800,-0.006185935606677859
1348250400,0.0007370153284708053
1348272000,0.0018218768056407944
1348293600,0.0026124044570568117
1348315200,0.004172495020025043
1348336800,0.005732285016602902
1348358400,0.007652656338338182
1348380000,0.008959985374633727
1348401600,0.009740385321314146
1348423200,0.010106461175249467
1348444800,0.009774455492410997
1348466400,0.009042511170251769
1348488000,0.00978606034498213
1348509600,0.00899594595764555
1348531200,0.00750341816891502
1348552800,0.005067099845845538
1348574400,0.003696689871143482
1348596000,0.003172248929394776
1348617600,0.0047623023015539185
1348639200,0.005036637987657412
1348660800,0.004469295649716704
1348682400,0.003935713289355964
1348704000,0.00308774642150067
1348725600,0.0016528174739851235
1348747200,0.0008929497754959433
1348768800,1.6477001721256426e-05
1348790400,1.5827474056656935e-05
1348812000,-0.0010212218303438008
1348833600,-0.0018265704532335102
1348855200,-0.002449394279308905
1348876800,-0.0025711800924079183
1348898400,-0.002916856732904842
1348920000,-0.0021792469666887097
1348941600,-0.001800293517921164
1348963200,-0.0017548665863906271
1348984800,-0.0016942405502896039
1349006400,-0.0016217395862872595
1349028000,-0.0008977052493409314
1349049600,-0.0007286926755447348
1349071200,-0.0014808248453808425
1349092800,-0.0022867973884993903
1349114400,-0.002959668356486323
1349136000,-0.003985283597607704
1349157600,-0.004317234035408389
1349179200,-0.004673635272528184
1349200800,-0.00639972303084589
1349222400,-0.007131349705610074
1349244000,-0.007064116684327915
1349265600,-0.007620601450449936
1349287200,-0.008104394499180028
1349308800,-0.007929001865843258
1349330400,-0.0075947421316791795
1349352000,-0.004601524305056795
1349373600,0.005994779775206672
1349395200,0.008897445064593607
1349416800,0.009374835579284927
1349438400,0.009627938931219203
1349460000,0.009479949328140651
1349481600,0.00883832196870582
1349503200,0.007485140447636112
1349524800,0.006042729694682606
1349546400,0.005093038392443985
1349568000,0.004949340707338689
1349589600,0.004419379502612683
1349611200,0.0037922648025971637
1349632800,0.003348031211054468
1349654400,0.0025641500557164855
1349676000,0.0031980119498734062
1349697600,0.0031117147116933195
1349719200,0.0034056979039427753
1349740800,0.003187014024603337
1349762400,0.0018131714355718598
1349784000,0.002297782333227423
1349805600,0.001445949762684815
1349827200,0.0010068459282411707
1349848800,0.0016573637775194662
1349870400,0.002274198244906796
1349892000,0.0017441209520912128
1349913600,0.0021575655839586607
1349935200,0.001419338731174258
1349956800,0.0015075403788514573
1349978400,0.0014770756356252061
1350000000,0.001298616261934497
1350021600,0.0012782328556902192
1350043200,0.0010581573798148591
1350064800,0.0010493163645782584
1350086400,0.0015525708285661632
1350108000,0.0017824121519057106
1350129600,0.00172179052972284
1350151200,0.0011855374948275268
1350172800,-0.00024139195968889127
1350194400,-0.0009821934333341343
1350216000,-0.002165310656022294
1350237600,-0.002212293262420463
1350259200,-0.0034271066308974945
1350280800,-0.004741200081892999
1350302400,-0.005640264021399641
1350324000,-0.006579306486636212
1350345600,-0.0064596745926799514
1350367200,-0.0068708168704755945
1350388800,-0.007646882279780353
1350410400,-0.007783574805301096
1350432000,-0.007730560026122806
1350453600,-0.007818064914869352
1350475200,-0.007818199283951175
1350496800,-0.008577383513413417
1350518400,-0.008587142281695067
1350540000,-0.0080925170091991
1350561600,-0.008124394392497923
1350583200,-0.008455938226190993
1350604800,-0.008586470243983105
1350626400,-0.008614712479692397
1350648000,-0.006537244481623048
1350669600,0.0024410994543520364
1350691200,0.005041000620174283
1350712800,0.006148194024807232
1350734400,0.006968518364098292
1350756000,0.007687551754601244
1350777600,0.008120739708047626
1350799200,0.00798977516485479
1350820800,0.007812641615247468
1350842400,0.008277544333421656
1350864000,0.007615172936868698
1350885600,0.006264964514419117
1350907200,0.004483152748982961
1350928800,0.0033057496660827915
1350950400,0.0028304853548969007
1350972000,0.0032692706117627723
1350993600,0.004030629342995986
1351015200,0.004150757121570354
1351036800,0.002890264949106094
1351058400,0.0008741517847009336
1351080000,0.0010210779161130864
1351101600,0.0009978644588839423
1351123200,0.0010439036796852886
1351144800,0.00141489381338635
1351166400,0.001110794115751192
1351188000,0.0006609866949967182
1351209600,0.0003606122478185761
1351231200,-0.00022805266132865532
1351252800,-0.001535949388143332
1351274400,-0.0009763371610461887
1351296000,-0.000739819224199598
1351317600,-0.001163443881551141
1351339200,-0.0015661170764345008
1351360800,-0.0018034226186855382
1351382400,-0.0005278401891731397
1351404000,-0.00019659214459495406
1351425600,-0.0002873775202336106
1351447200,0.00030889172677624644
1351468800,0.00044788186839327115
1351490400,-4.125643657636745e-06
1351512000,-4.4472725321720346e-05
1351533600,-6.839636871718537e-05
1351555200,-0.0008014067828108595
1351576800,-0.0019036323362974894
1351598400,-0.002262600164995625
1351620000,-0.001786107285855555
1351641600,-0.0017749106919946892
1351663200,-0.0021409612152127507
1351684800,-0.002638398034289528
1351706400,-0.003123818712341691
1351728000,-0.0035794494317676717
1351749600,-0.004555661769510079
1351771200,-0.005048806105377156
1351792800,-0.006552219382347781
1351814400,-0.007285497364255744
1351836000,-0.0071442448978456825
1351857600,-0.007130904274494592
1351879200,-0.007229588333744672
1351900800,-0.007106373495168821
1351922400,-0.006182470483632816
1351944000,-0.0035620530221565317
1351965600,0.006449693832606375
1351987200,0.008460495033823113
1352008800,0.00844342373040557
1352030400,0.008688275095033974
1352052000,0.008274264532543577
1352073600,0.007968807312605944
1352095200,0.00707225837587042
1352116800,0.006700308192855791
1352138400,0.006690890012358969
1352160000,0.006350269509933302
1352181600,0.004781039791445204
1352203200,0.0034194844242617767
1352224800,0.0025225124546023065
1352246400,0.0018488467662298163
1352268000,0.002113644148614746
1352289600,0.0017536558539257177
1352311200,0.0015972101440881073
1352332800,0.0011999673150709371
1352354400,0.0001734087864191367
1352376000,-6.439698083148015e-05
1352397600,-2.248891226946622e-06
1352419200,-0.000216573497666559
1352440800,0.0002455129184157693
1352462400,2.539410324809961e-07
1352484000,-0.00046410029770734365
1352505600,7.021574987993086e-05
1352527200,-0.0001812533917536154
1352548800,-3.5249306403800716e-05
1352570400,0.00040881085188257556
1352592000,0.0006043813550260401
1352613600,0.00048650629569084913
1352635200,0.0002270193672410051
1352656800,0.0005704321720665198
1352678400,0.0007659725234063541
1352700000,0.0008489886284524447
1352721600,0.0004705395266927904
1352743200,0.0009561348588137132
1352764800,0.0007036591413283016
1352786400,-0.00036234263798987554
1352808000,-0.0005723723734920432
1352829600,-0.00020833464076386128
1352851200,-0.000870713770661265
1352872800,-0.0011414455773577966
1352894400,-0.0012860723923637238
1352916000,-0.0005875403150771884
1352937600,-7.640881011837031e-05
1352959200,-0.0005787553846793707
1352980800,-0.0018211397904177344
1353002400,-0.002350533747445463
1353024000,-0.0034622187588789423
1353045600,-0.0038963090519356885
1353067200,-0.004531694807503303
1353088800,-0.005770701281053821
1353110400,-0.006432661164210042
1353132000,-0.006685435253685719
1353153600,-0.0072977498585366195
1353175200,-0.008144935526967378
1353196800,-0.009065479110578537
1353218400,-0.009225784684814256
1353240000,-0.006858735704914873
1353261600,0.0030690991325724197
1353283200,0.005211813690264547
1353304800,0.005321703303184521
1353326400,0.005089450272191921
1353348000,0.005421147892743582
1353369600,0.0056321136065738235
1353391200,0.005293011659744602
1353412800,0.0040556515629061735
1353434400,0.0035332995929784994
1353456000,0.0030237285632532785
1353477600,0.003136164512567266
1353499200,0.0020876042336409476
1353520800,0.001584564302220983
1353542400,0.0007778565939455776
1353564000,0.0015697382258238418
1353585600,0.0023955196699709065
1353607200,0.002872107854878901
1353628800,0.002737879581579349
1353650400,0.001749626088345987
1353672000,0.002096149357486019
1353693600,0.0022985188769040522
1353715200,0.002444642244159438
1353736800,0.003286920198959045
1353758400,0.0030805318814385303
1353780000,0.0030764602412232654
1353801600,0.003589538868897484
1353823200,0.003130684342468332
1353844800,0.00282174108352753
1353866400,0.003174016320096154
1353888000,0.0029349593221966682
1353909600,0.002494041058354767
1353931200,0.00270118252950229
1353952800,0.0029914020998677423
1353974400,0.003160551058261543
1353996000,0.0023267631712171628
1354017600,0.002157238969613705
1354039200,0.00219977095728076
1354060800,0.0016996162302171758
1354082400,0.0007841839227930684
1354104000,-0.0007260117376142606
1354125600,-0.006229678988151402
1354147200,-0.008099909357298339
1354168800,-0.009434339318467527
1354190400,-0.00961144555945444
1354212000,-0.009488022750144535
1354233600,-0.008692617007105274
1354255200,-0.009424469197204398
1354276800,-0.01084696983249481
1354298400,-0.011455669861660205
1354320000,-0.011533296824724317
1354341600,-0.010484603948043866
1354363200,-0.005611997465147046
1354384800,-0.005113878698323493
1354406400,-0.004832654434053343
1354428000,-0.0049407405266338085
1354449600,-0.005517757804643582
1354471200,-0.005276143028507772
1354492800,-0.004446938003841859
1354514400,-0.003107618655242602
1354536000,-0.0008512726581528657
1354557600,0.00929800145098229
1354579200,0.012106884388865879
1354600800,0.012302116393629749
1354622400,0.010896469491660097
1354644000,0.014291651769877314
1354665600,0.015469235354429981
1354687200,0.015160729825102633
1354708800,0.015415506286883108
1354730400,0.01369342005996986
1354752000,0.012295067511066786
1354773600,0.011489423012031192
1354795200,0.009480607850168214
1354816800,0.005141702649464888
1354838400,-0.003046595101784481
1354860000,-0.00812108449608684
1354881600,-0.008344985252796028
1354903200,-0.004220841483394323
1354924800,-0.0035370242960055943
1354946400,-0.004154190924680416
1354968000,-0.0035066668572150657
1354989600,-0.0039390887298904765
1355011200,-0.0034286315745753063
1355032800,-0.001163788042540712
1355054400,0.004590442300012404
1355076000,0.006078621170877523
1355097600,0.005663988066121023
1355119200,0.002474113920006311
1355140800,0.0019575866339267556
1355162400,0.004766204717204978
1355184000,0.005009692148000905
1355205600,0.0034448042978137486
1355227200,-0.004207795449972649
1355248800,-0.005468821804544396
1355270400,-0.004321903312897687
1355292000,-0.0004951382688166031
1355313600,-0.0002384261013473999
1355335200,-0.0027042637067427374
1355356800,-0.003938802271076979
1355378400,-0.004239223058258969
1355400000,-0.002447907173520989
1355421600,-0.003640249148488898
1355443200,-0.00816426354263342
1355464800,-0.013505558645571444
1355486400,-0.01138348059375907
1355508000,-0.009510133133509058
1355529600,-0.010886386083966535
1355551200,-0.011457155733073454
1355572800,-0.01221871976808786
1355594400,-0.012936226390184222
1355616000,-0.013018860456583665
1355637600,-0.013687561422757418
1355659200,-0.013990516036119607
1355680800,-0.014605096162017238
1355702400,-0.015516558810987811
1355724000,-0.017493861057116165
1355745600,-0.01565106627204141
1355767200,-0.011579318449482663
1355788800,-0.010332840007944068
1355810400,-0.009479067370203494
1355832000,-0.005968234564449438
1355853600,0.0066305678076206635
1355875200,0.010510319373093852
1355896800,0.013042023117576155
1355918400,0.01809388764207959
1355940000,0.019016861649015053
1355961600,0.02005197331697011
1355983200,0.019826969810748864
1356004800,0.019277180531695633
1356026400,0.018928274111448498
1356048000,0.01810139927527143
1356069600,0.017013870557731188
1356091200,0.01577529772517617
1356112800,0.015236754917523
1356134400,0.013897669861461114
1356156000,0.013463551667892381
1356177600,0.010911828276482832
1356199200,0.0024337790441956416
1356220800,0.000906619714678587
1356242400,0.0017349885032422318
1356264000,0.002193404082714942
1356285600,0.0020633982066833524
1356307200,0.0016160769182445047
1356328800,0.0019340027464608146
1356350400,0.0020428901824000242
1356372000,0.001279129493966799
1356393600,0.001337174889617307
1356415200,0.0009552939468743513
1356436800,0.0005719887872416005
1356458400,-0.00046415191262792906
1356480000,-0.0029783141879096316
1356501600,-0.005149852053317692
1356523200,-0.005260097645277738
1356544800,-0.004413265780734748
1356566400,-0.0016519880134856536
1356588000,-0.0002253630358615433
1356609600,0.00011755352725347207
1356631200,0.0002931018790807316
1356652800,0.00042248914261469855
1356674400,0.0002842516587686629
1356696000,0.0003979413389594997
1356717600,0.0006909354316308911
1356739200,0.0007705738117381673
1356760800,0.000530643430024452
1356782400,0.0001937691140679409
1356804000,0.0007265604061267153
1356825600,0.0006805905064564311
1356847200,0.00018244930663814332
1356868800,-0.0010311966345279548
1356890400,-0.0028015234997802894
1356912000,-0.007110098334727364
1356933600,-0.007295241738815148
1356955200,-0.004420699691763561
1356976800,-0.004318480406227853
1356998400,-0.005142562563330012
1357020000,-0.005162676335869359
1357041600,-0.005406690461229482
1357063200,-0.005728425121605107
1357084800,-0.0048339478761059915
1357106400,-0.004992535741108962
1357128000,-0.005110923505981084
1357149600,-0.001235378598993407
1357171200,-0.0036054373978999807
1357192800,-0.004333536629287255
1357214400,-0.005116289573431563
1357236000,-0.005708776733907978
1357257600,-0.006478122714987708
1357279200,-0.008059424926173033
1357300800,-0.008623564378425269
1357322400,-0.008392548028518918
1357344000,-0.007901230621170766
1357365600,-0.00802008043354619
1357387200,-0.007051240986086496
1357408800,-0.0004298896889559144
1357430400,0.0011228225656154489
1357452000,0.0016957738437129851
1357473600,0.003105570423953988
1357495200,0.003797457423216733
1357516800,0.005629602851715181
1357538400,0.005030265128185849
1357560000,0.0052986906925453926
1357581600,0.005204674265308234
1357603200,0.004739812364638127
1357624800,0.00584778297655263
1357646400,0.005119941048683718
1357668000,0.004127168597708101
1357689600,0.004726548228459287
1357711200,0.005197615511897354
1357732800,0.004873068098419407
1357754400,0.0048044762855169645
1357776000,0.00440980752198735
1357797600,0.0038414890021800864
1357819200,0.0032171838079215706
1357840800,0.0021514011235054258
1357862400,0.0017850421550445641
1357884000,0.0007109925789350012
1357905600,-0.0004326729627415192
1357927200,-0.0007366517454673394
1357948800,-0.0011671732213906793
1357970400,-0.0012993915596248907
1357992000,-0.0002699508683397737
1358013600,-0.0007614898312444152
1358035200,-0.0013429590558602907
1358056800,-0.0015073602383156388
1358078400,-0.0011053578473793067
1358100000,-0.0012438597477479373
1358121600,-0.001072114147015449
1358143200,-0.0010914801682810795
1358164800,-0.0012611557894496262
1358186400,-0.0014222364786535334
1358208000,-0.0016651700864962014
1358229600,-0.001431533015851193
1358251200,-0.0020308262631146337
1358272800,-0.0034058729385618497
1358294400,-0.004308033418280005
1358316000,-0.004337021838398129
1358337600,-0.005226150283034357
1358359200,-0.0059155115075013465
1358380800,-0.005909904295939198
1358402400,-0.006120738464198113
1358424000,-0.0038147930118596113
1358445600,0.005495259568250817
1358467200,0.007339997153395564
1358488800,0.007917705203962781
1358510400,0.007676465099688893
1358532000,0.0074819100355341
1358553600,0.007023486062816547
1358575200,0.006351067679008031
1358596800,0.005935304336006799
1358618400,0.005162827645686817
1358640000,0.004320011458931353
1358661600,0.003608858734305413
1358683200,0.00293845197721193
1358704800,0.0025953905357814716
1358726400,0.0016824713259929321
1358748000,0.0022207284351419493
1358769600,0.0024525740991001733
1358791200,0.001493278850518696
1358812800,0.0008520903681377512
1358834400,-0.0004212669995568177
1358856000,-0.0007315895101257437
1358877600,-0.0010796656631929227
1358899200,-0.0007082050836622601
1358920800,-0.00039017069639416907
1358942400,5.608795522367156e-05
1358964000,0.00041662881866974793
1358985600,0.0007747556211207813
1359007200,-0.00017428532017356915
1359028800,-0.0007571034623846866
1359050400,-0.0014001124908648945
1359072000,-0.0018643199241611323
1359093600,-0.0019665231187226792
1359115200,-0.0020780738252915115
1359136800,-0.0021134534122435517
1359158400,-0.0020792851515781478
1359180000,-0.0018675625561144578
1359201600,-0.002260175473569895
1359223200,-0.001958495270604965
1359244800,-0.0018652243241679648
1359266400,-0.002826917630817492
1359288000,-0.0029412756459097343
1359309600,-0.0010831693317761455
1359331200,-0.0010987122883841746
1359352800,-0.0012506479795666259
1359374400,-0.001111911283718068
1359396000,-0.0010707701892927117
1359417600,-8.365148937019992e-05
1359439200,-0.0007844139377705947
1359460800,-0.0017005256522709335
1359482400,-0.0015903874116722939
1359504000,-0.0016294632166460677
1359525600,-0.0021005098603820976
1359547200,-0.0019005152357259596
1359568800,-0.002409213895409185
1359590400,-0.0029342986899462144
1359612000,-0.002446837390901246
1359633600,-0.002955441253892157
1359655200,-0.004759927514617223
1359676800,-0.005590462464821385
1359698400,-0.006170499577720366
1359720000,-0.004038544580138874
1359741600,0.004366934940299852
1359763200,0.005383107869085384
1359784800,0.004317841368691821
1359806400,0.0034304585036801115
1359828000,0.0027415942968326197
1359849600,0.0025141795845079404
1359871200,0.001585139968914892
1359892800,0.0007500970956803248
1359914400,0.0008298097575850784
1359936000,0.0015029249423637718
1359957600,0.0013146403901755316
1359979200,0.0004211886617907649
1360000800,0.0013413866124266792
1360022400,0.0011954581545463281
1360044000,0.0019093859516910935
1360065600,0.0029737454194700723
1360087200,0.0035319633197242032
1360108800,0.004000819243842845
1360130400,0.0030394811937246337
1360152000,0.002706660853103576
1360173600,0.0020245098716848223
1360195200,0.0018471545340956168
1360216800,0.002135771169619382
1360238400,0.002237297662090601
1360260000,0.001861883902687239
1360281600,0.0016213688182383423
1360303200,0.000588417166606848
1360324800,-0.0002406749365710442
1360346400,-0.00032010275674307245
1360368000,-0.0010794381371949332
1360389600,-0.0017669743131905281
1360411200,-0.001637301626438585
1360432800,-0.0009808224797724745
1360454400,-0.0006343835741731213
1360476000,-0.00024052650249230687
1360497600,-0.0002297752451164206
1360519200,-0.000335972296296366
1360540800,0.00017115042543342364
1360562400,-0.00018206749048049127
1360584000,-5.841030633865643e-05
1360605600,0.0005886706084452217
1360627200,-6.136881796008558e-05
1360648800,-0.0006931270182151066
1360670400,-0.001069398399682277
1360692000,-0.0005122613967139996
1360713600,0.0001055376726974494
1360735200,0.0005666402187222155
1360756800,-0.00018445066239654615
1360778400,-0.0015780552919931157
1360800000,-0.002775984609141813
1360821600,-0.0034916069472311576
1360843200,-0.004132249470592656
1360864800,-0.0055037402068690575
1360886400,-0.0063744454880101465
1360908000,-0.006663831079092445
1360929600,-0.007267079500344783
1360951200,-0.006630206888917147
1360972800,-0.005555642049601539
1360994400,-0.00528507523350293
1361016000,-0.002444520531528606
1361037600,0.007486212089810571
1361059200,0.009127491328513024
1361080800,0.008575443034557423
1361102400,0.007479246544400111
1361124000,0.006990661544465599
1361145600,0.006385923214396577
1361167200,0.005525109587610777
1361188800,0.005685301226495498
1361210400,0.005686729822443497
1361232000,0.00564950223480845
1361253600,0.005044842357740836
1361275200,0.0037740098116026306
1361296800,0.002025158397049429
1361318400,0.0011984781641437936
1361340000,0.001452626792112457
1361361600,0.0013397899265534283
1361383200,0.0015916099212271854
1361404800,0.0015938577853268346
1361426400,0.0011466333751743944
1361448000,0.0019119197288216471
1361469600,0.001668377989258822
1361491200,0.0019828981295299175
1361512800,0.0021889776495575986
1361534400,0.002427755136266407
1361556000,0.002202953563564946
1361577600,0.001957431100133607
1361599200,0.0010475567022273625
1361620800,0.00022403543955031344
1361642400,0.00012108882731619319
1361664000,-0.0007283185995217074
1361685600,-0.0017567882471331848
1361707200,-0.001872939818778609
1361728800,-0.0019359702554570463
1361750400,-0.00174732904203235
1361772000,-0.002699466134120341
1361793600,-0.003553207599928702
1361815200,-0.003911315621021446
1361836800,-0.0045049941326017326
1361858400,-0.004923282357907649
1361880000,-0.004224047533740484
1361901600,-0.0032375577300056526
1361923200,-0.0032843980735315433
1361944800,-0.002745598146158425
1361966400,-0.003081234662975144
1361988000,-0.002396289639085116
1362009600,-0.0023723531000996298
1362031200,-0.0025878863921452114
1362052800,-0.003254370442764583
1362074400,-0.0035741928851992263
1362096000,-0.003731251892189826
1362117600,-0.004248559422552903
1362139200,-0.004485711300741511
1362160800,-0.005618583872401167
1362182400,-0.007118853840208629
1362204000,-0.007358538242308134
1362225600,-0.008268115191329225
1362247200,-0.008227001434040943
1362268800,-0.00833159482635398
1362290400,-0.007782753453168432
1362312000,-0.0050797598418594134
1362333600,0.005582415402966629
1362355200,0.008295262666782793
1362376800,0.009366615031179512
1362398400,0.01001236747670498
1362420000,0.010110311622154151
1362441600,0.010041897135253917
1362463200,0.009786459165849089
1362484800,0.009577348420656403
1362506400,0.008490131522437244
1362528000,0.008000375673026874
1362549600,0.007306138859168801
1362571200,0.005647195985881038
1362592800,0.005579275263326499
1362614400,0.0052725294053332815
1362636000,0.005083645740756893
1362657600,0.00467894963368276
1362679200,0.0036396027571245853
1362700800,0.0025545438023165078
1362722400,0.00046694464593793363
1362744000,0.00018417475903947505
1362765600,-0.00038280970901748173
1362787200,-0.00021915545376470995
1362808800,0.0005725333162557538
1362830400,0.0012747227762943336
1362852000,0.0013776942618727948
1362873600,-4.885393466358217e-05
1362895200,-0.0048948564058502965
1362916800,-0.006973641780874227
1362938400,-0.007885014027068248
1362960000,-0.009027252229873281
1362981600,-0.009792999739438722
1363003200,-0.010104956672264864
1363024800,-0.009933458966236154
1363046400,-0.009577326603752117
1363068000,-0.00860342669346818
1363089600,-0.004358185410717374
1363111200,-0.0030635635100247378
1363132800,-0.0028484701575545194
1363154400,-0.0032504130836645793
1363176000,-0.003065851135258761
1363197600,-0.0028490619667994135
1363219200,-0.002730781963652561
1363240800,-0.002312480492905919
1363262400,-0.0018099577553303582
1363284000,-0.0015290089553207278
1363305600,-0.0009797105639411437
1363327200,0.00037394946866870274
1363348800,0.0046787218833484485
1363370400,0.00468726247891544
1363392000,0.0012042220274858333
1363413600,0.0003006833663651829
1363435200,6.62955883522646e-05
1363456800,5.49284371520116e-06
1363478400,-1.0280051043825847e-05
1363500000,-1.4371711881907335e-05
1363521600,-1.543313330579075e-05
1363543200,-1.570847759351694e-05
1363564800,-1.5779904903233433e-05
1363586400,-1.5798433925990605e-05
1363608000,-1.580324055647548e-05
1363629600,-1.58044874488195e-05
1363651200,-1.58048109062857e-05
1363672800,-1.580489481467838e-05
1363694400,-1.5804916581430112e-05
1363716000,-1.580492222796279e-05
1363737600,-1.580492369273492e-05
1363759200,-1.5804924072712775e-05
1363780800,-1.5804924171283175e-05
1363802400,-1.580492419685341e-05
1363824000,-1.580492420348661e-05
1363845600,-1.5804924205207332e-05
1363867200,-1.5804924205653705e-05
1363888800,-1.5804924205769498e-05
1363910400,-1.5804924205799537e-05
1363932000,-1.580492420580733e-05
1363953600,-1.5804924205809352e-05
1363975200,-1.5804924205809878e-05
1363996800,-1.580492420581001e-05
1364018400,-1.5804924205810044e-05
