timestamp,value
1222819200,0.9984341017833835
1222840800,0.9979121357111782
1222862400,1.000521966072205
1222884000,0.9980861244019135
1222905600,0.9984341017833835
1222927200,0.9989560678555889
1222948800,0.9982601130926483
1222970400,0.9973901696389729
1222992000,0.9973901696389729
1223013600,0.997738147020443
1223035200,0.9970421922575028
1223056800,0.997738147020443
1223078400,0.9805132666376677
1223100000,0.9803392779469329
1223121600,0.9801652892561976
1223143200,0.9792953458025222
1223164800,0.9789473684210517
1223186400,0.9789473684210517
1223208000,0.9791213571117869
1223229600,0.9784254023488468
1223251200,0.9779034362766414
1223272800,0.9768595041322308
1223294400,0.9773814702044361
1223316000,0.9658982166159196
1223337600,0.965550239234449
1223359200,0.9749456285341447
1223380800,0.9740756850804693
1223402400,0.9740756850804693
1223424000,0.9735537190082639
1223445600,0.9740756850804693
1223467200,0.9740756850804693
1223488800,0.9735537190082639
1223510400,0.9732057416267934
1223532000,0.9726837755545881
1223553600,0.9719878207916479
1223575200,0.9558068725532838
1223596800,0.9559808612440182
1223618400,0.9709438886472372
1223640000,0.9705959112657672
1223661600,0.9702479338842971
1223683200,0.9702479338842971
1223704800,0.9698999565028266
1223726400,0.9693779904306212
1223748000,0.9685080469769458
1223769600,0.9685080469769458
1223791200,0.9693779904306212
1223812800,0.9697259678120917
1223834400,0.968334058286211
1223856000,0.9679860809047405
1223877600,0.9646802957807736
1223899200,0.963636363636363
1223920800,0.9643323183993036
1223942400,0.9716398434101778
1223964000,0.9698999565028266
1223985600,0.9601565898216613
1224007200,0.948499347542409
1224028800,0.9363201391909519
1224050400,0.9342322749021306
1224072000,0.9331883427577203
1224093600,0.9338842975206605
1224115200,0.9314484558503691
1224136800,0.931100478468899
1224158400,0.9309264897781637
1224180000,0.9298825576337535
1224201600,0.9269247498912567
1224223200,0.9281426707264022
1224244800,0.9547629404088731
1224266400,0.9558068725532838
1224288000,0.9566768160069592
1224309600,0.9530230535015214
1224331200,0.9530230535015214
1224352800,0.961548499347542
1224374400,0.9613745106568068
1224396000,0.9620704654197474
1224417600,0.9702479338842971
1224439200,0.9697259678120917
1224460800,0.9704219225750319
1224482400,0.9709438886472372
1224504000,0.9700739451935618
1224525600,0.9714658547194426
1224547200,0.9726837755545881
1224568800,0.9725097868638533
1224590400,0.9721618094823832
1224612000,0.9721618094823832
1224633600,0.9726837755545881
1224655200,0.9733797303175287
1224676800,0.9716398434101778
1224698400,0.9719878207916479
1224720000,0.9726837755545881
1224741600,0.9709438886472372
1224763200,0.9695519791213565
1224784800,0.9697259678120917
1224806400,0.9709438886472372
1224828000,0.9692040017398864
1224849600,0.9695519791213565
1224871200,0.9700739451935618
1224892800,0.9692040017398864
1224914400,0.9698999565028266
1224936000,0.9700739451935618
1224957600,0.9695519791213565
1224979200,0.9698999565028266
1225000800,0.9697259678120917
1225022400,0.9709438886472372
1225044000,0.9518051326663759
1225065600,0.9507612005219652
1225087200,0.9500652457590251
1225108800,0.9502392344497599
1225130400,0.95058721183123
1225152000,0.9500652457590251
1225173600,0.9486733362331439
1225195200,0.9547629404088731
1225216800,0.945367551109177
1225238400,0.9441496302740315
1225260000,0.953719008264462
1225281600,0.9443236189647664
1225303200,0.9528490648107866
1225324800,0.9526750761200513
1225346400,0.9438016528925615
1225368000,0.9338842975206605
1225389600,0.9264027838190514
1225411200,0.9319704219225744
1225432800,0.932666376685515
1225454400,0.9229230100043488
1225476000,0.9250108742931706
1225497600,0.9298825576337535
1225519200,0.92431491953023
1225540800,0.9206611570247927
1225562400,0.9236189647672899
1225584000,0.9236189647672899
1225605600,0.9210091344062628
1225627200,0.9084819486733355
1225648800,0.9177033492822959
1225670400,0.9182253153545012
1225692000,0.91648542844715
1225713600,0.9229230100043488
1225735200,0.9328403653762498
1225756800,0.9328403653762498
1225778400,0.9335363201391904
1225800000,0.9241409308394943
1225821600,0.9335363201391904
1225843200,0.914049586776859
1225864800,0.9175293605915606
1225886400,0.9110917790343622
1225908000,0.9149195302305344
1225929600,0.9178773379730312
1225951200,0.9185732927359713
1225972800,0.9173553719008258
1225994400,0.9065680730752494
1226016000,0.9147455415397991
1226037600,0.9137016093953885
1226059200,0.9133536320139184
1226080800,0.90726402783819
1226102400,0.9138755980861237
1226124000,0.9114397564158323
1226145600,0.9130056546324483
1226167200,0.9116137451065676
1226188800,0.8987385819921698
1226210400,0.9098738581992163
1226232000,0.9001304915180506
1226253600,0.9100478468899516
1226275200,0.9105698129621569
1226296800,0.902566333188342
1226318400,0.9058721183123093
1226340000,0.9084819486733355
1226361600,0.9027403218790773
1226383200,0.905698129621574
1226404800,0.8987385819921698
1226426400,0.9048281861678986
1226448000,0.9043062200956933
1226469600,0.905698129621574
1226491200,0.9048281861678986
1226512800,0.8933449325793821
1226534400,0.9008264462809912
1226556000,0.9018703784254019
1226577600,0.904132231404958
1226599200,0.9004784688995211
1226620800,0.8923010004349714
1226642400,0.8975206611570243
1226664000,0.8943888647237923
1226685600,0.9001304915180506
1226707200,0.9001304915180506
1226728800,0.9001304915180506
1226750400,0.8923010004349714
1226772000,0.8989125706829051
1226793600,0.8964767290126137
1226815200,0.8900391474554143
1226836800,0.8976946498477596
1226858400,0.8987385819921698
1226880000,0.8900391474554143
1226901600,0.898564593301435
1226923200,0.8971726837755543
1226944800,0.890735102218355
1226966400,0.8943888647237923
1226988000,0.8905611135276197
1227009600,0.8863853849499774
1227031200,0.8950848194867329
1227052800,0.895432796868203
1227074400,0.8943888647237923
1227096000,0.8943888647237923
1227117600,0.8950848194867329
1227139200,0.8869073510221828
1227160800,0.8902131361461496
1227182400,0.8917790343627661
1227204000,0.8891692040017389
1227225600,0.8923010004349714
1227247200,0.8923010004349714
1227268800,0.8846454980426266
1227290400,0.8889952153110041
1227312000,0.8896911700739443
1227333600,0.898564593301435
1227355200,0.8976946498477596
1227376800,0.9010004349717264
1227398400,0.9079599826011302
1227420000,0.8994345367551104
1227441600,0.9076120052196601
1227463200,0.9084819486733355
1227484800,0.9022183558068719
1227506400,0.9001304915180506
1227528000,0.8975206611570243
1227549600,0.8893431926924742
1227571200,0.8942148760330575
1227592800,0.8936929099608522
1227614400,0.8943888647237923
1227636000,0.8903871248368853
1227657600,0.8896911700739443
1227679200,0.8928229665071767
1227700800,0.8902131361461496
1227722400,0.8898651587646795
1227744000,0.8886472379295336
1227765600,0.8888212266202689
1227787200,0.8851674641148319
1227808800,0.8898651587646795
1227830400,0.891431056981296
1227852000,0.8916050456720304
1227873600,0.8877772944758582
1227895200,0.8799478033927786
1227916800,0.8881252718573283
1227938400,0.8881252718573283
1227960000,0.8886472379295336
1227981600,0.8903871248368853
1228003200,0.8905611135276197
1228024800,0.8895171813832099
1228046400,0.8898651587646795
1228068000,0.8891692040017389
1228089600,0.8900391474554143
1228111200,0.8832535885167458
1228132800,0.8884732492387988
1228154400,0.8889952153110041
1228176000,0.8849934754240967
1228197600,0.8853414528055668
1228219200,0.8841235319704213
1228240800,0.8844715093518913
1228262400,0.8881252718573283
1228284000,0.890735102218355
1228305600,0.8917790343627661
1228327200,0.8999565028273158
1228348800,0.9015224010439318
1228370400,0.9015224010439318
1228392000,0.9022183558068719
1228413600,0.9036102653327527
1228435200,0.9030882992605473
1228456800,0.902566333188342
1228478400,0.9032622879512826
1228500000,0.8968247063940837
1228521600,0.9043062200956933
1228543200,0.9048281861678986
1228564800,0.9043062200956933
1228586400,0.905350152240104
1228608000,0.9060461070030441
1228629600,0.9048281861678986
1228651200,0.9043062200956933
1228672800,0.9043062200956933
1228694400,0.8978686385384944
1228716000,0.9050021748586334
1228737600,0.9044802087864281
1228759200,0.905350152240104
1228780800,0.9044802087864281
1228802400,0.9058721183123093
1228824000,0.905350152240104
1228845600,0.9044802087864281
1228867200,0.9051761635493687
1228888800,0.8990865593736403
1228910400,0.9055241409308388
1228932000,0.9050021748586334
1228953600,0.9069160504567195
1228975200,0.905350152240104
1228996800,0.9055241409308388
1229018400,0.9055241409308388
1229040000,0.9067420617659847
1229061600,0.905698129621574
1229083200,0.9070900391474548
1229104800,0.8999565028273158
1229126400,0.9060461070030441
1229148000,0.9063940843845142
1229169600,0.9065680730752494
1229191200,0.8905611135276197
1229212800,0.8881252718573283
1229234400,0.8876033057851234
1229256000,0.8829056111352753
1229277600,0.8856894301870373
1229299200,0.8849934754240967
1229320800,0.8844715093518913
1229342400,0.8842975206611561
1229364000,0.8802957807742491
1229385600,0.8830795998260106
1229407200,0.8830795998260106
1229428800,0.8849934754240967
1229450400,0.8881252718573283
1229472000,0.8869073510221828
1229493600,0.8846454980426266
1229515200,0.895432796868203
1229536800,0.8961287516311436
1229558400,0.8957807742496735
1229580000,0.8963027403218784
1229601600,0.8961287516311436
1229623200,0.8961287516311436
1229644800,0.8964767290126137
1229666400,0.8973466724662891
1229688000,0.896998695084819
1229709600,0.8966507177033489
1229731200,0.8916050456720304
1229752800,0.8966507177033489
1229774400,0.8976946498477596
1229796000,0.8957807742496735
1229817600,0.8975206611570243
1229839200,0.8975206611570243
1229860800,0.8976946498477596
1229882400,0.8963027403218784
1229904000,0.8964767290126137
1229925600,0.8964767290126137
1229947200,0.896998695084819
1229968800,0.8961287516311436
1229990400,0.8902131361461496
1230012000,0.8963027403218784
1230033600,0.8963027403218784
1230055200,0.8961287516311436
1230076800,0.8964767290126137
1230098400,0.8961287516311436
1230120000,0.8961287516311436
1230141600,0.8966507177033489
1230163200,0.8959547629404083
1230184800,0.8968247063940837
1230206400,0.8959547629404083
1230228000,0.895432796868203
1230249600,0.8971726837755543
1230271200,0.8896911700739443
1230292800,0.8957807742496735
1230314400,0.8949108307959976
1230336000,0.8956067855589382
1230357600,0.8964767290126137
1230379200,0.8950848194867329
1230400800,0.8943888647237923
1230422400,0.8876033057851234
1230444000,0.8888212266202689
1230465600,0.8876033057851234
1230487200,0.8881252718573283
1230508800,0.8876033057851234
1230530400,0.8886472379295336
1230552000,0.8726402783819047
1230573600,0.871596346237494
1230595200,0.8710743801652887
1230616800,0.8698564593301428
1230638400,0.8710743801652887
1230660000,0.871596346237494
1230681600,0.8710743801652887
1230703200,0.870030448020878
1230724800,0.8695084819486727
1230746400,0.8693344932579379
1230768000,0.869682470639408
1230789600,0.8851674641148319
1230811200,0.8872553284036528
1230832800,0.8869073510221828
1230854400,0.8877772944758582
1230876000,0.8856894301870373
1230897600,0.887081339712918
1230919200,0.8867333623314475
1230940800,0.8869073510221828
1230962400,0.891083079599825
1230984000,0.891431056981296
1231005600,0.8853414528055668
1231027200,0.8860374075685074
1231048800,0.8789038712483683
1231070400,0.8776859504132224
1231092000,0.8773379730317523
1231113600,0.8766420182688117
1231135200,0.8806437581557192
1231156800,0.8806437581557192
1231178400,0.876816006959547
1231200000,0.8794258373205737
1231221600,0.8792518486298384
1231243200,0.8740321879077855
1231264800,0.8785558938668978
1231286400,0.8771639843410171
1231308000,0.8782079164854277
1231329600,0.875250108742931
1231351200,0.8705524140930834
1231372800,0.876816006959547
1231394400,0.8747281426707256
1231416000,0.8693344932579379
1231437600,0.8769899956502822
1231459200,0.8733362331448449
1231480800,0.8761200521966064
1231502400,0.876816006959547
1231524000,0.8762940408873416
1231545600,0.8750761200521961
1231567200,0.8757720748151363
1231588800,0.8759460635058716
1231610400,0.8740321879077855
1231632000,0.8256633318834266
1231653600,0.7308394954327966
1231675200,0.864462809917355
1231696800,0.8702044367116133
1231718400,0.8714223575467588
1231740000,0.8797738147020437
1231761600,0.8801217920835138
1231783200,0.8816876903001298
1231804800,0.8813397129186598
1231826400,0.8809917355371892
1231848000,0.8811657242279245
1231869600,0.8804697694649839
1231891200,0.8799478033927786
1231912800,0.8811657242279245
1231934400,0.8827316224445405
1231956000,0.8829056111352753
1231977600,0.8832535885167458
1231999200,0.883949543279686
1232020800,0.8841235319704213
1232042400,0.883949543279686
1232064000,0.8848194867333614
1232085600,0.883949543279686
1232107200,0.8837755545889512
1232128800,0.8846454980426266
1232150400,0.8841235319704213
1232172000,0.8837755545889512
1232193600,0.883949543279686
1232215200,0.8848194867333614
1232236800,0.8842975206611561
1232258400,0.8848194867333614
1232280000,0.8848194867333614
1232301600,0.8801217920835138
1232323200,0.8785558938668978
1232344800,0.8785558938668978
1232366400,0.878381905176163
1232388000,0.878381905176163
1232409600,0.878381905176163
1232431200,0.8771639843410171
1232452800,0.8641148325358845
1232474400,0.8632448890822091
1232496000,0.8623749456285337
1232517600,0.8622009569377984
1232539200,0.8609830361026529
1232560800,0.8604610700304476
1232582400,0.8587211831230968
1232604000,0.8581992170508914
1232625600,0.8590691605045668
1232647200,0.8580252283601557
1232668800,0.8573292735972156
1232690400,0.858547194432361
1232712000,0.8576772509786856
1232733600,0.871248368856024
1232755200,0.8721183123096994
1232776800,0.8717703349282289
1232798400,0.8721183123096994
1232820000,0.8728142670726395
1232841600,0.8721183123096994
1232863200,0.8724662896911695
1232884800,0.8722923010004342
1232906400,0.8771639843410171
1232928000,0.8773379730317523
1232949600,0.876816006959547
1232971200,0.876816006959547
1232992800,0.8769899956502822
1233014400,1.0013919095258803
1233036000,1.0019138755980856
1233057600,1.0017398869073504
1233079200,1.000869943453675
1233100800,1.0036537625054365
1233122400,0.9928664636798601
1233144000,0.9932144410613306
1233165600,0.9930404523705954
1233187200,0.9926924749891253
1233208800,0.993736407133536
1233230400,0.9913005654632445
1233252000,0.9718138321009127
1233273600,0.9705959112657672
1233295200,0.9702479338842971
1233316800,0.968334058286211
1233338400,0.9598086124401908
1233360000,0.9571987820791645
1233381600,0.9561548499347539
1233403200,0.9578947368421047
1233424800,0.9632883862548929
1233446400,0.9853849499782505
1233468000,0.9878207916485424
1233489600,0.9888647237929531
1233511200,0.9878207916485424
1233532800,0.9886907351022178
1233554400,0.988516746411483
1233576000,0.9879947803392777
1233597600,0.9883427577207478
1233619200,0.9848629839060452
1233640800,0.9897346672466285
1233662400,0.9859069160504559
1233684000,0.9744236624619393
1233705600,0.9893866898651584
1233727200,0.999652022618529
1233748800,0.9998260113092643
1233770400,0.9999999999999996
1233792000,0.997738147020443
1233813600,0.9951283166594167
1233835200,0.9975641583297081
1233856800,0.9961722488038274
1233878400,0.9954762940408868
1233900000,0.9966942148760323
1233921600,0.9958242714223569
1233943200,0.9815571987820784
1233964800,0.9798173118747275
1233986400,0.9954762940408868
1234008000,0.9954762940408868
1234029600,0.9944323618964761
1234051200,0.9951283166594167
1234072800,0.9949543279686814
1234094400,0.9947803392779462
1234116000,0.9949543279686814
1234137600,0.9838190517616345
1234159200,0.9852109612875153
1234180800,0.9834710743801645
1234202400,0.9928664636798601
1234224000,0.9728577642453233
1234245600,0.9709438886472372
1234267200,0.9839930404523698
1234288800,0.986602870813396
1234310400,0.986254893431926
1234332000,0.986254893431926
1234353600,0.9864288821226612
1234375200,0.986254893431926
1234396800,0.9792953458025222
1234418400,0.9751196172248795
1234440000,0.9671161374510651
1234461600,0.9695519791213565
1234483200,0.9799913005654624
1234504800,0.9625924314919523
1234526400,0.9418877772944754
1234548000,0.9561548499347539
1234569600,0.9561548499347539
1234591200,0.9568508046976936
1234612800,0.9558068725532838
1234634400,0.9565028273162239
1234656000,0.970769899956502
1234677600,0.9792953458025222
1234699200,0.9801652892561976
1234720800,0.9801652892561976
1234742400,0.9803392779469329
1234764000,0.9812092214006083
1234785600,0.9799913005654624
1234807200,0.9660722053066544
1234828800,0.9864288821226612
1234850400,0.9864288821226612
1234872000,0.9770334928229656
1234893600,0.9775554588951709
1234915200,0.9772074815137008
1234936800,0.9984341017833835
1234958400,0.9982601130926483
1234980000,0.9984341017833835
1235001600,0.9989560678555889
1235023200,0.9982601130926483
1235044800,0.9973901696389729
1235066400,0.9972161809482376
1235088000,0.9965202261852975
1235109600,0.9970421922575028
1235131200,0.9966942148760323
1235152800,0.9966942148760323
1235174400,0.995650282731622
1235196000,0.9968682035667675
1235217600,0.9780774249673763
1235239200,0.9646802957807736
1235260800,0.9625924314919523
1235282400,0.9791213571117869
1235304000,0.9773814702044361
1235325600,0.9779034362766414
1235347200,0.9775554588951709
1235368800,0.9770334928229656
1235390400,0.9761635493692902
1235412000,0.9658982166159196
1235433600,0.9657242279251843
1235455200,0.9744236624619393
1235476800,0.9749456285341447
1235498400,0.973901696389734
1235520000,0.9737277076989987
1235541600,0.9742496737712041
1235563200,0.973901696389734
1235584800,0.9728577642453233
1235606400,0.9733797303175287
1235628000,0.9733797303175287
1235649600,0.9721618094823832
1235671200,0.9721618094823832
1235692800,0.9725097868638533
1235714400,0.9718138321009127
1235736000,0.9719878207916479
1235757600,0.9725097868638533
1235779200,0.9711178773379725
1235800800,0.9709438886472372
1235822400,0.9711178773379725
1235844000,0.9705959112657672
1235865600,0.9700739451935618
1235887200,0.9697259678120917
1235908800,0.970769899956502
1235930400,0.9695519791213565
1235952000,0.9692040017398864
1235973600,0.9685080469769458
1235995200,0.9672901261418003
1236016800,0.968334058286211
1236038400,0.965550239234449
1236060000,0.9643323183993036
1236081600,0.9629404088734228
1236103200,0.9693779904306212
1236124800,0.9700739451935618
1236146400,0.9589386689865154
1236168000,0.948499347542409
1236189600,0.9349282296650712
1236211200,0.9344062635928658
1236232800,0.9347542409743359
1236254400,0.9323183993040445
1236276000,0.9317964332318396
1236297600,0.9314484558503691
1236319200,0.9307525010874289
1236340800,0.9293605915615482
1236362400,0.9290126141800776
1236384000,0.9293605915615482
1236405600,0.9272727272727268
1236427200,0.9552849064810784
1236448800,0.9563288386254891
1236470400,0.9558068725532838
1236492000,0.9620704654197474
1236513600,0.9629404088734228
1236535200,0.9711178773379725
1236556800,0.9719878207916479
1236578400,0.9712918660287073
1236600000,0.9718138321009127
1236621600,0.972335798173118
1236643200,0.9718138321009127
1236664800,0.9726837755545881
1236686400,0.9719878207916479
1236708000,0.9726837755545881
1236729600,0.9732057416267934
1236751200,0.9730317529360586
1236772800,0.9170073945193553
1236794400,0.9147455415397991
1236816000,0.9133536320139184
1236837600,0.9121357111787725
1236859200,0.9114397564158323
1236880800,0.9096998695084815
1236902400,0.9095258808177462
1236924000,0.9058721183123093
1236945600,0.9055241409308388
1236967200,0.9046541974771634
1236988800,0.9048281861678986
1237010400,0.9027403218790773
1237032000,0.9018703784254019
1237053600,0.9013484123531965
1237075200,0.9010004349717264
1237096800,0.9003044802087858
1237118400,0.9114397564158323
1237140000,0.9105698129621569
1237161600,0.9098738581992163
1237183200,0.9103958242714216
1237204800,0.9090039147455409
1237226400,0.9084819486733355
1237248000,0.9088299260548056
1237269600,0.9079599826011302
1237291200,0.90726402783819
1237312800,0.90726402783819
1237334400,0.9076120052196601
1237356000,0.9185732927359713
1237377600,0.9161374510656799
1237399200,0.9163114397564152
1237420800,0.9171813832100906
1237442400,0.9170073945193553
1237464000,0.9150935189212692
1237485600,0.9170073945193553
1237507200,0.9170073945193553
1237528800,0.9170073945193553
1237550400,0.9424097433666803
1237572000,0.9427577207481508
1237593600,0.9434536755110909
1237615200,0.9431056981296209
1237636800,0.9451935624184422
1237658400,0.9444976076555016
1237680000,0.9448455850369717
1237701600,0.9455415397999123
1237723200,0.9455415397999123
1237744800,0.9458895171813824
1237766400,0.945019573727707
1237788000,0.946585471944323
1237809600,0.9467594606350578
1237831200,0.9464114832535877
1237852800,0.9471074380165283
1237874400,0.946585471944323
1237896000,0.9460635058721176
1237917600,0.9464114832535877
1237939200,0.9467594606350578
1237960800,0.946933449325793
1237982400,0.9472814267072631
1238004000,0.9467594606350578
1238025600,0.9467594606350578
1238047200,0.9467594606350578
1238068800,0.9474554153979984
1238090400,0.9462374945628529
1238112000,0.946933449325793
1238133600,0.9472814267072631
1238155200,0.9478033927794685
1238176800,0.9479773814702037
1238198400,0.9434536755110909
1238220000,0.9385819921705081
1238241600,0.9269247498912567
1238263200,0.9330143540669851
1238284800,0.9208351457155275
1238306400,0.9237929534580243
1238328000,0.9277946933449321
1238349600,0.9253588516746407
1238371200,0.929534580252283
1238392800,0.9217050891692038
1238414400,0.9206611570247927
1238436000,0.9234449760765546
1238457600,0.9265767725097862
1238479200,0.9244889082209653
1238500800,0.9246628969116997
1238522400,0.912483688560243
1238544000,0.9246628969116997
1238565600,0.9244889082209653
1238587200,0.9234449760765546
1238608800,0.9236189647672899
1238630400,0.9230969986950845
1238652000,0.9220530665506734
1238673600,0.9232709873858189
1238695200,0.9206611570247927
1238716800,0.9224010439321435
1238738400,0.9185732927359713
1238760000,0.918051326663766
1238781600,0.9183993040452361
1238803200,0.9183993040452361
1238824800,0.9168334058286205
1238846400,0.91648542844715
1238868000,0.9149195302305344
1238889600,0.9149195302305344
1238911200,0.90726402783819
1238932800,0.9032622879512826
1238954400,0.9027403218790773
1238976000,0.8983906046106998
1238997600,0.9116137451065676
1239019200,0.90726402783819
1239040800,0.9063940843845142
1239062400,0.9119617224880376
1239084000,0.9004784688995211
1239105600,0.8997825141365805
1239127200,0.9016963897346666
1239148800,0.9114397564158323
1239170400,0.9114397564158323
1239192000,0.9043062200956933
1239213600,0.9029143105698125
1239235200,0.8983906046106998
1239256800,0.9029143105698125
1239278400,0.9037842540234879
1239300000,0.9050021748586334
1239321600,0.9043062200956933
1239343200,0.9032622879512826
1239364800,0.9016963897346666
1239386400,0.902566333188342
1239408000,0.9022183558068719
1239429600,0.9022183558068719
1239451200,0.9058721183123093
1239472800,0.9043062200956933
1239494400,0.9044802087864281
1239516000,0.9048281861678986
1239537600,0.9046541974771634
1239559200,0.9034362766420179
1239580800,0.904132231404958
1239602400,0.9032622879512826
1239624000,0.9029143105698125
1239645600,0.9051761635493687
1239667200,0.9036102653327527
1239688800,0.9013484123531965
1239710400,0.9023923444976072
1239732000,0.9015224010439318
1239753600,0.9006524575902559
1239775200,0.9010004349717264
1239796800,0.9020443671161367
1239818400,0.9016963897346666
1239840000,0.9001304915180506
1239861600,0.9011744236624613
1239883200,0.9004784688995211
1239904800,0.8997825141365805
1239926400,0.9011744236624613
1239948000,0.8996085254458457
1239969600,0.8926489778164415
1239991200,0.8940408873423222
1240012800,0.8935189212701169
1240034400,0.8947368421052628
1240056000,0.891083079599825
1240077600,0.8912570682905607
1240099200,0.8975206611570243
1240120800,0.8886472379295336
1240142400,0.8912570682905607
1240164000,0.890735102218355
1240185600,0.8917790343627661
1240207200,0.8889952153110041
1240228800,0.8834275772074807
1240250400,0.8923010004349714
1240272000,0.8917790343627661
1240293600,0.891431056981296
1240315200,0.8917790343627661
1240336800,0.891083079599825
1240358400,0.890735102218355
1240380000,0.8898651587646795
1240401600,0.890735102218355
1240423200,0.8902131361461496
1240444800,0.8792518486298384
1240466400,0.8872553284036528
1240488000,0.8856894301870373
1240509600,0.8869073510221828
1240531200,0.8778599391039577
1240552800,0.8869073510221828
1240574400,0.887081339712918
1240596000,0.887081339712918
1240617600,0.8863853849499774
1240639200,0.8867333623314475
1240660800,0.8853414528055668
1240682400,0.8848194867333614
1240704000,0.8846454980426266
1240725600,0.8743801652892556
1240747200,0.8829056111352753
1240768800,0.8815137016093946
1240790400,0.8827316224445405
1240812000,0.8724662896911695
1240833600,0.8813397129186598
1240855200,0.8825576337538052
1240876800,0.8759460635058716
1240898400,0.8755980861244015
1240920000,0.8738581992170502
1240941600,0.8846454980426266
1240963200,0.871248368856024
1240984800,0.875250108742931
1241006400,0.8721183123096994
1241028000,0.876816006959547
1241049600,0.8761200521966064
1241071200,0.8695084819486727
1241092800,0.8724662896911695
1241114400,0.8742061765985203
1241136000,0.8776859504132224
1241157600,0.8757720748151363
1241179200,0.8764680295780769
1241200800,0.8755980861244015
1241222400,0.8764680295780769
1241244000,0.8787298825576331
1241265600,0.8842975206611561
1241287200,0.8856894301870373
1241308800,0.8842975206611561
1241330400,0.885515441496302
1241352000,0.885515441496302
1241373600,0.8869073510221828
1241395200,0.8856894301870373
1241416800,0.8860374075685074
1241438400,0.8858634188777721
1241460000,0.8856894301870373
1241481600,0.8862113962592422
1241503200,0.8886472379295336
1241524800,0.8886472379295336
1241546400,0.8881252718573283
1241568000,0.8891692040017389
1241589600,0.8888212266202689
1241611200,0.8886472379295336
1241632800,0.8882992605480635
1241654400,0.8896911700739443
1241676000,0.8893431926924742
1241697600,0.8888212266202689
1241719200,0.8895171813832099
1241740800,0.8896911700739443
1241762400,0.8900391474554143
1241784000,0.8895171813832099
1241805600,0.8888212266202689
1241827200,0.8893431926924742
1241848800,0.8896911700739443
1241870400,0.8893431926924742
1241892000,0.8900391474554143
1241913600,0.8891692040017389
1241935200,0.8889952153110041
1241956800,0.8896911700739443
1241978400,0.8898651587646795
1242000000,0.8902131361461496
1242021600,0.8900391474554143
1242043200,0.8902131361461496
1242064800,0.8820356676815999
1242086400,0.8811657242279245
1242108000,0.8802957807742491
1242129600,0.8825576337538052
1242151200,0.8830795998260106
1242172800,0.8773379730317523
1242194400,0.8804697694649839
1242216000,0.88238364506307
1242237600,0.8822096563723352
1242259200,0.8822096563723352
1242280800,0.8808177468464544
1242302400,0.8670726402783813
1242324000,0.8672466289691165
1242345600,0.8642888212266198
1242367200,0.8649847759895604
1242388800,0.8646367986080898
1242410400,0.8649847759895604
1242432000,0.8639408438451497
1242453600,0.8641148325358845
1242475200,0.8635928664636796
1242496800,0.8616789908655935
1242518400,0.8627229230100038
1242540000,0.878381905176163
1242561600,0.878381905176163
1242583200,0.8787298825576331
1242604800,0.8776859504132224
1242626400,0.878381905176163
1242648000,0.8787298825576331
1242669600,0.8832535885167458
1242691200,0.8836015658982159
1242712800,0.8815137016093946
1242734400,0.8822096563723352
1242756000,0.8815137016093946
1242777600,0.8818616789908647
1242799200,0.8806437581557192
1242820800,0.8797738147020437
1242842400,0.8818616789908647
1242864000,0.8822096563723352
1242885600,0.88238364506307
1242907200,0.8815137016093946
1242928800,0.8829056111352753
1242950400,0.8827316224445405
1242972000,0.8825576337538052
1242993600,0.88238364506307
1243015200,0.88238364506307
1243036800,0.8825576337538052
1243058400,0.8822096563723352
1243080000,0.8820356676815999
1243101600,0.8822096563723352
1243123200,0.8813397129186598
1243144800,0.8832535885167458
1243166400,0.8818616789908647
1243188000,0.8822096563723352
1243209600,0.8816876903001298
1243231200,0.8825576337538052
1243252800,0.8825576337538052
1243274400,0.8820356676815999
1243296000,0.88238364506307
1243317600,0.88238364506307
1243339200,0.8815137016093946
1243360800,0.8816876903001298
1243382400,0.8816876903001298
1243404000,0.8811657242279245
1243425600,0.8813397129186598
1243447200,0.8822096563723352
1243468800,0.8815137016093946
1243490400,0.8816876903001298
1243512000,0.8820356676815999
1243533600,0.8811657242279245
1243555200,0.8820356676815999
1243576800,0.8815137016093946
1243598400,0.8830795998260106
1243620000,0.8842975206611561
1243641600,0.8851674641148319
1243663200,0.8851674641148319
1243684800,0.8842975206611561
1243706400,0.9076120052196601
1243728000,0.9069160504567195
1243749600,0.9065680730752494
1243771200,0.9063940843845142
1243792800,0.9063940843845142
1243814400,0.8940408873423222
1243836000,0.8896911700739443
1243857600,0.8893431926924742
1243879200,0.8879512831665934
1243900800,0.8853414528055668
1243922400,0.8837755545889512
1243944000,0.8860374075685074
1243965600,0.8853414528055668
1243987200,0.8860374075685074
1244008800,0.8846454980426266
1244030400,0.8837755545889512
1244052000,0.8830795998260106
1244073600,0.8837755545889512
1244095200,0.8849934754240967
1244116800,0.8860374075685074
1244138400,0.8889952153110041
1244160000,0.8936929099608522
1244181600,0.8945628534145276
1244203200,0.8936929099608522
1244224800,0.8943888647237923
1244246400,0.8947368421052628
1244268000,0.8935189212701169
1244289600,0.8936929099608522
1244311200,0.8935189212701169
1244332800,0.8935189212701169
1244354400,0.8936929099608522
1244376000,0.8931709438886468
1244397600,0.8933449325793821
1244419200,0.8938668986515874
1244440800,0.8945628534145276
1244462400,0.8964767290126137
1244484000,0.8950848194867329
1244505600,0.8949108307959976
1244527200,0.895432796868203
1244548800,0.8949108307959976
1244570400,0.8947368421052628
1244592000,0.8957807742496735
1244613600,0.895432796868203
1244635200,0.8964767290126137
1244656800,0.8957807742496735
1244678400,0.8957807742496735
1244700000,0.8959547629404083
1244721600,0.8950848194867329
1244743200,0.8957807742496735
1244764800,0.8942148760330575
1244786400,0.8961287516311436
1244808000,0.8956067855589382
1244829600,0.8961287516311436
1244851200,0.8942148760330575
1244872800,0.8940408873423222
1244894400,0.8935189212701169
1244916000,0.891431056981296
1244937600,0.8876033057851234
1244959200,0.8865593736407127
1244980800,0.8865593736407127
1245002400,0.8858634188777721
1245024000,0.887081339712918
1245045600,0.887081339712918
1245067200,0.8733362331448449
1245088800,0.8726402783819047
1245110400,0.871596346237494
1245132000,0.871248368856024
1245153600,0.8698564593301428
1245175200,0.8698564593301428
1245196800,0.8695084819486727
1245218400,0.870030448020878
1245240000,0.8689865158764674
1245261600,0.8681165724227919
1245283200,0.8677685950413219
1245304800,0.8667246628969112
1245326400,0.8691605045672026
1245348000,0.8802957807742491
1245369600,0.8834275772074807
1245391200,0.8834275772074807
1245412800,0.8822096563723352
1245434400,0.8836015658982159
1245456000,0.8822096563723352
1245477600,0.8842975206611561
1245499200,0.8888212266202689
1245520800,0.8889952153110041
1245542400,0.8882992605480635
1245564000,0.8888212266202689
1245585600,0.8888212266202689
1245607200,0.98468899521531
1245628800,0.9843410178338399
1245650400,0.9845150065245751
1245672000,0.982601130926489
1245693600,0.9836450630708997
1245715200,0.9799913005654624
1245736800,0.9796433231839923
1245758400,0.9787733797303169
1245780000,0.9782514136581115
1245801600,0.9780774249673763
1245823200,0.9777294475859062
1245844800,0.966768160069595
1245866400,0.9643323183993036
1245888000,0.9770334928229656
1245909600,0.9761635493692902
1245931200,0.9773814702044361
1245952800,0.9972161809482376
1245974400,0.9965202261852975
1245996000,0.9843410178338399
1246017600,0.982253153545019
1246039200,0.9963462374945622
1246060800,0.9961722488038274
1246082400,0.9989560678555889
1246104000,0.999652022618529
1246125600,0.9942583732057413
1246147200,0.9923444976076552
1246168800,0.9852109612875153
1246190400,0.9839930404523698
1246212000,0.9904306220095691
1246233600,0.99251848629839
1246255200,0.9921705089169199
1246276800,0.9923444976076552
1246298400,0.9773814702044361
1246320000,0.9765115267507603
1246341600,0.9916485428447146
1246363200,0.9871248368856014
1246384800,0.9829491083079591
1246406400,0.984167029143105
1246428000,0.9853849499782505
1246449600,0.9853849499782505
1246471200,0.984167029143105
1246492800,0.9843410178338399
1246514400,0.9629404088734228
1246536000,0.9629404088734228
1246557600,0.9612005219660715
1246579200,0.959634623749456
1246600800,0.9451935624184422
1246622400,0.9585906916050453
1246644000,0.9585906916050453
1246665600,0.9500652457590251
1246687200,0.9491953023053492
1246708800,0.9732057416267934
1246730400,0.9780774249673763
1246752000,0.9785993910395816
1246773600,0.9798173118747275
1246795200,0.9791213571117869
1246816800,0.9787733797303169
1246838400,0.9785993910395816
1246860000,0.9785993910395816
1246881600,0.970769899956502
1246903200,0.9721618094823832
1246924800,0.9838190517616345
1246946400,0.9749456285341447
1246968000,0.9751196172248795
1246989600,0.9951283166594167
1247011200,0.9949543279686814
1247032800,0.9951283166594167
1247054400,0.994084384515006
1247076000,0.9944323618964761
1247097600,0.9838190517616345
1247119200,0.9845150065245751
1247140800,0.9836450630708997
1247162400,0.9838190517616345
1247184000,0.9709438886472372
1247205600,0.9843410178338399
1247227200,0.9850369725967805
1247248800,0.9612005219660715
1247270400,0.9592866463679854
1247292000,0.9582427142235752
1247313600,0.95806872553284
1247335200,0.9500652457590251
1247356800,0.9479773814702037
1247378400,0.9533710308829919
1247400000,0.9545889517181374
1247421600,0.9686820356676811
1247443200,0.9554588951718128
1247464800,0.9577207481513699
1247486400,0.9598086124401908
1247508000,0.9749456285341447
1247529600,0.9761635493692902
1247551200,0.9751196172248795
1247572800,0.9758155719878201
1247594400,0.9765115267507603
1247616000,0.9766855154414955
1247637600,0.982253153545019
1247659200,0.9944323618964761
1247680800,0.9946063505872114
1247702400,0.9942583732057413
1247724000,0.9944323618964761
1247745600,0.9942583732057413
1247767200,0.9935624184428007
1247788800,0.9959982601130921
1247810400,0.9803392779469329
1247832000,0.9895606785558932
1247853600,0.9852109612875153
1247875200,0.9966942148760323
1247896800,0.9953023053501515
1247918400,0.9968682035667675
1247940000,0.9966942148760323
1247961600,0.9966942148760323
1247983200,0.9991300565463237
1248004800,0.9961722488038274
1248026400,0.9968682035667675
1248048000,0.9963462374945622
1248069600,0.9954762940408868
1248091200,0.9954762940408868
1248112800,0.9963462374945622
1248134400,0.995650282731622
1248156000,0.9759895606785554
1248177600,0.9424097433666803
1248199200,0.9565028273162239
1248220800,0.9565028273162239
1248242400,0.9558068725532838
1248264000,0.9547629404088731
1248285600,0.9538929969551977
1248307200,0.94136581122227
1248328800,0.9406698564593294
1248350400,0.9399739016963893
1248372000,0.9290126141800776
1248393600,0.9290126141800776
1248415200,0.9276207046541969
1248436800,0.9354501957372765
1248458400,0.9361461505002171
1248480000,0.9340582862113957
1248501600,0.9328403653762498
1248523200,0.9340582862113957
1248544800,0.9323183993040445
1248566400,0.9309264897781637
1248588000,0.9324923879947797
1248609600,0.9305785123966936
1248631200,0.9288386254893428
1248652800,0.9293605915615482
1248674400,0.9281426707264022
1248696000,0.9291866028708129
1248717600,0.9291866028708129
1248739200,0.9277946933449321
1248760800,0.9269247498912567
1248782400,0.925880817746846
1248804000,0.9248368856024354
1248825600,0.9253588516746407
1248847200,0.9257068290561108
1248868800,0.9248368856024354
1248890400,0.9248368856024354
1248912000,0.9227490213136136
1248933600,0.9227490213136136
1248955200,0.9479773814702037
1248976800,0.946933449325793
1248998400,0.9474554153979984
1249020000,0.9530230535015214
1249041600,0.953719008264462
1249063200,0.9627664201826875
1249084800,0.9373640713353626
1249106400,0.9363201391909519
1249128000,0.9349282296650712
1249149600,0.9349282296650712
1249171200,0.9347542409743359
1249192800,0.9338842975206605
1249214400,0.9333623314484552
1249236000,0.9317964332318396
1249257600,0.9323183993040445
1249279200,0.9314484558503691
1249300800,0.9592866463679854
1249322400,0.9610265332753367
1249344000,0.9601565898216613
1249365600,0.9620704654197474
1249387200,0.9622444541104822
1249408800,0.9627664201826875
1249430400,0.9622444541104822
1249452000,0.963636363636363
1249473600,0.9472814267072631
1249495200,0.946933449325793
1249516800,0.961548499347542
1249538400,0.9618964767290121
1249560000,0.9625924314919523
1249581600,0.9622444541104822
1249603200,0.9629404088734228
1249624800,0.961548499347542
1249646400,0.9627664201826875
1249668000,0.9627664201826875
1249689600,0.9624184428012175
1249711200,0.9629404088734228
1249732800,0.9622444541104822
1249754400,0.9627664201826875
1249776000,0.9629404088734228
1249797600,0.9629404088734228
1249819200,0.9624184428012175
1249840800,0.9625924314919523
1249862400,0.9627664201826875
1249884000,0.9857329273597206
1249905600,0.9850369725967805
1249927200,0.9855589386689858
1249948800,0.986950848194867
1249970400,0.9857329273597206
1249992000,0.9568508046976936
1250013600,0.9544149630274021
1250035200,0.9538929969551977
1250056800,0.9530230535015214
1250078400,0.9516311439756406
1250100000,0.9526750761200513
1250121600,0.9512831665941706
1250143200,0.9765115267507603
1250164800,0.9777294475859062
1250186400,0.9773814702044361
1250208000,0.9780774249673763
1250229600,0.9779034362766414
1250251200,0.9770334928229656
1250272800,0.9775554588951709
1250294400,0.9775554588951709
1250316000,0.9777294475859062
1250337600,0.9770334928229656
1250359200,0.9761635493692902
1250380800,0.9782514136581115
1250402400,0.9775554588951709
1250424000,0.9721618094823832
1250445600,0.9665941713788597
1250467200,0.9444976076555016
1250488800,0.9502392344497599
1250510400,0.9493692909960845
1250532000,0.9476294040887336
1250553600,0.9563288386254891
1250575200,0.95841670291431
1250596800,0.9478033927794685
1250618400,0.9458895171813824
1250640000,0.9438016528925615
1250661600,0.95058721183123
1250683200,0.9544149630274021
1250704800,0.9490213136146144
1250726400,0.9436276642018262
1250748000,0.9441496302740315
1250769600,0.9490213136146144
1250791200,0.953719008264462
1250812800,0.9471074380165283
1250834400,0.9542409743366673
1250856000,0.9551109177903427
1250877600,0.9549369290996075
1250899200,0.9559808612440182
1250920800,0.9565028273162239
1250942400,0.9561548499347539
1250964000,0.963636363636363
1250985600,0.9631143975641576
1251007200,0.965202261852979
1251028800,0.9638103523270982
1251050400,0.9650282731622437
1251072000,0.9645063070900384
1251093600,0.9613745106568068
1251115200,0.9617224880382769
1251136800,0.9617224880382769
1251158400,0.9608525445846015
1251180000,0.961548499347542
1251201600,0.9612005219660715
1251223200,0.963636363636363
1251244800,0.9507612005219652
1251266400,0.9507612005219652
1251288000,0.9502392344497599
1251309600,0.9502392344497599
1251331200,0.9538929969551977
1251352800,0.9551109177903427
1251374400,0.9538929969551977
1251396000,0.9545889517181374
1251417600,0.9547629404088731
1251439200,0.9472814267072631
1251460800,0.9478033927794685
1251482400,0.9467594606350578
1251504000,0.9458895171813824
1251525600,0.9464114832535877
1251547200,0.945367551109177
1251568800,0.9474554153979984
1251590400,0.9291866028708129
1251612000,0.9250108742931706
1251633600,0.9241409308394943
1251655200,0.9257068290561108
1251676800,0.92431491953023
1251698400,0.9232709873858189
1251720000,0.9220530665506734
1251741600,0.9210091344062628
1251763200,0.9206611570247927
1251784800,0.9401478903871241
1251806400,0.9418877772944754
1251828000,0.9422357546759454
1251849600,0.9420617659852102
1251871200,0.9425837320574155
1251892800,0.9411918225315348
1251914400,0.9406698564593294
1251936000,0.9483253588516738
1251957600,0.9476294040887336
1251979200,0.9486733362331439
1252000800,0.9406698564593294
1252022400,0.938234014789038
1252044000,0.938234014789038
1252065600,0.9364941278816872
1252087200,0.9352762070465412
1252108800,0.9363201391909519
1252130400,0.9363201391909519
1252152000,0.9359721618094818
1252173600,0.9340582862113957
1252195200,0.9338842975206605
1252216800,0.9189212701174414
1252238400,0.9210091344062628
1252260000,0.9208351457155275
1252281600,0.9225750326228792
1252303200,0.9225750326228792
1252324800,0.9192692474989119
1252346400,0.918051326663766
1252368000,0.9183993040452361
1252389600,0.9168334058286205
1252411200,0.9156154849934746
1252432800,0.9152675076120045
1252454400,0.9105698129621569
1252476000,0.9142235754675938
1252497600,0.9131796433231831
1252519200,0.9090039147455409
1252540800,0.9142235754675938
1252562400,0.9187472814267066
1252584000,0.9194432361896467
1252605600,0.9323183993040445
1252627200,0.9319704219225744
1252648800,0.9354501957372765
1252670400,0.9340582862113957
1252692000,0.9344062635928658
1252713600,0.9340582862113957
1252735200,0.9359721618094818
1252756800,0.9270987385819915
1252778400,0.9218790778599382
1252800000,0.9213571117877328
1252821600,0.9175293605915606
1252843200,0.918051326663766
1252864800,0.9183993040452361
1252886400,0.9187472814267066
1252908000,0.9192692474989119
1252929600,0.9137016093953885
1252951200,0.9171813832100906
1252972800,0.9177033492822959
1252994400,0.9183993040452361
1253016000,0.9187472814267066
1253037600,0.9199652022618521
1253059200,0.9241409308394943
1253080800,0.9253588516746407
1253102400,0.9274467159634621
1253124000,0.9323183993040445
1253145600,0.9330143540669851
1253167200,0.9328403653762498
1253188800,0.9349282296650712
1253210400,0.9349282296650712
1253232000,0.9354501957372765
1253253600,0.9352762070465412
1253275200,0.9349282296650712
1253296800,0.9357981731187466
1253318400,0.9361461505002171
1253340000,0.9364941278816872
1253361600,0.9363201391909519
1253383200,0.9359721618094818
1253404800,0.9361461505002171
1253426400,0.9364941278816872
1253448000,0.9361461505002171
1253469600,0.9368421052631573
1253491200,0.9363201391909519
1253512800,0.9363201391909519
1253534400,0.9359721618094818
1253556000,0.936668116572422
1253577600,0.9368421052631573
1253599200,0.9364941278816872
1253620800,0.9363201391909519
1253642400,0.9387559808612433
1253664000,0.9368421052631573
1253685600,0.9368421052631573
1253707200,0.9371900826446273
1253728800,0.9351022183558064
1253750400,0.9342322749021306
1253772000,0.9344062635928658
1253793600,0.9347542409743359
1253815200,0.9349282296650712
1253836800,0.9338842975206605
1253858400,0.9335363201391904
1253880000,0.9344062635928658
1253901600,0.9345802522836011
1253923200,0.9338842975206605
1253944800,0.9342322749021306
1253966400,0.9337103088299257
1253988000,0.9342322749021306
1254009600,0.9363201391909519
1254031200,0.9340582862113957
1254052800,0.9338842975206605
1254074400,0.9335363201391904
1254096000,0.9337103088299257
1254117600,0.9337103088299257
1254139200,0.9338842975206605
1254160800,0.9338842975206605
1254182400,0.9338842975206605
1254204000,0.9333623314484552
1254225600,0.9324923879947797
1254247200,0.9284906481078723
1254268800,0.9264027838190514
1254290400,0.9264027838190514
1254312000,0.9262287951283161
1254333600,0.9253588516746407
1254355200,0.9248368856024354
1254376800,0.9269247498912567
1254398400,0.9074380165289249
1254420000,0.9070900391474548
1254441600,0.9065680730752494
1254463200,0.9063940843845142
1254484800,0.904132231404958
1254506400,0.904132231404958
1254528000,0.9062200956937794
1254549600,0.9044802087864281
1254571200,0.9039582427142232
1254592800,0.9036102653327527
1254614400,0.9030882992605473
1254636000,0.9043062200956933
1254657600,0.9029143105698125
1254679200,0.9034362766420179
1254700800,0.9194432361896467
1254722400,0.919617224880382
1254744000,0.9206611570247927
1254765600,0.9204871683340574
1254787200,0.9201391909525873
1254808800,0.9208351457155275
1254830400,0.9210091344062628
1254852000,0.9264027838190514
1254873600,0.9269247498912567
1254895200,0.9290126141800776
1254916800,0.9305785123966936
1254938400,0.9284906481078723
1254960000,0.9632883862548929
1254981600,0.9641583297085683
1255003200,0.963636363636363
1255024800,0.9624184428012175
1255046400,0.9627664201826875
1255068000,0.959634623749456
1255089600,0.9559808612440182
1255111200,0.9591126576772506
1255132800,0.9591126576772506
1255154400,0.9972161809482376
1255176000,0.999652022618529
1255197600,0.9860809047411916
1255219200,0.9970421922575028
1255240800,0.9932144410613306
1255262400,0.9899086559373638
1255284000,0.980687255328403
1255305600,0.9799913005654624
1255327200,0.988168769030012
1255348800,0.9897346672466285
1255370400,0.9685080469769458
1255392000,0.966768160069595
1255413600,0.9665941713788597
1255435200,0.965550239234449
1255456800,0.9514571552849058
1255478400,0.9523270987385812
1255500000,0.9857329273597206
1255521600,0.9867768595041313
1255543200,0.9874728142670723
1255564800,0.9872988255763366
1255586400,0.9872988255763366
1255608000,0.9872988255763366
1255629600,0.9890387124836879
1255651200,0.9888647237929531
1255672800,0.9902566333188338
1255694400,0.9953023053501515
1255716000,0.999652022618529
1255737600,1.0010439321444098
1255759200,1.001217920835145
1255780800,1.0013919095258803
1255802400,0.9994780339277942
1255824000,0.9839930404523698
1255845600,0.9824271422357538
1255867200,0.990952588081774
1255888800,0.9745976511526742
1255910400,0.9878207916485424
1255932000,0.9845150065245751
1255953600,0.986602870813396
1255975200,0.9855589386689858
1255996800,0.9645063070900384
1256018400,0.9716398434101778
1256040000,0.9617224880382769
1256061600,0.9624184428012175
1256083200,0.9613745106568068
1256104800,0.9523270987385812
1256126400,0.9511091779034353
1256148000,0.9497172683775545
1256169600,0.9420617659852102
1256191200,0.9716398434101778
1256212800,0.9732057416267934
1256234400,0.9799913005654624
1256256000,0.9801652892561976
1256277600,0.9815571987820784
1256299200,0.981035232709873
1256320800,0.982601130926489
1256342400,0.981035232709873
1256364000,0.9792953458025222
1256385600,0.986254893431926
1256407200,0.9963462374945622
1256428800,0.9972161809482376
1256450400,0.9973901696389729
1256472000,0.9859069160504559
1256493600,0.986602870813396
1256515200,0.9831230969986944
1256536800,0.9923444976076552
1256558400,0.9913005654632445
1256580000,0.9914745541539793
1256601600,0.9913005654632445
1256623200,0.9932144410613306
1256644800,0.9930404523705954
1256666400,0.9721618094823832
1256688000,0.9756415832970848
1256709600,0.9742496737712041
1256731200,0.9758155719878201
1256752800,0.9733797303175287
1256774400,0.9732057416267934
1256796000,0.9728577642453233
1256817600,0.972335798173118
1256839200,0.9716398434101778
1256860800,0.970769899956502
1256882400,0.9718138321009127
1256904000,0.9711178773379725
1256925600,0.9704219225750319
1256947200,0.9714658547194426
1256968800,0.9697259678120917
1256990400,0.9695519791213565
1257012000,0.9549369290996075
1257033600,0.9688560243584159
1257055200,0.9698999565028266
1257076800,0.9698999565028266
1257098400,0.9714658547194426
1257120000,0.9693779904306212
1257141600,0.968334058286211
1257163200,0.968334058286211
1257184800,0.9688560243584159
1257206400,0.9688560243584159
1257228000,0.9672901261418003
1257249600,0.968334058286211
1257271200,0.9672901261418003
1257292800,0.9672901261418003
1257314400,0.9686820356676811
1257336000,0.9664201826881249
1257357600,0.9660722053066544
1257379200,0.966768160069595
1257400800,0.968334058286211
1257422400,0.9685080469769458
1257444000,0.9674641148325351
1257465600,0.9660722053066544
1257487200,0.966768160069595
1257508800,0.9634623749456281
1257530400,0.9620704654197474
1257552000,0.9676381035232704
1257573600,0.9676381035232704
1257595200,0.9568508046976936
1257616800,0.9467594606350578
1257638400,0.9342322749021306
1257660000,0.9323183993040445
1257681600,0.932666376685515
1257703200,0.9316224445411043
1257724800,0.9309264897781637
1257746400,0.929534580252283
1257768000,0.9203131796433222
1257789600,0.9199652022618521
1257811200,0.9190952588081767
1257832800,0.9260548064375813
1257854400,0.9270987385819915
1257876000,0.9540669856459321
1257897600,0.9542409743366673
1257919200,0.9545889517181374
1257940800,0.9612005219660715
1257962400,0.9613745106568068
1257984000,0.9704219225750319
1258005600,0.970769899956502
1258027200,0.9716398434101778
1258048800,0.9716398434101778
1258070400,0.9725097868638533
1258092000,0.9718138321009127
1258113600,0.9716398434101778
1258135200,0.9726837755545881
1258156800,0.9716398434101778
1258178400,0.9730317529360586
1258200000,0.9735537190082639
1258221600,0.9752936059156148
1258243200,0.9725097868638533
1258264800,0.9721618094823832
1258286400,0.9718138321009127
1258308000,0.9725097868638533
1258329600,0.9730317529360586
1258351200,0.9726837755545881
1258372800,0.9718138321009127
1258394400,0.9719878207916479
1258416000,0.9721618094823832
1258437600,0.9737277076989987
1258459200,0.973901696389734
1258480800,0.9735537190082639
1258502400,0.9725097868638533
1258524000,0.9704219225750319
1258545600,0.9697259678120917
1258567200,0.9744236624619393
1258588800,0.9749456285341447
1258610400,0.9751196172248795
1258632000,0.973901696389734
1258653600,0.9745976511526742
1258675200,0.9747716398434094
1258696800,0.9744236624619393
1258718400,0.9747716398434094
1258740000,0.9756415832970848
1258761600,0.9761635493692902
1258783200,0.9763375380600254
1258804800,0.9749456285341447
1258826400,0.97546759460635
1258848000,0.9747716398434094
1258869600,0.9759895606785554
1258891200,0.9758155719878201
1258912800,0.9763375380600254
1258934400,0.9758155719878201
1258956000,0.9752936059156148
1258977600,0.9765115267507603
1258999200,0.9756415832970848
1259020800,0.97546759460635
1259042400,0.9763375380600254
1259064000,0.9766855154414955
1259085600,0.9752936059156148
1259107200,0.9556328838625485
1259128800,0.9545889517181374
1259150400,0.9538929969551977
1259172000,0.953719008264462
1259193600,0.9523270987385812
1259215200,0.9530230535015214
1259236800,0.95058721183123
1259258400,0.9523270987385812
1259280000,0.9512831665941706
1259301600,0.9507612005219652
1259323200,0.9495432796868197
1259344800,0.9493692909960845
1259366400,0.948499347542409
1259388000,0.9488473249238791
1259409600,0.9478033927794685
1259431200,0.9479773814702037
1259452800,0.948499347542409
1259474400,0.9472814267072631
1259496000,0.946933449325793
1259517600,0.945019573727707
1259539200,0.9467594606350578
1259560800,0.9462374945628529
1259582400,0.945367551109177
1259604000,0.9467594606350578
1259625600,0.9457155284906476
1259647200,0.9458895171813824
1259668800,0.9443236189647664
1259690400,0.9448455850369717
1259712000,0.9441496302740315
1259733600,0.9444976076555016
1259755200,0.9432796868203561
1259776800,0.9429317094388856
1259798400,0.9422357546759454
1259820000,0.9427577207481508
1259841600,0.9427577207481508
1259863200,0.9424097433666803
1259884800,0.9417137886037401
1259906400,0.94136581122227
1259928000,0.9411918225315348
1259949600,0.9403218790778594
1259971200,0.9403218790778594
1259992800,0.9410178338407995
1260014400,0.9410178338407995
1260036000,0.9399739016963893
1260057600,0.9399739016963893
1260079200,0.9385819921705081
1260100800,0.9396259243149188
1260122400,0.938234014789038
1260144000,0.9380600260983032
1260165600,0.9370160939538925
1260187200,0.9377120487168327
1260208800,0.938234014789038
1260230400,0.9375380600260979
1260252000,0.9378860374075679
1260273600,0.9363201391909519
1260295200,0.9368421052631573
1260316800,0.9370160939538925
1260338400,0.9354501957372765
1260360000,0.9368421052631573
1260381600,0.9364941278816872
1260403200,0.9357981731187466
1260424800,0.9351022183558064
1260446400,0.9349282296650712
1260468000,0.9342322749021306
1260489600,0.9351022183558064
1260511200,0.9340582862113957
1260532800,0.9340582862113957
1260554400,0.9342322749021306
1260576000,0.9345802522836011
1260597600,0.9333623314484552
1260619200,0.9330143540669851
1260640800,0.9328403653762498
1260662400,0.9319704219225744
1260684000,0.9317964332318396
1260705600,0.9323183993040445
1260727200,0.9312744671596342
1260748800,0.9312744671596342
1260770400,0.9300565463244883
1260792000,0.9300565463244883
1260813600,0.9297085689430182
1260835200,0.9304045237059584
1260856800,0.9305785123966936
1260878400,0.9290126141800776
1260900000,0.9293605915615482
1260921600,0.929534580252283
1260943200,0.9291866028708129
1260964800,0.9284906481078723
1260986400,0.9291866028708129
1261008000,0.9277946933449321
1261029600,0.9284906481078723
1261051200,0.9272727272727268
1261072800,0.9279686820356674
1261094400,0.9279686820356674
1261116000,0.9276207046541969
1261137600,0.9262287951283161
1261159200,0.9444976076555016
1261180800,0.9457155284906476
1261202400,0.946585471944323
1261224000,0.9457155284906476
1261245600,0.946933449325793
1261267200,0.9467594606350578
1261288800,0.9462374945628529
1261310400,0.9474554153979984
1261332000,0.9472814267072631
1261353600,0.9478033927794685
1261375200,0.9486733362331439
1261396800,0.9486733362331439
1261418400,0.9483253588516738
1261440000,0.9478033927794685
1261461600,0.948499347542409
1261483200,0.9474554153979984
1261504800,0.9486733362331439
1261526400,0.9483253588516738
1261548000,0.9474554153979984
1261569600,0.948499347542409
1261591200,0.9490213136146144
1261612800,0.9486733362331439
1261634400,0.9479773814702037
1261656000,0.9479773814702037
1261677600,0.9486733362331439
1261699200,0.9490213136146144
1261720800,0.9483253588516738
1261742400,0.9486733362331439
1261764000,0.9486733362331439
1261785600,0.948499347542409
1261807200,0.9493692909960845
1261828800,0.9488473249238791
1261850400,0.9493692909960845
1261872000,0.948499347542409
1261893600,0.9495432796868197
1261915200,0.9490213136146144
1261936800,0.9483253588516738
1261958400,0.9495432796868197
1261980000,0.9490213136146144
1262001600,0.9488473249238791
1262023200,0.9488473249238791
1262044800,0.9483253588516738
1262066400,0.9500652457590251
1262088000,0.9488473249238791
1262109600,0.9479773814702037
1262131200,0.948499347542409
1262152800,0.9490213136146144
1262174400,0.9495432796868197
1262196000,0.948499347542409
1262217600,0.948499347542409
1262239200,0.948499347542409
1262260800,0.9495432796868197
1262282400,0.9491953023053492
1262304000,0.9490213136146144
1262325600,0.948499347542409
1262347200,0.9488473249238791
1262368800,0.9495432796868197
1262390400,0.9486733362331439
1262412000,0.9488473249238791
1262433600,0.9490213136146144
1262455200,0.9483253588516738
1262476800,0.9491953023053492
1262498400,0.9483253588516738
1262520000,0.9476294040887336
1262541600,0.9488473249238791
1262563200,0.9488473249238791
1262584800,0.9479773814702037
1262606400,0.9486733362331439
1262628000,0.948499347542409
1262649600,0.9493692909960845
1262671200,0.9491953023053492
1262692800,0.9488473249238791
1262714400,0.9483253588516738
1262736000,0.9504132231404951
1262757600,0.94136581122227
1262779200,0.9418877772944754
1262800800,0.9406698564593294
1262822400,0.9411918225315348
1262844000,0.94136581122227
1262865600,0.9401478903871241
1262887200,0.9424097433666803
1262908800,0.9229230100043488
1262930400,0.9222270552414082
1262952000,0.9215311004784681
1262973600,0.9192692474989119
1262995200,0.9190952588081767
1263016800,0.9178773379730312
1263038400,0.9192692474989119
1263060000,0.9373640713353626
1263081600,0.9391039582427134
1263103200,0.9392779469334487
1263124800,0.9391039582427134
1263146400,0.939799913005654
1263168000,0.9399739016963893
1263189600,0.9401478903871241
1263211200,0.9448455850369717
1263232800,0.9444976076555016
1263254400,0.945019573727707
1263276000,0.9455415397999123
1263297600,0.9458895171813824
1263319200,0.9444976076555016
1263340800,0.9460635058721176
1263362400,0.9455415397999123
1263384000,0.9444976076555016
1263405600,0.945367551109177
1263427200,0.9458895171813824
1263448800,0.9448455850369717
1263470400,0.945019573727707
1263492000,0.97546759460635
1263513600,0.973901696389734
1263535200,0.9745976511526742
1263556800,0.9742496737712041
1263578400,0.9672901261418003
1263600000,0.966768160069595
1263621600,0.9660722053066544
1263643200,0.9658982166159196
1263664800,0.9653762505437142
1263686400,0.9665941713788597
1263708000,0.9467594606350578
1263729600,0.9460635058721176
1263751200,0.945367551109177
1263772800,0.9438016528925615
1263794400,0.9431056981296209
1263816000,0.9436276642018262
1263837600,0.9422357546759454
1263859200,0.9617224880382769
1263880800,0.9625924314919523
1263902400,0.9631143975641576
1263924000,0.9627664201826875
1263945600,0.963636363636363
1263967200,0.9631143975641576
1263988800,0.9634623749456281
1264010400,0.9690300130491512
1264032000,0.9843410178338399
1264053600,0.98468899521531
1264075200,0.9845150065245751
1264096800,0.9839930404523698
1264118400,0.9843410178338399
1264140000,0.9787733797303169
1264161600,0.9761635493692902
1264183200,0.9761635493692902
1264204800,0.9758155719878201
1264226400,0.9773814702044361
1264248000,0.9585906916050453
1264269600,0.9568508046976936
1264291200,0.95806872553284
1264312800,0.9559808612440182
1264334400,0.9556328838625485
1264356000,0.9551109177903427
1264377600,0.9545889517181374
1264399200,0.953719008264462
1264420800,0.9542409743366673
1264442400,0.9535450195737267
1264464000,0.9533710308829919
1264485600,0.9552849064810784
1264507200,0.9632883862548929
1264528800,0.9704219225750319
1264550400,0.970769899956502
1264572000,0.9718138321009127
1264593600,0.9712918660287073
1264615200,0.9718138321009127
1264636800,0.9711178773379725
1264658400,0.9725097868638533
1264680000,0.9765115267507603
1264701600,1.004523705959112
1264723200,1.0040017398869066
1264744800,1.004523705959112
1264766400,1.0041757285776418
1264788000,0.9935624184428007
1264809600,0.9808612440191378
1264831200,0.9791213571117869
1264852800,0.9946063505872114
1264874400,0.9935624184428007
1264896000,0.9944323618964761
1264917600,0.9933884297520654
1264939200,0.9704219225750319
1264960800,0.9686820356676811
1264982400,0.9678120922140057
1265004000,0.968334058286211
1265025600,0.9686820356676811
1265047200,0.9709438886472372
1265068800,0.9698999565028266
1265090400,0.9547629404088731
1265112000,0.9765115267507603
1265133600,0.9918225315354499
1265155200,0.9930404523705954
1265176800,0.9926924749891253
1265198400,0.9930404523705954
1265220000,0.9939103958242708
1265241600,0.9867768595041313
1265263200,0.986254893431926
1265284800,0.9883427577207478
1265306400,1.000521966072205
1265328000,1.0019138755980856
1265349600,1.0019138755980856
1265371200,1.0013919095258803
1265392800,1.0010439321444098
1265414400,1.0010439321444098
1265436000,0.982253153545019
1265457600,0.9813832100913431
1265479200,0.999304045237059
1265500800,0.999304045237059
1265522400,0.9991300565463237
1265544000,0.9998260113092643
1265565600,0.999652022618529
1265587200,0.9779034362766414
1265608800,0.9831230969986944
1265630400,0.9813832100913431
1265652000,0.9819051761635484
1265673600,0.9813832100913431
1265695200,0.9796433231839923
1265716800,0.9801652892561976
1265738400,0.9798173118747275
1265760000,0.9787733797303169
1265781600,0.9779034362766414
1265803200,0.9784254023488468
1265824800,0.9789473684210517
1265846400,0.9780774249673763
1265868000,0.9785993910395816
1265889600,0.9777294475859062
1265911200,0.9773814702044361
1265932800,0.9763375380600254
1265954400,0.9765115267507603
1265976000,0.9766855154414955
1265997600,0.9768595041322308
1266019200,0.9657242279251843
1266040800,0.9648542844715089
1266062400,0.9648542844715089
1266084000,0.9523270987385812
1266105600,0.952153110047846
1266127200,0.9342322749021306
1266148800,0.9335363201391904
1266170400,0.9474554153979984
1266192000,0.9472814267072631
1266213600,0.9464114832535877
1266235200,0.946585471944323
1266256800,0.945367551109177
1266278400,0.9462374945628529
1266300000,0.9448455850369717
1266321600,0.9427577207481508
1266343200,0.9436276642018262
1266364800,0.9424097433666803
1266386400,0.9425837320574155
1266408000,0.9420617659852102
1266429600,0.9410178338407995
1266451200,0.9406698564593294
1266472800,0.9403218790778594
1266494400,0.939799913005654
1266516000,0.9392779469334487
1266537600,0.9385819921705081
1266559200,0.9385819921705081
1266580800,0.9385819921705081
1266602400,0.9380600260983032
1266624000,0.9354501957372765
1266645600,0.936668116572422
1266667200,0.9361461505002171
1266688800,0.9351022183558064
1266710400,0.9349282296650712
1266732000,0.9347542409743359
1266753600,0.9342322749021306
1266775200,0.9335363201391904
1266796800,0.9330143540669851
1266818400,0.9321444106133097
1266840000,0.9319704219225744
1266861600,0.9321444106133097
1266883200,0.9309264897781637
1266904800,0.9314484558503691
1266926400,0.9307525010874289
1266948000,0.9304045237059584
1266969600,0.9300565463244883
1266991200,0.9304045237059584
1267012800,0.9293605915615482
1267034400,0.9154414963027397
1267056000,0.9126576772509778
1267077600,0.9290126141800776
1267099200,0.9300565463244883
1267120800,0.9352762070465412
1267142400,0.9351022183558064
1267164000,0.9436276642018262
1267185600,0.9262287951283161
1267207200,0.9114397564158323
1267228800,0.9022183558068719
1267250400,0.8989125706829051
1267272000,0.8996085254458457
1267293600,0.8971726837755543
1267315200,0.8957807742496735
1267336800,0.8957807742496735
1267358400,0.8947368421052628
1267380000,0.8935189212701169
1267401600,0.8921270117442361
1267423200,0.8916050456720304
1267444800,0.891431056981296
1267466400,0.9156154849934746
1267488000,0.90726402783819
1267509600,0.9081339712918655
1267531200,0.9119617224880376
1267552800,0.9199652022618521
1267574400,0.9284906481078723
1267596000,0.9290126141800776
1267617600,0.9286646367986076
1267639200,0.9284906481078723
1267660800,0.929534580252283
1267682400,0.9298825576337535
1267704000,0.9288386254893428
1267725600,0.9291866028708129
1267747200,0.9297085689430182
1267768800,0.9284906481078723
1267790400,0.9276207046541969
1267812000,0.9270987385819915
1267833600,0.9290126141800776
1267855200,0.9272727272727268
1267876800,0.9281426707264022
1267898400,0.9276207046541969
1267920000,0.9276207046541969
1267941600,0.9272727272727268
1267963200,0.9272727272727268
1267984800,0.9272727272727268
1268006400,0.9267507612005215
1268028000,0.9277946933449321
1268049600,0.9270987385819915
1268071200,0.9277946933449321
1268092800,0.9265767725097862
1268114400,0.9264027838190514
1268136000,0.9257068290561108
1268157600,0.9265767725097862
1268179200,0.9262287951283161
1268200800,0.9265767725097862
1268222400,0.9260548064375813
1268244000,0.9250108742931706
1268265600,0.9241409308394943
1268287200,0.9246628969116997
1268308800,0.9241409308394943
1268330400,0.9253588516746407
1268352000,0.9236189647672899
1268373600,0.9248368856024354
1268395200,0.9234449760765546
1268416800,0.92396694214876
1268438400,0.9232709873858189
1268460000,0.9232709873858189
1268481600,0.9236189647672899
1268503200,0.9230969986950845
1268524800,0.9229230100043488
1268546400,0.9222270552414082
1268568000,0.9222270552414082
1268589600,0.9217050891692038
1268611200,0.9220530665506734
1268632800,0.9206611570247927
1268654400,0.9208351457155275
1268676000,0.9206611570247927
1268697600,0.9206611570247927
1268719200,0.9215311004784681
1268740800,0.9204871683340574
1268762400,0.9210091344062628
1268784000,0.9206611570247927
1268805600,0.9204871683340574
1268827200,0.9203131796433222
1268848800,0.9192692474989119
1268870400,0.9194432361896467
1268892000,0.9192692474989119
1268913600,0.9178773379730312
1268935200,0.9192692474989119
1268956800,0.9187472814267066
1268978400,0.9190952588081767
1269000000,0.9187472814267066
1269021600,0.9182253153545012
1269043200,0.9175293605915606
1269064800,0.9178773379730312
1269086400,0.9170073945193553
1269108000,0.9168334058286205
1269129600,0.9173553719008258
1269151200,0.9171813832100906
1269172800,0.9159634623749451
1269194400,0.9156154849934746
1269216000,0.9163114397564152
1269237600,0.929534580252283
1269259200,0.9331883427577203
1269280800,0.9349282296650712
1269302400,0.9340582862113957
1269324000,0.9356241844280118
1269345600,0.9349282296650712
1269367200,0.9364941278816872
1269388800,0.9351022183558064
1269410400,0.9363201391909519
1269432000,0.936668116572422
1269453600,0.9371900826446273
1269475200,0.9361461505002171
1269496800,0.9364941278816872
1269518400,0.9373640713353626
1269540000,0.9352762070465412
1269561600,0.9373640713353626
1269583200,0.9368421052631573
1269604800,0.938234014789038
1269626400,0.938234014789038
1269648000,0.938234014789038
1269669600,0.9387559808612433
1269691200,0.9392779469334487
1269712800,0.9396259243149188
1269734400,0.9378860374075679
1269756000,0.9378860374075679
1269777600,0.9378860374075679
1269799200,0.9378860374075679
1269820800,0.9380600260983032
1269842400,0.9384080034797733
1269864000,0.938234014789038
1269885600,0.9384080034797733
1269907200,0.938234014789038
1269928800,0.938234014789038
1269950400,0.9373640713353626
1269972000,0.9387559808612433
1269993600,0.9380600260983032
1270015200,0.9385819921705081
1270036800,0.9380600260983032
1270058400,0.9378860374075679
1270080000,0.9385819921705081
1270101600,0.9391039582427134
1270123200,0.9378860374075679
1270144800,0.938234014789038
1270166400,0.9384080034797733
1270188000,0.938234014789038
1270209600,0.9384080034797733
1270231200,0.9385819921705081
1270252800,0.9384080034797733
1270274400,0.938234014789038
1270296000,0.9392779469334487
1270317600,0.9391039582427134
1270339200,0.9394519356241839
1270360800,0.9385819921705081
1270382400,0.9380600260983032
1270404000,0.9380600260983032
1270425600,0.9387559808612433
1270447200,0.9384080034797733
1270468800,0.9391039582427134
1270490400,0.9392779469334487
1270512000,0.9394519356241839
1270533600,0.9387559808612433
1270555200,0.9392779469334487
1270576800,0.938234014789038
1270598400,0.9385819921705081
1270620000,0.9385819921705081
1270641600,0.9385819921705081
1270663200,0.9392779469334487
1270684800,0.9387559808612433
1270706400,0.9396259243149188
1270728000,0.939799913005654
1270749600,0.9820791648542837
1270771200,0.9820791648542837
1270792800,0.982601130926489
1270814400,0.982601130926489
1270836000,0.9759895606785554
1270857600,0.9744236624619393
1270879200,0.9749456285341447
1270900800,0.9742496737712041
1270922400,0.9749456285341447
1270944000,0.9542409743366673
1270965600,0.9526750761200513
1270987200,0.9530230535015214
1271008800,0.9519791213571112
1271030400,0.9516311439756406
1271052000,0.9512831665941706
1271073600,0.9502392344497599
1271095200,0.9502392344497599
1271116800,0.9502392344497599
1271138400,0.9697259678120917
1271160000,0.9697259678120917
1271181600,0.9698999565028266
1271203200,0.9693779904306212
1271224800,0.9702479338842971
1271246400,0.9697259678120917
1271268000,0.970769899956502
1271289600,0.9740756850804693
1271311200,0.9836450630708997
1271332800,0.982601130926489
1271354400,0.9839930404523698
1271376000,0.9834710743801645
1271397600,0.9834710743801645
1271419200,0.9756415832970848
1271440800,0.97546759460635
1271462400,0.9758155719878201
1271484000,0.97546759460635
1271505600,0.9749456285341447
1271527200,0.965550239234449
1271548800,0.9589386689865154
1271570400,0.9545889517181374
1271592000,0.9542409743366673
1271613600,0.9528490648107866
1271635200,0.9530230535015214
1271656800,0.9533710308829919
1271678400,0.953719008264462
1271700000,0.9518051326663759
1271721600,0.952501087429316
1271743200,0.9511091779034353
1271764800,0.9552849064810784
1271786400,0.9685080469769458
1271808000,0.9693779904306212
1271829600,0.9697259678120917
1271851200,0.9700739451935618
1271872800,0.9704219225750319
1271894400,0.9711178773379725
1271916000,0.9702479338842971
1271937600,0.970769899956502
1271959200,0.9704219225750319
1271980800,0.9752936059156148
1272002400,1.0041757285776418
1272024000,1.0034797738147012
1272045600,1.004523705959112
1272067200,1.0041757285776418
1272088800,0.9888647237929531
1272110400,0.9973901696389729
1272132000,0.9961722488038274
1272153600,0.9959982601130921
1272175200,0.9860809047411916
1272196800,0.9852109612875153
1272218400,0.9959982601130921
1272240000,0.9749456285341447
1272261600,0.9728577642453233
1272283200,0.9728577642453233
1272304800,0.9718138321009127
1272326400,0.9705959112657672
1272348000,0.9551109177903427
1272369600,0.9676381035232704
1272391200,0.9690300130491512
1272412800,0.9671161374510651
1272434400,0.9892127011744232
1272456000,0.9902566333188338
1272477600,0.9919965202261847
1272499200,0.99251848629839
1272520800,0.9918225315354499
1272542400,0.9906046107003039
1272564000,0.990952588081774
1272585600,0.9965202261852975
1272607200,1.0036537625054365
1272628800,1.0040017398869066
1272650400,1.0040017398869066
1272672000,1.0038277511961717
1272693600,0.9872988255763366
1272715200,0.9698999565028266
1272736800,0.9763375380600254
1272758400,0.9921705089169199
1272780000,0.9923444976076552
1272801600,0.9953023053501515
1272823200,0.9827751196172239
1272844800,0.9812092214006083
1272866400,0.9829491083079591
1272888000,0.9859069160504559
1272909600,0.9761635493692902
1272931200,0.9686820356676811
1272952800,0.9676381035232704
1272974400,0.9671161374510651
1272996000,0.9577207481513699
1273017600,0.9502392344497599
1273039200,0.9643323183993036
1273060800,0.9761635493692902
1273082400,0.9648542844715089
1273104000,0.9864288821226612
1273125600,0.9878207916485424
1273147200,0.9879947803392777
1273168800,0.9883427577207478
1273190400,0.9886907351022178
1273212000,0.9890387124836879
1273233600,0.9893866898651584
1273255200,0.9784254023488468
1273276800,0.9986080904741188
1273298400,1.0006959547629397
1273320000,0.9994780339277942
1273341600,0.9994780339277942
1273363200,0.9994780339277942
1273384800,0.9998260113092643
1273406400,0.9998260113092643
1273428000,0.9999999999999996
1273449600,0.9989560678555889
1273471200,0.997738147020443
1273492800,0.9989560678555889
1273514400,0.9986080904741188
1273536000,0.9787733797303169
1273557600,0.9622444541104822
1273579200,0.9613745106568068
1273600800,0.9592866463679854
1273622400,0.9585906916050453
1273644000,0.948151370160939
1273665600,0.9462374945628529
1273687200,0.9354501957372765
1273708800,0.9425837320574155
1273730400,0.9420617659852102
1273752000,0.9248368856024354
1273773600,0.9253588516746407
1273795200,0.9392779469334487
1273816800,0.9377120487168327
1273838400,0.9377120487168327
1273860000,0.938234014789038
1273881600,0.9354501957372765
1273903200,0.9354501957372765
1273924800,0.9352762070465412
1273946400,0.9345802522836011
1273968000,0.9342322749021306
1273989600,0.9335363201391904
1274011200,0.9312744671596342
1274032800,0.9309264897781637
1274054400,0.9304045237059584
1274076000,0.9304045237059584
1274097600,0.9300565463244883
1274119200,0.9298825576337535
1274140800,0.9283166594171375
1274162400,0.9298825576337535
1274184000,0.9283166594171375
1274205600,0.9279686820356674
1274227200,0.9270987385819915
1274248800,0.9264027838190514
1274270400,0.9257068290561108
1274292000,0.9257068290561108
1274313600,0.9244889082209653
1274335200,0.9444976076555016
1274356800,0.9439756415832963
1274378400,0.9436276642018262
1274400000,0.9587646802957801
1274421600,0.9594606350587207
1274443200,0.968334058286211
1274464800,0.9695519791213565
1274486400,0.9747716398434094
1274508000,0.9740756850804693
1274529600,0.9712918660287073
1274551200,0.9718138321009127
1274572800,0.9712918660287073
1274594400,0.9718138321009127
1274616000,0.9718138321009127
1274637600,0.9721618094823832
1274659200,0.9725097868638533
1274680800,0.9716398434101778
1274702400,0.9725097868638533
1274724000,0.9719878207916479
1274745600,0.9721618094823832
1274767200,0.9726837755545881
1274788800,0.9718138321009127
1274810400,0.9725097868638533
1274832000,0.9725097868638533
1274853600,0.9728577642453233
1274875200,0.9719878207916479
1274896800,0.9726837755545881
1274918400,0.9726837755545881
1274940000,0.9721618094823832
1274961600,0.9725097868638533
1274983200,0.972335798173118
1275004800,0.9732057416267934
1275026400,0.9726837755545881
1275048000,0.9441496302740315
1275069600,0.9434536755110909
1275091200,0.9425837320574155
1275112800,0.9399739016963893
1275134400,0.9401478903871241
1275156000,0.9391039582427134
1275177600,0.9391039582427134
1275199200,0.9373640713353626
1275220800,0.9364941278816872
1275242400,0.9375380600260979
1275264000,0.9370160939538925
1275285600,0.9364941278816872
1275307200,0.9357981731187466
1275328800,0.9361461505002171
1275350400,0.9344062635928658
1275372000,0.9629404088734228
1275393600,0.9632883862548929
1275415200,0.9645063070900384
1275436800,0.9639843410178335
1275458400,0.9639843410178335
1275480000,0.9648542844715089
1275501600,0.9641583297085683
1275523200,0.9648542844715089
1275544800,0.965202261852979
1275566400,0.9472814267072631
1275588000,0.9330143540669851
1275609600,0.9217050891692038
1275631200,0.9203131796433222
1275652800,0.9192692474989119
1275674400,0.9189212701174414
1275696000,0.9178773379730312
1275717600,0.9166594171378852
1275739200,0.9156154849934746
1275760800,0.9147455415397991
1275782400,0.9154414963027397
1275804000,0.9135276207046537
1275825600,0.9133536320139184
1275847200,0.9133536320139184
1275868800,0.9133536320139184
1275890400,0.9114397564158323
1275912000,0.9107438016528917
1275933600,0.9103958242714216
1275955200,0.9098738581992163
1275976800,0.9100478468899516
1275998400,0.9090039147455409
1276020000,0.909351892127011
1276041600,0.9083079599826003
1276063200,0.90726402783819
1276084800,0.9074380165289249
1276106400,0.9069160504567195
1276128000,0.9060461070030441
1276149600,0.9044802087864281
1276171200,0.9055241409308388
1276192800,0.9044802087864281
1276214400,0.9030882992605473
1276236000,0.9039582427142232
1276257600,0.9043062200956933
1276279200,0.9023923444976072
1276300800,0.9034362766420179
1276322400,0.9011744236624613
1276344000,0.9011744236624613
1276365600,0.9003044802087858
1276387200,0.9006524575902559
1276408800,0.8999565028273158
1276430400,0.8987385819921698
1276452000,0.8983906046106998
1276473600,0.8980426272292297
1276495200,0.898564593301435
1276516800,0.8975206611570243
1276538400,0.8968247063940837
1276560000,0.8971726837755543
1276581600,0.8964767290126137
1276603200,0.8945628534145276
1276624800,0.895432796868203
1276646400,0.8942148760330575
1276668000,0.8947368421052628
1276689600,0.8935189212701169
1276711200,0.8931709438886468
1276732800,0.8933449325793821
1276754400,0.8942148760330575
1276776000,0.8936929099608522
1276797600,0.8919530230535004
1276819200,0.8926489778164415
1276840800,0.8916050456720304
1276862400,0.8903871248368853
1276884000,0.8905611135276197
1276905600,0.8903871248368853
1276927200,0.8884732492387988
1276948800,0.8895171813832099
1276970400,0.8893431926924742
1276992000,0.8886472379295336
1277013600,0.8877772944758582
1277035200,0.8881252718573283
1277056800,0.8877772944758582
1277078400,0.8876033057851234
1277100000,0.8862113962592422
1277121600,0.8853414528055668
1277143200,0.8860374075685074
1277164800,0.8848194867333614
1277186400,0.885515441496302
1277208000,0.8842975206611561
1277229600,0.8842975206611561
1277251200,0.8837755545889512
1277272800,0.8825576337538052
1277294400,0.8834275772074807
1277316000,0.8829056111352753
1277337600,0.8827316224445405
1277359200,0.8820356676815999
1277380800,0.8820356676815999
1277402400,0.8801217920835138
1277424000,0.8799478033927786
1277445600,0.9016963897346666
1277467200,0.9016963897346666
1277488800,0.9036102653327527
1277510400,0.9079599826011302
1277532000,0.9086559373640708
1277553600,0.9157894736842098
1277575200,0.9166594171378852
1277596800,0.9166594171378852
1277618400,0.9173553719008258
1277640000,0.9182253153545012
1277661600,0.9178773379730312
1277683200,0.9183993040452361
1277704800,0.9185732927359713
1277726400,0.9187472814267066
1277748000,0.9187472814267066
1277769600,0.9194432361896467
1277791200,0.9187472814267066
1277812800,0.9192692474989119
1277834400,0.919617224880382
1277856000,0.9197912135711173
1277877600,0.9197912135711173
1277899200,0.9199652022618521
1277920800,0.9215311004784681
1277942400,0.9208351457155275
1277964000,0.9199652022618521
1277985600,0.9203131796433222
1278007200,0.9204871683340574
1278028800,0.921183123096998
1278050400,0.9215311004784681
1278072000,0.9215311004784681
1278093600,0.921183123096998
1278115200,0.9222270552414082
1278136800,0.9218790778599382
1278158400,0.919617224880382
1278180000,0.9217050891692038
1278201600,0.9213571117877328
1278223200,0.9208351457155275
1278244800,0.9215311004784681
1278266400,0.9234449760765546
1278288000,0.9225750326228792
1278309600,0.9232709873858189
1278331200,0.9224010439321435
1278352800,0.9225750326228792
1278374400,0.9224010439321435
1278396000,0.9230969986950845
1278417600,0.9234449760765546
1278439200,0.9232709873858189
1278460800,0.9213571117877328
1278482400,0.9206611570247927
1278504000,0.9225750326228792
1278525600,0.9227490213136136
1278547200,0.9224010439321435
1278568800,0.9225750326228792
1278590400,0.9232709873858189
1278612000,0.9236189647672899
1278633600,0.9230969986950845
1278655200,0.9225750326228792
1278676800,0.9236189647672899
1278698400,0.9236189647672899
1278720000,0.9236189647672899
1278741600,0.9232709873858189
1278763200,0.9229230100043488
1278784800,0.9241409308394943
1278806400,0.92431491953023
1278828000,0.9229230100043488
1278849600,0.9229230100043488
1278871200,0.9236189647672899
1278892800,0.9244889082209653
1278914400,0.9241409308394943
1278936000,0.9224010439321435
1278957600,0.9227490213136136
1278979200,0.9224010439321435
1279000800,0.9227490213136136
1279022400,0.9234449760765546
1279044000,0.9237929534580243
1279065600,0.92396694214876
1279087200,0.9227490213136136
1279108800,0.9234449760765546
1279130400,0.9251848629839055
1279152000,0.9237929534580243
1279173600,0.9251848629839055
1279195200,0.92396694214876
1279216800,0.9236189647672899
1279238400,0.9232709873858189
1279260000,0.9230969986950845
1279281600,0.9244889082209653
1279303200,0.9236189647672899
1279324800,0.9236189647672899
1279346400,0.9241409308394943
1279368000,0.9229230100043488
1279389600,0.92396694214876
1279411200,0.9227490213136136
1279432800,0.9237929534580243
1279454400,0.9229230100043488
1279476000,0.9237929534580243
1279497600,0.92431491953023
1279519200,0.9237929534580243
1279540800,0.9244889082209653
1279562400,0.92396694214876
1279584000,0.9225750326228792
1279605600,0.9237929534580243
1279627200,0.9227490213136136
1279648800,0.9229230100043488
1279670400,0.92396694214876
1279692000,0.92431491953023
1279713600,0.9251848629839055
1279735200,0.9237929534580243
1279756800,0.9246628969116997
1279778400,0.9234449760765546
1279800000,0.9244889082209653
1279821600,0.9237929534580243
1279843200,0.9248368856024354
1279864800,0.9237929534580243
1279886400,0.9237929534580243
1279908000,0.9232709873858189
1279929600,0.9234449760765546
1279951200,0.9236189647672899
1279972800,0.9241409308394943
1279994400,0.9241409308394943
1280016000,0.9234449760765546
1280037600,0.9236189647672899
1280059200,0.92431491953023
1280080800,0.9237929534580243
1280102400,0.92396694214876
1280124000,0.9241409308394943
1280145600,0.9241409308394943
1280167200,0.9232709873858189
1280188800,0.9246628969116997
1280210400,0.9241409308394943
1280232000,0.9237929534580243
1280253600,0.9241409308394943
1280275200,0.9236189647672899
1280296800,0.92396694214876
1280318400,0.9234449760765546
1280340000,0.9237929534580243
1280361600,0.9234449760765546
1280383200,0.92396694214876
1280404800,0.92396694214876
1280426400,0.9236189647672899
1280448000,0.9234449760765546
1280469600,0.9241409308394943
1280491200,0.9236189647672899
1280512800,0.9237929534580243
1280534400,0.9229230100043488
1280556000,0.9230969986950845
1280577600,0.9234449760765546
1280599200,0.9230969986950845
1280620800,0.9241409308394943
1280642400,0.9234449760765546
1280664000,0.9229230100043488
1280685600,0.9237929534580243
1280707200,0.9246628969116997
1280728800,0.9230969986950845
1280750400,0.92396694214876
1280772000,0.9234449760765546
1280793600,0.9241409308394943
1280815200,0.9234449760765546
1280836800,0.9227490213136136
1280858400,0.9227490213136136
1280880000,0.9232709873858189
1280901600,0.9229230100043488
1280923200,0.9227490213136136
1280944800,0.9229230100043488
1280966400,0.9230969986950845
1280988000,0.9234449760765546
1281009600,0.9008264462809912
1281031200,0.8990865593736403
1281052800,0.8982166159199645
1281074400,0.921183123096998
1281096000,0.9224010439321435
1281117600,0.9232709873858189
1281139200,0.9220530665506734
1281160800,0.9225750326228792
1281182400,0.9230969986950845
1281204000,0.9460635058721176
1281225600,0.9448455850369717
1281247200,0.9455415397999123
1281268800,0.9455415397999123
1281290400,0.9444976076555016
1281312000,0.94136581122227
1281333600,0.9385819921705081
1281355200,0.9384080034797733
1281376800,0.9380600260983032
1281398400,0.9380600260983032
1281420000,0.936668116572422
1281441600,0.9371900826446273
1281463200,0.9359721618094818
1281484800,0.9361461505002171
1281506400,0.9359721618094818
1281528000,0.9364941278816872
1281549600,0.9354501957372765
1281571200,0.9356241844280118
1281592800,0.9357981731187466
1281614400,0.9363201391909519
1281636000,0.9354501957372765
1281657600,0.9345802522836011
1281679200,0.9354501957372765
1281700800,0.9349282296650712
1281722400,0.9352762070465412
1281744000,0.9354501957372765
1281765600,0.9331883427577203
1281787200,0.9331883427577203
1281808800,0.9342322749021306
1281830400,0.9340582862113957
1281852000,0.9337103088299257
1281873600,0.9331883427577203
1281895200,0.9337103088299257
1281916800,0.9333623314484552
1281938400,0.9331883427577203
1281960000,0.9330143540669851
1281981600,0.9337103088299257
1282003200,0.9333623314484552
1282024800,0.9330143540669851
1282046400,0.9330143540669851
1282068000,0.9330143540669851
1282089600,0.9337103088299257
1282111200,0.9330143540669851
1282132800,0.9319704219225744
1282154400,0.9323183993040445
1282176000,0.9321444106133097
1282197600,0.9324923879947797
1282219200,0.932666376685515
1282240800,0.9317964332318396
1282262400,0.9323183993040445
1282284000,0.9317964332318396
1282305600,0.9319704219225744
1282327200,0.9314484558503691
1282348800,0.9317964332318396
1282370400,0.9317964332318396
1282392000,0.9307525010874289
1282413600,0.9302305350152236
1282435200,0.9314484558503691
1282456800,0.9316224445411043
1282478400,0.929534580252283
1282500000,0.9307525010874289
1282521600,0.9312744671596342
1282543200,0.931100478468899
1282564800,0.9305785123966936
1282586400,0.9309264897781637
1282608000,0.9309264897781637
1282629600,0.9300565463244883
1282651200,0.9300565463244883
1282672800,0.9300565463244883
1282694400,0.9302305350152236
1282716000,0.9293605915615482
1282737600,0.9309264897781637
1282759200,0.9305785123966936
1282780800,0.9351022183558064
1282802400,0.986950848194867
1282824000,0.986254893431926
1282845600,1.000869943453675
1282867200,1.0015658982166151
1282888800,1.0015658982166151
1282910400,0.997738147020443
1282932000,0.9963462374945622
1282953600,0.9980861244019135
1282975200,0.9973901696389729
1282996800,0.9975641583297081
1283018400,0.9968682035667675
1283040000,0.9966942148760323
1283061600,0.9966942148760323
1283083200,0.9819051761635484
1283104800,0.9959982601130921
1283126400,0.9871248368856014
1283148000,0.9874728142670723
1283169600,0.9876468029578067
1283191200,0.9954762940408868
1283212800,0.9961722488038274
1283234400,0.9959982601130921
1283256000,0.9954762940408868
1283277600,0.9947803392779462
1283299200,0.995650282731622
1283320800,0.9949543279686814
1283342400,0.9954762940408868
1283364000,0.9803392779469329
1283385600,0.9926924749891253
1283407200,0.9944323618964761
1283428800,0.9923444976076552
1283450400,0.9838190517616345
1283472000,0.9848629839060452
1283493600,0.9921705089169199
1283515200,0.9919965202261847
1283536800,0.9916485428447146
1283558400,0.9916485428447146
1283580000,0.9914745541539793
1283601600,0.9911265767725093
1283623200,0.9911265767725093
1283644800,0.9895606785558932
1283666400,0.9758155719878201
1283688000,0.9893866898651584
1283709600,0.9900826446280986
1283731200,0.9902566333188338
1283752800,0.9890387124836879
1283774400,0.9904306220095691
1283796000,0.9892127011744232
1283817600,0.9900826446280986
1283839200,0.9890387124836879
1283860800,0.9892127011744232
1283882400,0.9902566333188338
1283904000,0.9897346672466285
1283925600,0.9897346672466285
1283947200,0.9657242279251843
1283968800,0.9782514136581115
1283990400,0.9791213571117869
1284012000,0.9892127011744232
1284033600,0.9883427577207478
1284055200,0.9876468029578067
1284076800,0.9879947803392777
1284098400,0.9888647237929531
1284120000,0.9895606785558932
1284141600,0.9892127011744232
1284163200,0.9892127011744232
1284184800,0.9890387124836879
1284206400,0.9892127011744232
1284228000,0.9888647237929531
1284249600,0.9749456285341447
1284271200,0.9782514136581115
1284292800,0.9777294475859062
1284314400,0.9871248368856014
1284336000,0.9872988255763366
1284357600,0.9871248368856014
1284379200,0.9879947803392777
1284400800,0.9879947803392777
1284422400,0.9665941713788597
1284444000,0.9657242279251843
1284465600,0.9660722053066544
1284487200,0.9662461939973896
1284508800,0.9657242279251843
1284530400,0.952153110047846
1284552000,0.963636363636363
1284573600,0.9629404088734228
1284595200,0.9624184428012175
1284616800,0.961548499347542
1284638400,0.9827751196172239
1284660000,0.9832970856894292
1284681600,0.984167029143105
1284703200,0.9845150065245751
1284724800,0.9845150065245751
1284746400,0.9796433231839923
1284768000,0.9986080904741188
1284789600,0.9991300565463237
1284811200,0.9989560678555889
1284832800,0.9973901696389729
1284854400,0.9970421922575028
1284876000,0.997738147020443
1284897600,0.9980861244019135
1284919200,0.9959982601130921
1284940800,0.9965202261852975
1284962400,0.9963462374945622
1284984000,0.9973901696389729
1285005600,0.9979121357111782
1285027200,0.9998260113092643
1285048800,0.9984341017833835
1285070400,0.9982601130926483
1285092000,0.9994780339277942
1285113600,0.9860809047411916
1285135200,0.9874728142670723
1285156800,0.9930404523705954
1285178400,0.9966942148760323
1285200000,0.997738147020443
1285221600,0.9965202261852975
1285243200,0.9972161809482376
1285264800,0.9972161809482376
1285286400,0.9966942148760323
1285308000,0.9965202261852975
1285329600,0.9959982601130921
1285351200,0.9963462374945622
1285372800,0.995650282731622
1285394400,0.9970421922575028
1285416000,0.995650282731622
1285437600,0.9963462374945622
1285459200,0.9965202261852975
1285480800,0.9972161809482376
1285502400,0.9965202261852975
1285524000,0.9953023053501515
1285545600,0.9973901696389729
1285567200,0.9970421922575028
1285588800,0.9954762940408868
1285610400,0.9959982601130921
1285632000,0.9958242714223569
1285653600,0.9961722488038274
1285675200,0.9965202261852975
1285696800,0.9963462374945622
1285718400,0.9963462374945622
1285740000,0.9959982601130921
1285761600,0.9959982601130921
1285783200,0.9953023053501515
1285804800,0.9953023053501515
1285826400,0.9958242714223569
1285848000,0.9961722488038274
1285869600,0.995650282731622
1285891200,0.9949543279686814
1285912800,0.9954762940408868
1285934400,0.995650282731622
1285956000,0.9954762940408868
1285977600,0.9959982601130921
1285999200,0.9951283166594167
1286020800,0.9953023053501515
1286042400,0.9951283166594167
1286064000,0.9947803392779462
1286085600,0.973901696389734
1286107200,0.9740756850804693
1286128800,0.9737277076989987
1286150400,0.9725097868638533
1286172000,0.9606785558938662
1286193600,0.9603305785123961
1286215200,0.9585906916050453
1286236800,0.9585906916050453
1286258400,0.9566768160069592
1286280000,0.9566768160069592
1286301600,0.9568508046976936
1286323200,0.9559808612440182
1286344800,0.9549369290996075
1286366400,0.9544149630274021
1286388000,0.9535450195737267
1286409600,0.9538929969551977
1286431200,0.9528490648107866
1286452800,0.9531970421922566
1286474400,0.9518051326663759
1286496000,0.9512831665941706
1286517600,0.9519791213571112
1286539200,0.9519791213571112
1286560800,0.95058721183123
1286582400,0.9502392344497599
1286604000,0.9495432796868197
1286625600,0.9493692909960845
1286647200,0.9486733362331439
1286668800,0.9486733362331439
1286690400,0.9488473249238791
1286712000,0.9478033927794685
1286733600,0.9476294040887336
1286755200,0.9467594606350578
1286776800,0.9462374945628529
1286798400,0.9460635058721176
1286820000,0.9451935624184422
1286841600,0.9446715963462369
1286863200,0.9441496302740315
1286884800,0.9434536755110909
1286906400,0.9434536755110909
1286928000,0.9431056981296209
1286949600,0.9422357546759454
1286971200,0.9420617659852102
1286992800,0.9415397999130048
1287014400,0.94136581122227
1287036000,0.9415397999130048
1287057600,0.9410178338407995
1287079200,0.9408438451500647
1287100800,0.9411918225315348
1287122400,0.9389299695519786
1287144000,0.9399739016963893
1287165600,0.9389299695519786
1287187200,0.9389299695519786
1287208800,0.9378860374075679
1287230400,0.9385819921705081
1287252000,0.9380600260983032
1287273600,0.9620704654197474
1287295200,0.965550239234449
1287316800,0.9658982166159196
1287338400,0.9672901261418003
1287360000,0.966768160069595
1287381600,0.9672901261418003
1287403200,0.9678120922140057
1287424800,0.968334058286211
1287446400,0.9681600695954757
1287468000,0.9686820356676811
1287489600,0.9697259678120917
1287511200,0.9685080469769458
1287532800,0.9692040017398864
1287554400,0.9702479338842971
1287576000,0.9700739451935618
1287597600,0.9697259678120917
1287619200,0.9692040017398864
1287640800,0.9697259678120917
1287662400,0.9704219225750319
1287684000,0.9709438886472372
1287705600,0.9700739451935618
1287727200,0.9697259678120917
1287748800,0.9709438886472372
1287770400,0.9697259678120917
1287792000,0.9705959112657672
1287813600,0.9700739451935618
1287835200,0.9711178773379725
1287856800,0.970769899956502
1287878400,0.9705959112657672
1287900000,0.9704219225750319
1287921600,0.9709438886472372
1287943200,0.9705959112657672
1287964800,0.9705959112657672
1287986400,0.970769899956502
1288008000,0.970769899956502
1288029600,0.9698999565028266
1288051200,0.9702479338842971
1288072800,0.9711178773379725
1288094400,0.9705959112657672
1288116000,0.9709438886472372
1288137600,0.9719878207916479
1288159200,0.9705959112657672
1288180800,0.970769899956502
1288202400,0.9693779904306212
1288224000,0.970769899956502
1288245600,0.9712918660287073
1288267200,0.9709438886472372
1288288800,0.970769899956502
1288310400,0.9712918660287073
1288332000,0.9705959112657672
1288353600,0.9716398434101778
1288375200,0.9711178773379725
1288396800,0.9719878207916479
1288418400,0.9705959112657672
1288440000,0.9721618094823832
1288461600,0.9716398434101778
1288483200,0.9712918660287073
1288504800,0.9704219225750319
1288526400,0.970769899956502
1288548000,0.9702479338842971
1288569600,0.9704219225750319
1288591200,0.9693779904306212
1288612800,0.9700739451935618
1288634400,0.9704219225750319
1288656000,0.9705959112657672
1288677600,0.9704219225750319
1288699200,0.9718138321009127
1288720800,0.970769899956502
1288742400,0.9718138321009127
1288764000,0.9718138321009127
1288785600,0.9712918660287073
1288807200,0.970769899956502
1288828800,0.970769899956502
1288850400,0.9705959112657672
1288872000,0.9714658547194426
1288893600,0.9711178773379725
1288915200,0.970769899956502
1288936800,0.9705959112657672
1288958400,0.9716398434101778
1288980000,0.9709438886472372
1289001600,0.970769899956502
1289023200,0.9709438886472372
1289044800,0.9709438886472372
1289066400,0.9712918660287073
1289088000,0.9702479338842971
1289109600,0.9702479338842971
1289131200,0.9709438886472372
1289152800,0.9705959112657672
1289174400,0.9709438886472372
1289196000,0.9705959112657672
1289217600,0.9705959112657672
1289239200,0.9704219225750319
1289260800,0.9704219225750319
1289282400,0.9702479338842971
1289304000,0.970769899956502
1289325600,0.9712918660287073
1289347200,0.9709438886472372
1289368800,0.9711178773379725
1289390400,0.9714658547194426
1289412000,0.9712918660287073
1289433600,0.9714658547194426
1289455200,0.9705959112657672
1289476800,0.9711178773379725
1289498400,0.970769899956502
1289520000,0.9711178773379725
1289541600,0.9709438886472372
1289563200,0.9702479338842971
1289584800,0.9704219225750319
1289606400,0.9690300130491512
1289628000,0.9698999565028266
1289649600,0.9705959112657672
1289671200,0.9704219225750319
1289692800,0.9705959112657672
1289714400,0.9695519791213565
1289736000,0.9697259678120917
1289757600,0.9693779904306212
1289779200,0.970769899956502
1289800800,0.9697259678120917
1289822400,0.9702479338842971
1289844000,0.9705959112657672
1289865600,0.9704219225750319
1289887200,0.9702479338842971
1289908800,0.9698999565028266
1289930400,0.970769899956502
1289952000,0.9690300130491512
1289973600,0.9693779904306212
1289995200,0.9698999565028266
1290016800,0.9674641148325351
1290038400,0.9645063070900384
1290060000,0.965202261852979
1290081600,0.9639843410178335
1290103200,0.9643323183993036
1290124800,0.9639843410178335
1290146400,0.9650282731622437
1290168000,0.9634623749456281
1290189600,0.9632883862548929
1290211200,0.9634623749456281
1290232800,0.9631143975641576
1290254400,0.9638103523270982
1290276000,0.9627664201826875
1290297600,0.9629404088734228
1290319200,0.9622444541104822
1290340800,0.9629404088734228
1290362400,0.9627664201826875
1290384000,0.9624184428012175
1290405600,0.9627664201826875
1290427200,0.9618964767290121
1290448800,0.9629404088734228
1290470400,0.9625924314919523
1290492000,0.9617224880382769
1290513600,0.9617224880382769
1290535200,0.9625924314919523
1290556800,0.9624184428012175
1290578400,0.9618964767290121
1290600000,0.9625924314919523
1290621600,0.9617224880382769
1290643200,0.9618964767290121
1290664800,0.9612005219660715
1290686400,0.961548499347542
1290708000,0.961548499347542
1290729600,0.9606785558938662
1290751200,0.9608525445846015
1290772800,0.9612005219660715
1290794400,0.961548499347542
1290816000,0.9613745106568068
1290837600,0.9598086124401908
1290859200,0.9612005219660715
1290880800,0.9610265332753367
1290902400,0.9608525445846015
1290924000,0.9606785558938662
1290945600,0.9603305785123961
1290967200,0.9605045672031314
1290988800,0.9601565898216613
1291010400,0.9606785558938662
1291032000,0.9603305785123961
1291053600,0.9608525445846015
1291075200,0.9603305785123961
1291096800,0.9606785558938662
1291118400,0.9601565898216613
1291140000,0.9612005219660715
1291161600,0.9608525445846015
1291183200,0.9603305785123961
1291204800,0.9603305785123961
1291226400,0.9603305785123961
1291248000,0.9608525445846015
1291269600,0.9592866463679854
1291291200,0.939799913005654
1291312800,0.9563288386254891
1291334400,0.9384080034797733
1291356000,0.9378860374075679
1291377600,0.9368421052631573
1291399200,0.9370160939538925
1291420800,0.936668116572422
1291442400,0.9354501957372765
1291464000,0.9351022183558064
1291485600,0.9342322749021306
1291507200,0.9538929969551977
1291528800,0.9542409743366673
1291550400,0.9551109177903427
1291572000,0.9552849064810784
1291593600,0.9542409743366673
1291615200,0.9612005219660715
1291636800,0.9801652892561976
1291658400,0.9803392779469329
1291680000,0.9796433231839923
1291701600,0.9796433231839923
1291723200,0.9752936059156148
1291744800,0.9735537190082639
1291766400,0.9737277076989987
1291788000,0.9740756850804693
1291809600,0.9742496737712041
1291831200,0.9732057416267934
1291852800,0.9728577642453233
1291874400,0.9725097868638533
1291896000,0.9726837755545881
1291917600,0.9725097868638533
1291939200,0.9719878207916479
1291960800,0.9712918660287073
1291982400,0.9714658547194426
1292004000,0.9716398434101778
1292025600,0.9714658547194426
1292047200,0.9711178773379725
1292068800,0.9702479338842971
1292090400,0.9711178773379725
1292112000,0.9714658547194426
1292133600,0.9705959112657672
1292155200,0.9700739451935618
1292176800,0.9705959112657672
1292198400,0.9702479338842971
1292220000,0.9697259678120917
1292241600,0.9697259678120917
1292263200,0.9700739451935618
1292284800,0.9698999565028266
1292306400,0.9697259678120917
1292328000,0.9542409743366673
1292349600,0.9493692909960845
1292371200,0.9490213136146144
1292392800,0.9488473249238791
1292414400,0.948151370160939
1292436000,0.9474554153979984
1292457600,0.946933449325793
1292479200,0.9467594606350578
1292500800,0.9467594606350578
1292522400,0.9458895171813824
1292544000,0.9448455850369717
1292565600,0.945367551109177
1292587200,0.9438016528925615
1292608800,0.9620704654197474
1292630400,0.9634623749456281
1292652000,0.9695519791213565
1292673600,1.0038277511961717
1292695200,1.0036537625054365
1292716800,1.0040017398869066
1292738400,1.0052196607220525
1292760000,1.0013919095258803
1292781600,0.9987820791648536
1292803200,0.9991300565463237
1292824800,0.999304045237059
1292846400,0.9984341017833835
1292868000,0.9874728142670723
1292889600,0.972335798173118
1292911200,0.9946063505872114
1292932800,0.9951283166594167
1292954400,0.994084384515006
1292976000,0.994084384515006
1292997600,0.9944323618964761
1293019200,0.9935624184428007
1293040800,0.993736407133536
1293062400,0.9935624184428007
1293084000,0.9939103958242708
1293105600,0.993736407133536
1293127200,0.9944323618964761
1293148800,0.984167029143105
1293170400,0.9712918660287073
1293192000,0.9867768595041313
1293213600,0.993736407133536
1293235200,0.9949543279686814
1293256800,0.9949543279686814
1293278400,0.9939103958242708
1293300000,0.9942583732057413
1293321600,0.994084384515006
1293343200,0.9944323618964761
1293364800,0.9949543279686814
1293386400,0.9953023053501515
1293408000,0.9958242714223569
1293429600,0.9949543279686814
1293451200,0.9944323618964761
1293472800,0.9792953458025222
1293494400,0.9930404523705954
1293516000,0.9928664636798601
1293537600,0.9923444976076552
1293559200,0.9923444976076552
1293580800,0.9926924749891253
1293602400,0.9926924749891253
1293624000,0.9921705089169199
1293645600,0.99251848629839
1293667200,0.9916485428447146
1293688800,0.9824271422357538
1293710400,0.9812092214006083
1293732000,0.9900826446280986
1293753600,0.9907785993910392
1293775200,0.9758155719878201
1293796800,0.9879947803392777
1293818400,0.968334058286211
1293840000,0.9688560243584159
1293861600,0.9879947803392777
1293883200,0.9678120922140057
1293904800,0.9672901261418003
1293926400,0.9664201826881249
1293948000,0.965202261852979
1293969600,0.9554588951718128
1293991200,0.9549369290996075
1294012800,0.9850369725967805
1294034400,0.9852109612875153
1294056000,0.9704219225750319
1294077600,0.9834710743801645
1294099200,0.9857329273597206
1294120800,0.986254893431926
1294142400,0.9916485428447146
1294164000,0.999304045237059
1294185600,0.9984341017833835
1294207200,0.9989560678555889
1294228800,0.9999999999999996
1294250400,0.9991300565463237
1294272000,0.9998260113092643
1294293600,0.9991300565463237
1294315200,0.9984341017833835
1294336800,0.9989560678555889
1294358400,0.9991300565463237
1294380000,0.999652022618529
1294401600,0.9986080904741188
1294423200,0.9801652892561976
1294444800,0.9923444976076552
1294466400,0.9966942148760323
1294488000,0.9972161809482376
1294509600,0.9975641583297081
1294531200,0.9970421922575028
1294552800,0.9975641583297081
1294574400,0.9975641583297081
1294596000,0.9972161809482376
1294617600,0.9972161809482376
1294639200,0.9963462374945622
1294660800,0.9973901696389729
1294682400,0.9973901696389729
1294704000,0.9973901696389729
1294725600,0.9966942148760323
1294747200,0.9968682035667675
1294768800,0.9968682035667675
1294790400,0.9965202261852975
1294812000,0.9961722488038274
1294833600,0.9965202261852975
1294855200,0.9963462374945622
1294876800,0.9953023053501515
1294898400,0.9963462374945622
1294920000,0.9965202261852975
1294941600,0.9968682035667675
1294963200,0.9965202261852975
1294984800,0.9958242714223569
1295006400,0.9959982601130921
1295028000,0.9961722488038274
1295049600,0.995650282731622
1295071200,0.995650282731622
1295092800,0.9958242714223569
1295114400,0.9959982601130921
1295136000,0.9961722488038274
1295157600,0.9958242714223569
1295179200,0.9954762940408868
1295200800,0.9951283166594167
1295222400,0.9954762940408868
1295244000,0.9947803392779462
1295265600,0.9951283166594167
1295287200,0.9942583732057413
1295308800,0.9949543279686814
1295330400,0.9951283166594167
1295352000,0.9946063505872114
1295373600,0.9954762940408868
1295395200,0.9949543279686814
1295416800,0.9942583732057413
1295438400,0.9939103958242708
1295460000,0.9947803392779462
1295481600,0.9946063505872114
1295503200,0.9942583732057413
1295524800,0.9947803392779462
1295546400,0.9951283166594167
1295568000,0.9946063505872114
1295589600,0.994084384515006
1295611200,0.994084384515006
1295632800,0.9944323618964761
1295654400,0.9744236624619393
1295676000,0.9587646802957801
1295697600,0.9565028273162239
1295719200,0.9558068725532838
1295740800,0.9544149630274021
1295762400,0.9531970421922566
1295784000,0.9530230535015214
1295805600,0.94136581122227
1295827200,0.9408438451500647
1295848800,0.9394519356241839
1295870400,0.9385819921705081
1295892000,0.9378860374075679
1295913600,0.9370160939538925
1295935200,0.936668116572422
1295956800,0.9349282296650712
1295978400,0.9344062635928658
1296000000,0.9333623314484552
1296021600,0.9337103088299257
1296043200,0.9323183993040445
1296064800,0.9312744671596342
1296086400,0.9319704219225744
1296108000,0.9298825576337535
1296129600,0.9304045237059584
1296151200,0.9300565463244883
1296172800,0.9288386254893428
1296194400,0.9293605915615482
1296216000,0.9276207046541969
1296237600,0.9554588951718128
1296259200,0.9565028273162239
1296280800,0.9565028273162239
1296302400,0.9618964767290121
1296324000,0.9629404088734228
1296345600,0.972335798173118
1296367200,0.9726837755545881
1296388800,0.9735537190082639
1296410400,0.9732057416267934
1296432000,0.9733797303175287
1296453600,0.9749456285341447
1296475200,0.9745976511526742
1296496800,0.9737277076989987
1296518400,0.9747716398434094
1296540000,0.9751196172248795
1296561600,0.9752936059156148
1296583200,0.9756415832970848
1296604800,0.9745976511526742
1296626400,0.9745976511526742
1296648000,0.97546759460635
1296669600,0.9747716398434094
1296691200,0.9759895606785554
1296712800,0.9737277076989987
1296734400,0.9756415832970848
1296756000,0.9742496737712041
1296777600,0.9752936059156148
1296799200,0.9751196172248795
1296820800,0.9763375380600254
1296842400,0.9756415832970848
1296864000,0.9751196172248795
1296885600,0.9751196172248795
1296907200,0.9751196172248795
1296928800,0.9761635493692902
1296950400,0.9758155719878201
1296972000,0.9752936059156148
1296993600,0.97546759460635
1297015200,0.9758155719878201
1297036800,0.9751196172248795
1297058400,0.9768595041322308
1297080000,0.9759895606785554
1297101600,0.9758155719878201
1297123200,0.9759895606785554
1297144800,0.9758155719878201
1297166400,0.9752936059156148
1297188000,0.9758155719878201
1297209600,0.97546759460635
1297231200,0.9758155719878201
1297252800,0.9758155719878201
1297274400,0.9752936059156148
1297296000,0.9749456285341447
1297317600,0.9759895606785554
1297339200,0.9752936059156148
1297360800,0.97546759460635
1297382400,0.9759895606785554
1297404000,0.9756415832970848
1297425600,0.97546759460635
1297447200,0.9756415832970848
1297468800,0.9763375380600254
1297490400,0.9752936059156148
1297512000,0.9747716398434094
1297533600,0.97546759460635
1297555200,0.9756415832970848
1297576800,0.9756415832970848
1297598400,0.9747716398434094
1297620000,0.9756415832970848
1297641600,0.97546759460635
1297663200,0.97546759460635
1297684800,0.9752936059156148
1297706400,0.9759895606785554
1297728000,0.9758155719878201
1297749600,0.9763375380600254
1297771200,0.97546759460635
1297792800,0.9756415832970848
1297814400,0.9761635493692902
1297836000,0.9751196172248795
1297857600,0.9756415832970848
1297879200,0.9756415832970848
1297900800,0.9766855154414955
1297922400,0.9758155719878201
1297944000,0.9759895606785554
1297965600,0.9756415832970848
1297987200,0.9759895606785554
1298008800,0.9751196172248795
1298030400,0.97546759460635
1298052000,0.97546759460635
1298073600,0.9758155719878201
1298095200,0.9761635493692902
1298116800,0.9768595041322308
1298138400,0.97546759460635
1298160000,0.97546759460635
1298181600,0.9761635493692902
1298203200,0.97546759460635
1298224800,0.9758155719878201
1298246400,0.9756415832970848
1298268000,0.97546759460635
1298289600,0.9761635493692902
1298311200,0.9768595041322308
1298332800,0.9763375380600254
1298354400,0.9752936059156148
1298376000,0.9749456285341447
1298397600,0.9758155719878201
1298419200,0.97546759460635
1298440800,0.97546759460635
1298462400,0.9749456285341447
1298484000,0.9756415832970848
1298505600,0.9747716398434094
1298527200,0.9749456285341447
1298548800,0.9747716398434094
1298570400,0.9756415832970848
1298592000,0.9751196172248795
1298613600,0.9744236624619393
1298635200,0.9742496737712041
1298656800,0.9751196172248795
1298678400,0.9744236624619393
1298700000,0.9749456285341447
1298721600,0.9747716398434094
1298743200,0.9737277076989987
1298764800,0.9740756850804693
1298786400,0.9751196172248795
1298808000,0.9747716398434094
1298829600,0.9745976511526742
1298851200,0.9747716398434094
1298872800,0.973901696389734
1298894400,0.9745976511526742
1298916000,0.9742496737712041
1298937600,0.9742496737712041
1298959200,0.973901696389734
1298980800,0.9747716398434094
1299002400,0.9747716398434094
1299024000,0.9749456285341447
1299045600,0.9745976511526742
1299067200,0.9761635493692902
1299088800,0.9749456285341447
1299110400,0.9745976511526742
1299132000,0.97546759460635
1299153600,0.9756415832970848
1299175200,0.9745976511526742
1299196800,0.9749456285341447
1299218400,0.9751196172248795
1299240000,0.9751196172248795
1299261600,0.9749456285341447
1299283200,0.9747716398434094
1299304800,0.9751196172248795
1299326400,0.9744236624619393
1299348000,0.9744236624619393
1299369600,0.973901696389734
1299391200,0.9747716398434094
1299412800,0.9744236624619393
1299434400,0.9745976511526742
1299456000,0.9740756850804693
1299477600,0.9744236624619393
1299499200,0.973901696389734
1299520800,0.9751196172248795
1299542400,0.9745976511526742
1299564000,0.9749456285341447
1299585600,0.9744236624619393
1299607200,0.9747716398434094
1299628800,0.9745976511526742
1299650400,0.9742496737712041
1299672000,0.9742496737712041
1299693600,0.973901696389734
1299715200,0.9728577642453233
1299736800,0.9742496737712041
1299758400,0.973901696389734
1299780000,0.9737277076989987
1299801600,0.9740756850804693
1299823200,0.973901696389734
1299844800,0.9730317529360586
1299866400,0.9732057416267934
1299888000,0.9735537190082639
1299909600,0.9730317529360586
1299931200,0.9735537190082639
1299952800,0.9740756850804693
1299974400,0.9737277076989987
1299996000,0.9732057416267934
1300017600,0.9735537190082639
1300039200,0.973901696389734
1300060800,0.9695519791213565
1300082400,0.9676381035232704
1300104000,0.968334058286211
1300125600,0.9679860809047405
1300147200,0.9672901261418003
1300168800,0.9671161374510651
1300190400,0.9676381035232704
1300212000,0.9672901261418003
1300233600,0.9464114832535877
1300255200,0.9425837320574155
1300276800,0.9438016528925615
1300298400,0.9432796868203561
1300320000,0.9424097433666803
1300341600,0.9429317094388856
1300363200,0.9408438451500647
1300384800,0.9415397999130048
1300406400,0.9404958677685942
1300428000,0.9612005219660715
1300449600,0.9618964767290121
1300471200,0.9612005219660715
1300492800,0.9617224880382769
1300514400,0.961548499347542
1300536000,0.9625924314919523
1300557600,0.9620704654197474
1300579200,0.9671161374510651
1300600800,0.9672901261418003
1300622400,0.9679860809047405
1300644000,0.9681600695954757
1300665600,0.984167029143105
1300687200,0.9836450630708997
1300708800,0.9839930404523698
1300730400,0.9834710743801645
1300752000,0.9838190517616345
1300773600,0.9798173118747275
1300795200,0.9779034362766414
1300816800,0.9782514136581115
1300838400,0.9777294475859062
1300860000,0.9785993910395816
1300881600,0.9775554588951709
1300903200,0.9765115267507603
1300924800,0.9777294475859062
1300946400,0.9765115267507603
1300968000,0.9773814702044361
1300989600,0.9763375380600254
1301011200,0.9772074815137008
1301032800,0.9761635493692902
1301054400,0.9763375380600254
1301076000,0.9759895606785554
1301097600,0.9766855154414955
1301119200,0.9761635493692902
1301140800,0.9761635493692902
1301162400,0.9761635493692902
1301184000,0.9756415832970848
1301205600,0.9752936059156148
1301227200,0.97546759460635
1301248800,0.9758155719878201
1301270400,0.97546759460635
1301292000,0.9759895606785554
1301313600,0.9752936059156148
1301335200,0.9745976511526742
1301356800,0.9745976511526742
1301378400,0.9742496737712041
1301400000,0.9745976511526742
1301421600,0.9747716398434094
1301443200,0.9752936059156148
1301464800,0.9747716398434094
1301486400,0.9744236624619393
1301508000,0.9749456285341447
1301529600,0.9745976511526742
1301551200,0.9745976511526742
1301572800,0.973901696389734
1301594400,0.9745976511526742
1301616000,0.9735537190082639
1301637600,0.9744236624619393
1301659200,0.973901696389734
1301680800,0.9730317529360586
1301702400,0.9735537190082639
1301724000,0.973901696389734
1301745600,0.9735537190082639
1301767200,0.973901696389734
1301788800,0.9737277076989987
1301810400,0.9744236624619393
1301832000,0.973901696389734
1301853600,0.9733797303175287
1301875200,0.9732057416267934
1301896800,0.9735537190082639
1301918400,0.9732057416267934
1301940000,0.9730317529360586
1301961600,0.9732057416267934
1301983200,0.9730317529360586
1302004800,0.9737277076989987
1302026400,0.972335798173118
1302048000,0.9726837755545881
1302069600,0.9726837755545881
1302091200,0.9719878207916479
1302112800,0.9719878207916479
1302134400,0.972335798173118
1302156000,0.9718138321009127
1302177600,0.9718138321009127
1302199200,0.9726837755545881
1302220800,0.9716398434101778
1302242400,0.9766855154414955
1302264000,1.0038277511961717
1302285600,1.004349717268377
1302307200,1.0046976946498472
1302328800,1.004871683340582
