timestamp,value
1222819200,
1222840800,
1222862400,
1222884000,
1222905600,
1222927200,
1222948800,
1222970400,
1222992000,
1223013600,
1223035200,
1223056800,
1223078400,
1223100000,
1223121600,
1223143200,
1223164800,
1223186400,
1223208000,
1223229600,
1223251200,
1223272800,
1223294400,
1223316000,
1223337600,
1223359200,
1223380800,
1223402400,
1223424000,
1223445600,
1223467200,
1223488800,
1223510400,
1223532000,
1223553600,
1223575200,-0.4461549119226992
1223596800,-0.4478455940147069
1223618400,-0.4497085990710834
1223640000,-0.4516914394054713
1223661600,-0.45373697700039767
1223683200,-0.45579581677483
1223704800,-0.45779707563319977
1223726400,-0.4596926785885854
1223748000,-0.4614887825468232
1223769600,-0.4632262021831897
1223791200,-0.46494042059742097
1223812800,-0.46663535512944604
1223834400,-0.4683155970633711
1223856000,-0.46998573769211516
1223877600,-0.4716493540116976
1223899200,-0.4733119722877895
1223920800,-0.47497483509610633
1223942400,-0.47663032064808986
1223964000,-0.47828069441269794
1223985600,-0.4799356893764745
1224007200,-0.48159759634619237
1224028800,-0.48327306182659535
1224050400,-0.4849668766959039
1224072000,-0.4866782783081605
1224093600,-0.4884034491303978
1224115200,-0.49012553703139405
1224136800,-0.49184898816215755
1224158400,-0.4935882398893749
1224180000,-0.49530451739453163
1224201600,-0.4969202943156516
1224223200,-0.4982930987427525
1224244800,-0.49912183741232036
1224266400,-0.49965468084259834
1224288000,-0.4999982955784445
1224309600,-0.500174915073568
1224331200,-0.5001913057664082
1224352800,-0.5000187591761382
1224374400,-0.49962440604126535
1224396000,-0.4990004889088464
1224417600,-0.4981095173653101
1224439200,-0.4969692076148394
1224460800,-0.4956766064569686
1224482400,-0.49429322455980584
1224504000,-0.49284234334419963
1224525600,-0.4913722325820727
1224547200,-0.4899395110495414
1224568800,-0.48857552149128175
1224590400,-0.48729098852584624
1224612000,-0.4861048716442895
1224633600,-0.4850679943481916
1224655200,-0.484201478456609
1224676800,-0.4834939869414188
1224698400,-0.48294490050820366
1224720000,-0.48255679545532026
1224741600,-0.48231823425710973
1224763200,-0.48219007284796445
1224784800,-0.482100251532401
1224806400,-0.48198595176764
1224828000,-0.4818259730475167
1224849600,-0.4816312435746524
1224871200,-0.4814590806993456
1224892800,-0.4813755064723142
1224914400,-0.48143305127740266
1224936000,-0.4816629841142649
1224957600,-0.48206194366386274
1224979200,-0.4825684978379741
1225000800,-0.4830996424773839
1225022400,-0.4836023911759019
1225044000,-0.4840288237274868
1225065600,-0.48432153437086434
1225087200,-0.4844190860320987
1225108800,-0.4842635675047756
1225130400,-0.48381830799490677
1225152000,-0.48311578583464515
1225173600,-0.4822482582124184
1225195200,-0.48129471997523027
1225216800,-0.48030628137459014
1225238400,-0.4793551649741862
1225260000,-0.47848811424724574
1225281600,-0.47769863735543466
1225303200,-0.4769487435989555
1225324800,-0.47622235076001423
1225346400,-0.4755395411987249
1225368000,-0.4748999927764806
1225389600,-0.4742640528342586
1225411200,-0.47356239495193336
1225432800,-0.4727286650400185
1225454400,-0.4717321272277083
1225476000,-0.47060990026245114
1225497600,-0.4694230514409783
1225519200,-0.4682682891895449
1225540800,-0.4672370805718017
1225562400,-0.4663451854070595
1225584000,-0.4655900228726539
1225605600,-0.46497559088723084
1225627200,-0.4645249562174072
1225648800,-0.4642894004820388
1225670400,-0.46429098415895265
1225692000,-0.464526263194654
1225713600,-0.464999473029001
1225735200,-0.4656370710401272
1225756800,-0.4663372165424904
1225778400,-0.46706518349732334
1225800000,-0.4678174034040424
1225821600,-0.46860103868025405
1225843200,-0.46943481493794936
1225864800,-0.4703672314458414
1225886400,-0.4714546683402047
1225908000,-0.4727172304055446
1225929600,-0.4741553961692374
1225951200,-0.47577641499538886
1225972800,-0.47753488951414963
1225994400,-0.47933067210026364
1226016000,-0.4811138016827581
1226037600,-0.4828764163405781
1226059200,-0.48462171114729685
1226080800,-0.48637524211269645
1226102400,-0.4881691439116264
1226124000,-0.49000971994077264
1226145600,-0.49185783703272656
1226167200,-0.4936340566913058
1226188800,-0.49527861995850264
1226210400,-0.49678530234474116
1226232000,-0.498172672875945
1226253600,-0.4994504665069665
1226275200,-0.5006196550805104
1226296800,-0.5016870217589177
1226318400,-0.5026598130922002
1226340000,-0.5035176353410062
1226361600,-0.5042144823014691
1226383200,-0.5047356171195573
1226404800,-0.5050652876471396
1226426400,-0.5051589857541544
1226448000,-0.5049716937559171
1226469600,-0.5044408563263725
1226491200,-0.5035178609271341
1226512800,-0.5022191679749044
1226534400,-0.5006224319356665
1226556000,-0.4988275077499632
1226577600,-0.49692465150264
1226599200,-0.49500470237922517
1226620800,-0.4931315773644235
1226642400,-0.49131782973336163
1226664000,-0.48956615755602656
1226685600,-0.4879138577273362
1226707200,-0.48639630650504556
1226728800,-0.4850315891613689
1226750400,-0.4838351316674533
1226772000,-0.48280933351647864
1226793600,-0.4819425751965072
1226815200,-0.4811892683993806
1226836800,-0.4805084601404183
1226858400,-0.47986097258198274
1226880000,-0.47920437573951435
1226901600,-0.4785312725195531
1226923200,-0.4778746207035988
1226944800,-0.4773047902225434
1226966400,-0.47690477909258366
1226988000,-0.47671112632892054
1227009600,-0.476698166110359
1227031200,-0.47684892316217226
1227052800,-0.47709623567483034
1227074400,-0.4773584068958905
1227096000,-0.47762056886452486
1227117600,-0.4778756706340056
1227139200,-0.4780998527156447
1227160800,-0.4782209095890089
1227182400,-0.47816013819345154
1227204000,-0.4778613068314405
1227225600,-0.47728077098699573
1227247200,-0.4764382059551286
1227268800,-0.4754641132766335
1227290400,-0.47454270090613476
1227312000,-0.47377151877004336
1227333600,-0.4731650461046503
1227355200,-0.47271817654266335
1227376800,-0.47240835983509016
1227398400,-0.472147998820971
1227420000,-0.47185622774364117
1227441600,-0.4715020120675496
1227463200,-0.47104668488790785
1227484800,-0.4704424390654991
1227506400,-0.4696246212683438
1227528000,-0.4685152189382083
1227549600,-0.46705468078050705
1227571200,-0.46523514137661315
1227592800,-0.46308083482500784
1227614400,-0.4606182916074245
1227636000,-0.4579170047808348
1227657600,-0.4551250885597791
1227679200,-0.45236499833099536
1227700800,-0.4497091196139603
1227722400,-0.44724436812888657
1227744000,-0.44503081878735845
1227765600,-0.4430601030455675
1227787200,-0.44130436706514803
1227808800,-0.439728076139707
1227830400,-0.43824609789881885
1227852000,-0.4367682503073828
1227873600,-0.4352643358278984
1227895200,-0.43374047555397777
1227916800,-0.43219962998338324
1227938400,-0.43067108518908004
1227960000,-0.4292511696385505
1227981600,-0.4280223764617247
1228003200,-0.42702469257634446
1228024800,-0.42627974867803975
1228046400,-0.4257701329274619
1228068000,-0.4254258859805802
1228089600,-0.4251627691871554
1228111200,-0.4249113265586049
1228132800,-0.42461656488496113
1228154400,-0.4242770412948915
1228176000,-0.42392046843762893
1228197600,-0.4235624461680755
1228219200,-0.4231609240417427
1228240800,-0.42263922112840985
1228262400,-0.4219364191334422
1228284000,-0.42102276132569655
1228305600,-0.4199076664320137
1228327200,-0.4186133924830937
1228348800,-0.4172132853169092
1228370400,-0.4157745466422572
1228392000,-0.4143184373063443
1228413600,-0.41285866862367815
1228435200,-0.411391808026832
1228456800,-0.4099195853009415
1228478400,-0.40844099137917833
1228500000,-0.4069589865145341
1228521600,-0.405481391704607
1228543200,-0.40395837687364755
1228564800,-0.402284874273502
1228586400,-0.4003734109501283
1228608000,-0.3981793033494434
1228629600,-0.39568770669569986
1228651200,-0.3929104614454239
1228672800,-0.38985107833205634
1228694400,-0.3865561785906632
1228716000,-0.3831102684227579
1228737600,-0.37959262379090114
1228759200,-0.3760782488038465
1228780800,-0.37261735423904424
1228802400,-0.3692536504789748
1228824000,-0.3660112614726704
1228845600,-0.36291458772146035
1228867200,-0.35999492234828506
1228888800,-0.35729504272157053
1228910400,-0.35485714723336476
1228932000,-0.3527213655190764
1228953600,-0.350860571323707
1228975200,-0.3492139241174886
1228996800,-0.34777045396430917
1229018400,-0.34653318598008914
1229040000,-0.3455323731502303
1229061600,-0.3448407260827055
1229083200,-0.34454097656688387
1229104800,-0.3446832283464315
1229126400,-0.34528256896436993
1229148000,-0.3463199378321863
1229169600,-0.3477137097234171
1229191200,-0.34933420673545246
1229212800,-0.35108767629056387
1229234400,-0.352910174803792
1229256000,-0.35467873053036425
1229277600,-0.35628623969674705
1229299200,-0.35768627491144184
1229320800,-0.35885431636778287
1229342400,-0.359824662301209
1229364000,-0.36071151731626705
1229385600,-0.36165392742271074
1229407200,-0.36274488578791875
1229428800,-0.3640299666523294
1229450400,-0.36551567905791155
1229472000,-0.3671769152297896
1229493600,-0.3689521127694114
1229515200,-0.3708131663955833
1229536800,-0.37277383269890346
1229558400,-0.37483344661400614
1229580000,-0.3769795504145098
1229601600,-0.3791828232212595
1229623200,-0.3813753806903239
1229644800,-0.38348205717862355
1229666400,-0.38547997205491835
1229688000,-0.3873611514304004
1229709600,-0.38912176099035223
1229731200,-0.3908043000889252
1229752800,-0.3924639481857206
1229774400,-0.39413040691452184
1229796000,-0.3958337401865709
1229817600,-0.39760051525110696
1229839200,-0.39946172513226386
1229860800,-0.40145357514113356
1229882400,-0.40356622896072214
1229904000,-0.40577787020966566
1229925600,-0.40808501256197843
1229947200,-0.41047787106028233
1229968800,-0.41294533050288157
1229990400,-0.4154768883578472
1230012000,-0.41805804069453545
1230033600,-0.4206656550577267
1230055200,-0.4233055998115988
1230076800,-0.4260697172069868
1230098400,-0.429054284825135
1230120000,-0.43231106840322386
1230141600,-0.43586962133738827
1230163200,-0.43972207751325315
1230184800,-0.44382296740487814
1230206400,-0.448134448693324
1230228000,-0.45260638322554103
1230249600,-0.4571736865020446
1230271200,-0.46180689597623165
1230292800,-0.46648256548685274
1230314400,-0.47114411015545066
1230336000,-0.4757167541715743
1230357600,-0.48013618670175934
1230379200,-0.48433480516370814
1230400800,-0.4882563533705652
1230422400,-0.49184974917117164
1230444000,-0.4950816258601202
1230465600,-0.49796596138814336
1230487200,-0.5005770803044824
1230508800,-0.5030095017345341
1230530400,-0.5053226713558672
1230552000,-0.5075562743393097
1230573600,-0.5097290187976379
1230595200,-0.5118542131034582
1230616800,-0.5139183996079423
1230638400,-0.515842949688479
1230660000,-0.5175397975864646
1230681600,-0.5189421973407787
1230703200,-0.5200195976719523
1230724800,-0.5207744954308445
1230746400,-0.5212139998973542
1230768000,-0.521366706770237
1230789600,-0.5212666652889028
1230811200,-0.5209196682526284
1230832800,-0.5203438979210006
1230854400,-0.5195680071658523
1230876000,-0.5186015465764043
1230897600,-0.5174579370271402
1230919200,-0.5161772801209102
1230940800,-0.5148035713702157
1230962400,-0.5133552015111834
1230984000,-0.5118401097622086
1231005600,-0.5102820500574969
1231027200,-0.5086597363814364
1231048800,-0.5069144866638396
1231070400,-0.5050370319311519
1231092000,-0.5030353885382113
1231113600,-0.5009308174788156
1231135200,-0.4987808974464698
1231156800,-0.49666442970660124
1231178400,-0.494658387401743
1231200000,-0.49280107530361045
1231221600,-0.491097238755826
1231243200,-0.4895357508239541
1231264800,-0.4881039077627896
1231286400,-0.48681130514845145
1231308000,-0.4856681633181119
1231329600,-0.48467095533119814
1231351200,-0.483799396815968
1231372800,-0.4829466799033219
1231394400,-0.481999171897809
1231416000,-0.480928214383286
1231437600,-0.479735947739687
1231459200,-0.4784324131452704
1231480800,-0.47704703930511755
1231502400,-0.47562348095268947
1231524000,-0.47418603383252356
1231545600,-0.47274542998207414
1231567200,-0.47129706369788427
1231588800,-0.46982300783943887
1231610400,-0.4682939330853028
1231632000,-0.46668665700167633
1231653600,-0.46499152361868923
1231675200,-0.4631922402851422
1231696800,-0.46125908759531414
1231718400,-0.45919102415682217
1231740000,-0.4570292732672473
1231761600,-0.4548047169704958
1231783200,-0.45251731544615953
1231804800,-0.45014059267075923
1231826400,-0.4476609259173721
1231848000,-0.4450911164253163
1231869600,-0.4424156661835552
1231891200,-0.43961058032118433
1231912800,-0.43669697817101183
1231934400,-0.43372834745057576
1231956000,-0.43074490641855384
1231977600,-0.427749157330771
1231999200,-0.424710704741241
1232020800,-0.42157489114988816
1232042400,-0.4183030139746953
1232064000,-0.41488631541761645
1232085600,-0.4113960091839224
1232107200,-0.4079300080658481
1232128800,-0.40452156780324416
1232150400,-0.4011950660718619
1232172000,-0.3980298905030104
1232193600,-0.39510708063391886
1232215200,-0.39247417614653657
1232236800,-0.390149615194081
1232258400,-0.38811173943398203
1232280000,-0.38633498884518536
1232301600,-0.3847640351167391
1232323200,-0.38339247643940044
1232344800,-0.3822644965583258
1232366400,-0.3813792375866472
1232388000,-0.3807258507478961
1232409600,-0.38027830621438985
1232431200,-0.3799825151945246
1232452800,-0.3797683718486634
1232474400,-0.3795769326562595
1232496000,-0.3793885526359421
1232517600,-0.3792108220496056
1232539200,-0.3790340149105287
1232560800,-0.3788780065670178
1232582400,-0.3787792274681067
1232604000,-0.37872756876478864
1232625600,-0.3787104054834417
1232647200,-0.3787068487115486
1232668800,-0.37869989153671096
1232690400,-0.378692833807159
1232712000,-0.37866580658658305
1232733600,-0.3785618211152222
1232755200,-0.37833589883871654
1232776800,-0.37795454869909584
1232798400,-0.3773678143345939
1232820000,-0.37654692138599455
1232841600,-0.3755010929126781
1232863200,-0.3742113507711306
1232884800,-0.3726137831890285
1232906400,-0.3707138615299479
1232928000,-0.3685627730412444
1232949600,-0.36617863987863625
1232971200,-0.36357424916802555
1232992800,-0.36078843466640176
1233014400,-0.35785251836862986
1233036000,-0.35475806292045137
1233057600,-0.3515070994997085
1233079200,-0.3481349258225116
1233100800,-0.34470813379169607
1233122400,-0.34125165911097893
1233144000,-0.3377514602260453
1233165600,-0.3342583055298032
1233187200,-0.33084565096966273
1233208800,-0.32755811528516104
1233230400,-0.32445872547996957
1233252000,-0.32161905855318595
1233273600,-0.31907780151792864
1233295200,-0.31687054020299105
1233316800,-0.3150583548270171
1233338400,-0.31367564613992177
1233360000,-0.31270313595320665
1233381600,-0.3120835267288866
1233403200,-0.3117959767744061
1233424800,-0.311841076446505
1233446400,-0.31218728476868873
1233468000,-0.3127624891064075
1233489600,-0.3134698796134986
1233511200,-0.3142417453076901
1233532800,-0.31506009472854035
1233554400,-0.3159691554597362
1233576000,-0.3170262147524924
1233597600,-0.3182868158193333
1233619200,-0.31971364149379655
1233640800,-0.3212094890623743
1233662400,-0.3227197874347132
1233684000,-0.3242005355885583
1233705600,-0.32562373818408813
1233727200,-0.3269716599619779
1233748800,-0.32823514339362986
1233770400,-0.3294181671870177
1233792000,-0.3305307938692606
1233813600,-0.3315728848702385
1233835200,-0.33257022581387724
1233856800,-0.3335448673236586
1233878400,-0.33448410666473116
1233900000,-0.3353816126899574
1233921600,-0.33619254311256686
1233943200,-0.3368553305591889
1233964800,-0.3373306102875945
1233986400,-0.3375823267659444
1234008000,-0.3376160251791715
1234029600,-0.3374725302879503
1234051200,-0.3371793468652512
1234072800,-0.33675994820505617
1234094400,-0.33623211827571453
1234116000,-0.33558518963030015
1234137600,-0.33479529316301265
1234159200,-0.3338969520561294
1234180800,-0.33301910831247433
1234202400,-0.3322536388220022
1234224000,-0.3316161874840506
1234245600,-0.33114740330796155
1234267200,-0.3308857787866597
1234288800,-0.33083590502192517
1234310400,-0.33101534149996625
1234332000,-0.33144176634502664
1234353600,-0.33210666870545463
1234375200,-0.3330036921978638
1234396800,-0.33412865258064933
1234418400,-0.33551899492906934
1234440000,-0.33722847873090195
1234461600,-0.33924979117034704
1234483200,-0.34155379576018374
1234504800,-0.3441107430873869
1234526400,-0.34686584204363513
1234548000,-0.3497499094957307
1234569600,-0.35272832050566305
1234591200,-0.3557892419157104
1234612800,-0.35889627778520283
1234634400,-0.3619804642150295
1234656000,-0.36498066184088507
1234677600,-0.3678576381452424
1234699200,-0.37054142312505267
1234720800,-0.37296922282260003
1234742400,-0.3751317858703995
1234764000,-0.3770595679393896
1234785600,-0.3787847878526247
1234807200,-0.38033114316611694
1234828800,-0.381714040514261
1234850400,-0.3828951403863701
1234872000,-0.38382712858248036
1234893600,-0.3844777596469817
1234915200,-0.3848697213701558
1234936800,-0.385058977974526
1234958400,-0.38508268264893103
1234980000,-0.384966152039638
1235001600,-0.38473615296494246
1235023200,-0.38445292024940686
1235044800,-0.3841627538472175
1235066400,-0.38387239332761836
1235088000,-0.38357186574221547
1235109600,-0.383246918804525
1235131200,-0.38286247520242644
1235152800,-0.38240268494774626
1235174400,-0.3818832223426142
1235196000,-0.38132025861781826
1235217600,-0.3807716981558444
1235239200,-0.38030583845260035
1235260800,-0.3799768808478403
1235282400,-0.3797938625726547
1235304000,-0.3796990304857861
1235325600,-0.3796457924302152
1235347200,-0.3796178249180075
1235368800,-0.37959489560721615
1235390400,-0.3795460291640856
1235412000,-0.3794297655772358
1235433600,-0.37921955743197017
1235455200,-0.3789505665399625
1235476800,-0.37867132772245227
1235498400,-0.37847024181013783
1235520000,-0.37847022981460104
1235541600,-0.37874083341340714
1235563200,-0.3793228184222034
1235584800,-0.3802159203327983
1235606400,-0.38138348362255864
1235628000,-0.38279993699748877
1235649600,-0.38445815842276687
1235671200,-0.38633170553396035
1235692800,-0.38834561416978697
1235714400,-0.39037791027787677
1235736000,-0.3923358390371941
1235757600,-0.39419408669921624
1235779200,-0.39592396844677713
1235800800,-0.39753169575433167
1235822400,-0.3990497682641195
1235844000,-0.4004816766015806
1235865600,-0.4017993040154554
1235887200,-0.4029641379770609
1235908800,-0.4039533148221207
1235930400,-0.4048054376548782
1235952000,-0.40561916225610567
1235973600,-0.4064555715404525
1235995200,-0.4073399036264601
1236016800,-0.4082812014358814
1236038400,-0.409238325815239
1236060000,-0.4101213853672347
1236081600,-0.41085205273357095
1236103200,-0.4113833905231929
1236124800,-0.4116706134150812
1236146400,-0.41167320652427225
1236168000,-0.4113678555176731
1236189600,-0.4107757341541911
1236211200,-0.4099269102272821
1236232800,-0.4088208622347473
1236254400,-0.40745607911186776
1236276000,-0.40585833785187103
1236297600,-0.40408087537988246
1236319200,-0.40215069967195
1236340800,-0.400087994186318
1236362400,-0.39792536844351173
1236384000,-0.3956842523508532
1236405600,-0.39339025201431715
1236427200,-0.3910817170439751
1236448800,-0.3887723581543554
1236470400,-0.3864461907834821
1236492000,-0.3840677233036153
1236513600,-0.38161748439641474
1236535200,-0.3791061764488263
1236556800,-0.3765393882276414
1236578400,-0.37397952746699265
1236600000,-0.3715355891480001
1236621600,-0.3692999954415813
1236643200,-0.36731900695801667
1236664800,-0.36559620647946056
1236686400,-0.36412814967731466
1236708000,-0.362938910425238
1236729600,-0.3620544888716741
1236751200,-0.361427029582069
1236772800,-0.3609639288348536
1236794400,-0.360543337430748
1236816000,-0.3600703589727351
1236837600,-0.35950730430558
1236859200,-0.3588251517473356
1236880800,-0.3580393219548975
1236902400,-0.35718761620988687
1236924000,-0.3562969806107221
1236945600,-0.3554132670600158
1236967200,-0.35458499451013614
1236988800,-0.3538474964349554
1237010400,-0.353261164617294
1237032000,-0.3528274916967503
1237053600,-0.3524740449315518
1237075200,-0.3521325484106415
1237096800,-0.3517226654759476
1237118400,-0.35119694020064784
1237140000,-0.3505547796033604
1237161600,-0.3498235061938044
1237183200,-0.3490428933973662
1237204800,-0.34825362765028633
1237226400,-0.34744795667553596
1237248000,-0.34656432458914516
1237269600,-0.3455619446237702
1237291200,-0.3444351815542521
1237312800,-0.34323291505722786
1237334400,-0.3420318221137162
1237356000,-0.3408934676052504
1237377600,-0.3398642934616854
1237399200,-0.33898320266033943
1237420800,-0.33826307133686223
1237442400,-0.33770851950660563
1237464000,-0.33732106248310406
1237485600,-0.33704508125249444
1237507200,-0.3368300161234931
1237528800,-0.3366790088010122
1237550400,-0.33660249228314537
1237572000,-0.336632357027907
1237593600,-0.33682734064686937
1237615200,-0.3372407586594757
1237636800,-0.33789347266844283
1237658400,-0.3387626156980247
1237680000,-0.3398306963020228
1237701600,-0.34109683716168915
1237723200,-0.34257026979038435
1237744800,-0.3442798317344369
1237766400,-0.3462901419173054
1237788000,-0.348684337810529
1237809600,-0.3514713605941474
1237831200,-0.3545609099284049
1237852800,-0.35785907042309456
1237874400,-0.3612860334427178
1237896000,-0.36476659762435687
1237917600,-0.3682428242742049
1237939200,-0.37166924815600005
1237960800,-0.3750387104701487
1237982400,-0.37836961701793703
1238004000,-0.3816913824585559
1238025600,-0.38505059705495487
1238047200,-0.3884907817091401
1238068800,-0.3920220282405472
1238090400,-0.3956216606327466
1238112000,-0.3991921374052577
1238133600,-0.4025932185686132
1238155200,-0.40571466864783023
1238176800,-0.4084602593523117
1238198400,-0.41077431553582705
1238220000,-0.4126421061250962
1238241600,-0.4140316960475739
1238263200,-0.4149189069676973
1238284800,-0.41529960708874963
1238306400,-0.41515559629635546
1238328000,-0.41450098138424873
1238349600,-0.4133926269553912
1238371200,-0.4119286304276506
1238392800,-0.4102350530452838
1238414400,-0.40836791870237277
1238436000,-0.40635391122040115
1238457600,-0.40423033766981836
1238479200,-0.4020225793334221
1238500800,-0.3997578051730214
1238522400,-0.3975051293746142
1238544000,-0.3953136334148429
1238565600,-0.3931868258362787
1238587200,-0.3911276117362657
1238608800,-0.3890972400424021
1238630400,-0.38706247530640936
1238652000,-0.3850226790267001
1238673600,-0.3830062332655313
1238695200,-0.3810429888081534
1238716800,-0.3791689722162445
1238738400,-0.3774324224503996
1238760000,-0.37588539366278195
1238781600,-0.3745508396280279
1238803200,-0.37340698577785425
1238824800,-0.3724288152677392
1238846400,-0.37156485704254094
1238868000,-0.3707408108407966
1238889600,-0.36989485242658615
1238911200,-0.36899238943388785
1238932800,-0.36801104781415966
1238954400,-0.3669879382236399
1238976000,-0.365964505575631
1238997600,-0.36493058818591084
1239019200,-0.36387234182471084
1239040800,-0.3627663380401555
1239062400,-0.36156063039912695
1239084000,-0.3602170049972229
1239105600,-0.35873787795189227
1239127200,-0.3571468295250759
1239148800,-0.35546609722661177
1239170400,-0.35369306912582904
1239192000,-0.351828111863126
1239213600,-0.34988425157746367
1239235200,-0.34788018161702045
1239256800,-0.3458167864602597
1239278400,-0.34367060746762385
1239300000,-0.34137940757053953
1239321600,-0.3388708997948595
1239343200,-0.33610993344294277
1239364800,-0.3330940815767381
1239386400,-0.3298601568649596
1239408000,-0.3265156945136244
1239429600,-0.3231864370285988
1239451200,-0.3199895068584653
1239472800,-0.31704033651924884
1239494400,-0.3143932302482534
1239516000,-0.31205207704190974
1239537600,-0.3099969924749318
1239559200,-0.30817261631046405
1239580800,-0.3065066255297281
1239602400,-0.3049687867439595
1239624000,-0.3035885454917074
1239645600,-0.302448071684336
1239667200,-0.30164510052893123
1239688800,-0.3012080338936984
1239710400,-0.3011573754892563
1239732000,-0.30150714060676914
1239753600,-0.30222446359708544
1239775200,-0.3032800941483755
1239796800,-0.30463291861706077
1239818400,-0.3062290411454843
1239840000,-0.30805663460035243
1239861600,-0.310147272673707
1239883200,-0.31252495558654425
1239904800,-0.31518768184905777
1239926400,-0.318084463002011
1239948000,-0.3211694067723815
1239969600,-0.32440814346980584
1239991200,-0.32776367728281164
1240012800,-0.3312069829333152
1240034400,-0.3346735736531923
1240056000,-0.3380470130811094
1240077600,-0.34128123644888536
1240099200,-0.3444133277468517
1240120800,-0.34748212205936785
1240142400,-0.3505749857675356
1240164000,-0.3537538008673891
1240185600,-0.35698184916736536
1240207200,-0.36018425283888494
1240228800,-0.36330690400466287
1240250400,-0.36629784419911415
1240272000,-0.369119996573502
1240293600,-0.3717656257823403
1240315200,-0.37426517950926974
1240336800,-0.3766571633350016
1240358400,-0.37894177562686326
1240380000,-0.3811070437839185
1240401600,-0.38313109671023254
1240423200,-0.3849906155373115
1240444800,-0.3866860726567898
1240466400,-0.3882675532778948
1240488000,-0.38977481320553653
1240509600,-0.3912164128804353
1240531200,-0.39261338023631326
1240552800,-0.39402095114131935
1240574400,-0.395500245297127
1240596000,-0.397109604191274
1240617600,-0.398876898677729
1240639200,-0.40079274000049725
1240660800,-0.40285682672238476
1240682400,-0.4050779958805022
1240704000,-0.40745652772047475
1240725600,-0.40999847690986846
1240747200,-0.4126948270904043
1240768800,-0.41548845245734767
1240790400,-0.4183377023533463
1240812000,-0.42123518949334193
1240833600,-0.4241915656870623
1240855200,-0.4272431720958827
1240876800,-0.43047971502212795
1240898400,-0.4339723553160293
1240920000,-0.4377061816266434
1240941600,-0.4415762871092588
1240963200,-0.4454276835811755
1240984800,-0.44913780215426324
1241006400,-0.45261771819222646
1241028000,-0.4558217899816712
1241049600,-0.4587484059589944
1241071200,-0.4614074215621864
1241092800,-0.4638505742339335
1241114400,-0.4661500590892576
1241136000,-0.4683347668122198
1241157600,-0.47037169472430546
1241179200,-0.4722029840760031
1241200800,-0.4737721014754333
1241222400,-0.47506903851696114
1241244000,-0.4761209112814772
1241265600,-0.47696124194794925
1241287200,-0.47764910254581566
1241308800,-0.47823456923053387
1241330400,-0.47878682069371625
1241352000,-0.47940123613126057
1241373600,-0.48013177338234525
1241395200,-0.4809803406921587
1241416800,-0.4819247635365706
1241438400,-0.48290719964957396
1241460000,-0.4838739588954583
1241481600,-0.48477718467455944
1241503200,-0.48554052993311186
1241524800,-0.4860825366688455
1241546400,-0.4863504342546127
1241568000,-0.48636696224312526
1241589600,-0.4862067402082535
1241611200,-0.4859003422481264
1241632800,-0.4854428071275342
1241654400,-0.48483046876791197
1241676000,-0.484036881660614
1241697600,-0.4830762068079654
1241719200,-0.4820623001960175
1241740800,-0.4811015531965548
1241762400,-0.4802203534936407
1241784000,-0.4794217866728132
1241805600,-0.4786991767921475
1241827200,-0.4780399889944741
1241848800,-0.47740477018864536
1241870400,-0.47675658932475046
1241892000,-0.4760924856510155
1241913600,-0.47541886137200123
1241935200,-0.47475912767020906
1241956800,-0.474139822612839
1241978400,-0.4735541278087817
1242000000,-0.47295786467654427
1242021600,-0.47229148643365126
1242043200,-0.4715156916061765
1242064800,-0.4706454921915833
1242086400,-0.4696757501462676
1242108000,-0.4685743125884695
1242129600,-0.4673269926511193
1242151200,-0.46592542306792106
1242172800,-0.4643353388475204
1242194400,-0.4625203540444163
1242216000,-0.46048321587486385
1242237600,-0.458266524946598
1242259200,-0.45593623752904966
1242280800,-0.4535793520846338
1242302400,-0.4512913567033859
1242324000,-0.4491214613209529
1242345600,-0.4470827452316683
1242367200,-0.44517292261110925
1242388800,-0.44334859447593095
1242410400,-0.44150346160523096
1242432000,-0.439552333838679
1242453600,-0.4374906923720807
1242475200,-0.4353125139053618
1242496800,-0.43302332853487985
1242518400,-0.430653622250202
1242540000,-0.42820266491191933
1242561600,-0.42565319359780196
1242583200,-0.42297830425695615
1242604800,-0.42017529012791643
1242626400,-0.41726815266776507
1242648000,-0.41426772914528975
1242669600,-0.4111783425644537
1242691200,-0.408029562111882
1242712800,-0.40485681865804163
1242734400,-0.40168769597098225
1242756000,-0.3985463320795033
1242777600,-0.3954603655250235
1242799200,-0.39245848823942964
1242820800,-0.38955953396262727
1242842400,-0.386779032375056
1242864000,-0.3840813084636147
1242885600,-0.38139831171794214
1242907200,-0.3786904054270278
1242928800,-0.37597930612255664
1242950400,-0.37331673228805207
1242972000,-0.3707568273356466
1242993600,-0.368348162114872
1243015200,-0.3661221501158999
1243036800,-0.36414091844506463
1243058400,-0.36248284308323303
1243080000,-0.361202136435977
1243101600,-0.36032525392991094
1243123200,-0.3598283705175947
1243144800,-0.3596540004690905
1243166400,-0.3597551515788497
1243188000,-0.36008462309157646
1243209600,-0.36059730101849596
1243231200,-0.36124468880209687
1243252800,-0.36195345813871505
1243274400,-0.36267101689947584
1243296000,-0.363401563825812
1243317600,-0.36415666535031255
1243339200,-0.3649370085039862
1243360800,-0.36575408383599667
1243382400,-0.3666514380495973
1243404000,-0.3676712850809984
1243425600,-0.36882727937765736
1243447200,-0.37012604981520747
1243468800,-0.3715644823984614
1243490400,-0.3730962844659757
1243512000,-0.3746640877181626
1243533600,-0.3762399013301963
1243555200,-0.3777799983078479
1243576800,-0.37921278894954435
1243598400,-0.38045494008755903
1243620000,-0.38145129185427173
1243641600,-0.382189326511369
1243663200,-0.38267393359870217
1243684800,-0.38292282266469163
1243706400,-0.38299642530166833
1243728000,-0.3829541592461053
1243749600,-0.38281943676646335
1243771200,-0.38264146848164465
1243792800,-0.38247897329656183
1243814400,-0.3823689053814427
1243836000,-0.3823466656831686
1243857600,-0.3824565223060257
1243879200,-0.38271952585298225
1243900800,-0.38311306927633215
1243922400,-0.3835849366352587
1243944000,-0.3841069944540354
1243965600,-0.38468287800359985
1243987200,-0.38529792876799307
1244008800,-0.38597586154450525
1244030400,-0.3867588201421565
1244052000,-0.3876599727803837
1244073600,-0.38870924632181425
1244095200,-0.3899724321162387
1244116800,-0.391518809482996
1244138400,-0.39336608310015775
1244160000,-0.39549325804735
1244181600,-0.3978692107166041
1244203200,-0.40045467802202106
1244224800,-0.40316976995281445
1244246400,-0.40594120991316257
1244268000,-0.4087454754118791
1244289600,-0.4115724911796066
1244311200,-0.4144173875426641
1244332800,-0.4172661647553061
1244354400,-0.42007744221524784
1244376000,-0.4227993380244246
1244397600,-0.425400231777314
1244419200,-0.4278834795341613
1244440800,-0.43027260784802634
1244462400,-0.43254618381560783
1244484000,-0.43468452338597446
1244505600,-0.43670114837721885
1244527200,-0.4385805157296162
1244548800,-0.4402975327403839
1244570400,-0.4418321428258816
1244592000,-0.44315546419936613
1244613600,-0.44425406422025043
1244635200,-0.44513164279301526
1244656800,-0.44582384762926325
1244678400,-0.446372940799275
1244700000,-0.4467931472936453
1244721600,-0.44711099297880486
1244743200,-0.4473535414219302
1244764800,-0.4475314486621023
1244786400,-0.4476856528435643
1244808000,-0.44786615894265597
1244829600,-0.4480658619558796
1244851200,-0.44825371886700366
1244872800,-0.44842053157590644
1244894400,-0.44857028867953713
1244916000,-0.4487093817588361
1244937600,-0.44884935800458875
1244959200,-0.44901690148666057
1244980800,-0.44925453610307753
1245002400,-0.44958893379788667
1245024000,-0.45006428072391536
1245045600,-0.4507377697509679
1245067200,-0.451635849289345
1245088800,-0.4527844540309998
1245110400,-0.45419815399030083
1245132000,-0.45586796289022913
1245153600,-0.4577578421277741
1245175200,-0.4598339372976923
1245196800,-0.4620911729446375
1245218400,-0.46453013171699953
1245240000,-0.46713729472194343
1245261600,-0.4698965950289755
1245283200,-0.4727939357703929
1245304800,-0.47576919397418177
1245326400,-0.47875038342496606
1245348000,-0.48169171118899873
1245369600,-0.48454859204167083
1245391200,-0.4872701622858483
1245412800,-0.48983197027653014
1245434400,-0.4922481279801828
1245456000,-0.4945527204104432
1245477600,-0.49677635575534546
1245499200,-0.4989256727228799
1245520800,-0.500996635640185
1245542400,-0.5029621073413565
1245564000,-0.50479505037993
1245585600,-0.506476316080608
1245607200,-0.5079590751954955
1245628800,-0.5091761483608338
1245650400,-0.5101106965407264
1245672000,-0.5107635106585119
1245693600,-0.51110300676897
1245715200,-0.511099733436962
1245736800,-0.5107507927566791
1245758400,-0.5101274839576614
1245780000,-0.5092977491512852
1245801600,-0.5082753380081022
1245823200,-0.5070836797501458
1245844800,-0.5057533721647828
1245866400,-0.5043175608901204
1245888000,-0.5028409058030381
1245909600,-0.501383196525717
1245931200,-0.49997609122460335
1245952800,-0.49862331666708587
1245974400,-0.4973038319206158
1245996000,-0.4959972741274476
1246017600,-0.49467229770459725
1246039200,-0.493306422192074
1246060800,-0.49192827725974697
1246082400,-0.49061591248467085
1246104000,-0.4894278081751591
1246125600,-0.4884066861620367
1246147200,-0.4876084485593112
1246168800,-0.4870517093383864
1246190400,-0.4867028358230669
1246212000,-0.4865249663418212
1246233600,-0.4864952539832085
1246255200,-0.48657411462386596
1246276800,-0.4866993164322225
1246298400,-0.4868248141581669
1246320000,-0.4869041636393873
1246341600,-0.4868820270599957
1246363200,-0.4867409699510872
1246384800,-0.4865092583571876
1246406400,-0.48621159267703784
1246428000,-0.48584684914441506
1246449600,-0.4854213002004994
1246471200,-0.4849375914926526
1246492800,-0.48438329859304124
1246514400,-0.48373860973451305
1246536000,-0.48300318685085203
1246557600,-0.48217812603975574
1246579200,-0.4812564154518627
1246600800,-0.4802309278884429
1246622400,-0.4790650411109611
1246644000,-0.4777342571393041
1246665600,-0.47625565287143634
1246687200,-0.4746727969756109
1246708800,-0.47302908503688584
1246730400,-0.4713738632548317
1246752000,-0.4697561913978851
1246773600,-0.46820154296268596
1246795200,-0.46672836513441934
1246816800,-0.4653656903949527
1246838400,-0.46416537392655316
1246860000,-0.4631569978450214
1246881600,-0.46232101493697103
1246903200,-0.461626856320668
1246924800,-0.4610495051906693
1246946400,-0.46051201695850785
1246968000,-0.4599654027634588
1246989600,-0.4594380087057309
1247011200,-0.45896604552797726
1247032800,-0.4585844393657076
1247054400,-0.4583208453813979
1247076000,-0.4582388378369394
1247097600,-0.4584089257546753
1247119200,-0.45886171454214714
1247140800,-0.4596261871178985
1247162400,-0.4607131671616862
1247184000,-0.4620471740755601
1247205600,-0.4635615384532
1247227200,-0.46525627090035326
1247248800,-0.467142589387772
1247270400,-0.469245425517994
1247292000,-0.47158170183917747
1247313600,-0.4741553683241454
1247335200,-0.4769230787974743
1247356800,-0.4797910835152084
1247378400,-0.4826490580265189
1247400000,-0.4854118566681618
1247421600,-0.48802228587702545
1247443200,-0.4904773800086796
1247464800,-0.49281173035441767
1247486400,-0.49504600381223884
1247508000,-0.49720547769218576
1247529600,-0.49931568595685283
1247551200,-0.5014045358106066
1247572800,-0.5035041909941578
1247594400,-0.5056369692968233
1247616000,-0.5077855888602748
1247637600,-0.5099310118428865
1247659200,-0.5120511777199926
1247680800,-0.5140721254925619
1247702400,-0.5159358642121157
1247724000,-0.5176093573357992
1247745600,-0.5190667086757271
1247767200,-0.5203208298012537
1247788800,-0.5214004089128885
1247810400,-0.522368156021245
1247832000,-0.5232925929032999
1247853600,-0.5242024176248934
1247875200,-0.5251049898680149
1247896800,-0.5260173828797151
1247918400,-0.526970471945009
1247940000,-0.5279885716248381
1247961600,-0.5290817532606554
1247983200,-0.5302405784630491
1248004800,-0.5314388072755806
1248026400,-0.5326170623683439
1248048000,-0.5337104990844668
1248069600,-0.5346710997609173
1248091200,-0.5354500415398977
1248112800,-0.5360123485633734
1248134400,-0.5363562013923474
1248156000,-0.5365388736345974
1248177600,-0.5366579385786188
1248199200,-0.5368142654734668
1248220800,-0.5370764692483964
1248242400,-0.5374898651251593
1248264000,-0.5380580377006428
1248285600,-0.5387510343302382
1248307200,-0.5395629306217673
1248328800,-0.5404875753622636
1248350400,-0.5414915360024839
1248372000,-0.5424989326561098
1248393600,-0.5434440362312679
1248415200,-0.5443086073308776
1248436800,-0.5450961655103737
1248458400,-0.5458167208871859
1248480000,-0.5465346432370523
1248501600,-0.5472971680263614
1248523200,-0.548078135736745
1248544800,-0.5488079458059298
1248566400,-0.5493961914630332
1248588000,-0.5497890180434937
1248609600,-0.549940968896544
1248631200,-0.5498636372819268
1248652800,-0.5496486447524664
1248674400,-0.5493658370317769
1248696000,-0.5490469906603738
1248717600,-0.5487364384856681
1248739200,-0.548439668106079
1248760800,-0.5481412064239924
1248782400,-0.5478666661841365
1248804000,-0.5476156375939113
1248825600,-0.5473353831580972
1248847200,-0.5469707684606577
1248868800,-0.5464902254407502
1248890400,-0.5458726236138276
1248912000,-0.5451171642481777
1248933600,-0.5442136053095765
1248955200,-0.5431368606919904
1248976800,-0.5418459358808941
1248998400,-0.5403016638246432
1249020000,-0.5385230793329666
1249041600,-0.5365574775091182
1249063200,-0.5344784714842543
1249084800,-0.5323652010494333
1249106400,-0.5302515936539705
1249128000,-0.5281198380487548
1249149600,-0.5259475060691695
1249171200,-0.5237371588290961
1249192800,-0.5214966206391766
1249214400,-0.5192572622676865
1249236000,-0.5170463572991426
1249257600,-0.5148766584051756
1249279200,-0.5127325719251181
1249300800,-0.5105783719648597
1249322400,-0.5084138393429559
1249344000,-0.5062459416795719
1249365600,-0.5040853205197361
1249387200,-0.5019996563279778
1249408800,-0.5000610084948464
1249430400,-0.49827336167858644
1249452000,-0.4965896370147302
1249473600,-0.49494921250932317
1249495200,-0.49328146309703
1249516800,-0.49153565036849944
1249538400,-0.4897183192801825
1249560000,-0.48788036990890027
1249581600,-0.48606319662101805
1249603200,-0.48428194029383836
1249624800,-0.48257612753191453
1249646400,-0.48097987473105763
1249668000,-0.4794768073758505
1249689600,-0.4780138121912295
1249711200,-0.4765341261962868
1249732800,-0.47496095574119124
1249754400,-0.4732306985530151
1249776000,-0.471304416279327
1249797600,-0.4691835517797942
1249819200,-0.466912764617989
1249840800,-0.4645290794685997
1249862400,-0.4620769722048296
1249884000,-0.45959914334570695
1249905600,-0.4571437555454936
1249927200,-0.454744814387274
1249948800,-0.45237342205890074
1249970400,-0.4499959578419182
1249992000,-0.44761664392039724
1250013600,-0.4452424507850043
1250035200,-0.44286687954159304
1250056800,-0.44047534922971676
1250078400,-0.4380788196192191
1250100000,-0.4357106193990231
1250121600,-0.43341480791665077
1250143200,-0.43122981087863027
1250164800,-0.42916713896553743
1250186400,-0.4272029382240971
1250208000,-0.42532316571317885
1250229600,-0.4235654201417583
1250251200,-0.42197964844859037
1250272800,-0.42062974654947877
1250294400,-0.4195598985751366
1250316000,-0.41876941512653826
1250337600,-0.4182431299434716
1250359200,-0.4179398739096017
1250380800,-0.41781349525622813
1250402400,-0.41786341957063655
1250424000,-0.41812730102922396
1250445600,-0.41862251312927284
1250467200,-0.41935234036595587
1250488800,-0.4203214865983983
1250510400,-0.4215285163971251
1250532000,-0.4229900353417406
1250553600,-0.4247290621448394
1250575200,-0.42677571367171774
1250596800,-0.42910724908123443
1250618400,-0.4316441250179092
1250640000,-0.4343205065373241
1250661600,-0.43710886936148735
1250683200,-0.439979027130452
1250704800,-0.4428908201411093
1250726400,-0.4458400859274219
1250748000,-0.44881803566873174
1250769600,-0.45180382358824245
1250791200,-0.4547606377153624
1250812800,-0.457674455874674
1250834400,-0.46055982067184587
1250856000,-0.4634098257423406
1250877600,-0.46621162480801787
1250899200,-0.4689340338847617
1250920800,-0.47149891637292796
1250942400,-0.47383360280169684
1250964000,-0.4759022475163077
1250985600,-0.4777035513222711
1251007200,-0.47926732361179214
1251028800,-0.4806484678669127
1251050400,-0.4818886819763134
1251072000,-0.48297560648203425
1251093600,-0.48384775732677654
1251115200,-0.4844381037517148
1251136800,-0.4847460919306639
1251158400,-0.4848028639939272
1251180000,-0.4846369546274279
1251201600,-0.4843113941674452
1251223200,-0.4839031885769451
1251244800,-0.48346618265481633
1251266400,-0.48306112998046363
1251288000,-0.4827302020468733
1251309600,-0.4824685701379743
1251331200,-0.4822492715676356
1251352800,-0.48203904148996657
1251374400,-0.48180685930572226
1251396000,-0.48153492616508936
1251417600,-0.4812210960776399
1251439200,-0.48086863317510203
1251460800,-0.48048467234628456
1251482400,-0.48011028999393
1251504000,-0.4797621418245622
1251525600,-0.4793895842199356
1251547200,-0.47894544435861164
1251568800,-0.47841967056818974
1251590400,-0.477833051182054
1251612000,-0.47721869341733814
1251633600,-0.47663845674207517
1251655200,-0.47611933849294313
1251676800,-0.475635305452979
1251698400,-0.47512255192233993
1251720000,-0.4744990972173471
1251741600,-0.47373215365501886
1251763200,-0.4727910293642886
1251784800,-0.4716384608129947
1251806400,-0.4702611629325794
1251828000,-0.4686503772904501
1251849600,-0.46677609994772135
1251871200,-0.4646175724972806
1251892800,-0.4622282524466842
1251914400,-0.45965314378948674
1251936000,-0.45689383750089774
1251957600,-0.4539250478948267
1251979200,-0.4507277766013635
1252000800,-0.4473176007882618
1252022400,-0.4437009208356216
1252044000,-0.43989769543293117
1252065600,-0.43593157041039693
1252087200,-0.4318458123188843
1252108800,-0.42766614109107615
1252130400,-0.4234049105964275
1252152000,-0.4190959964258811
1252173600,-0.4147752646646324
1252195200,-0.4104783376803335
1252216800,-0.40623871512965226
1252238400,-0.40209054790924553
1252260000,-0.3980840830708927
1252281600,-0.3942595249788217
1252303200,-0.3906317613167332
1252324800,-0.3872357848236833
1252346400,-0.38410888153823197
1252368000,-0.3812825777752638
1252389600,-0.3788194283467822
1252411200,-0.37677745052823586
1252432800,-0.37515363102880234
1252454400,-0.3739140545620138
1252476000,-0.37303176424479517
1252497600,-0.3724880769533893
1252519200,-0.3722530679557197
1252540800,-0.3722943815246585
1252562400,-0.3725521566740071
1252584000,-0.37297115717628543
1252605600,-0.3735521295978954
1252627200,-0.37433804963792083
1252648800,-0.3753905229993617
1252670400,-0.37672299523296915
1252692000,-0.37831065957089266
1252713600,-0.3801286860109629
1252735200,-0.3821165503279494
1252756800,-0.38421018571779675
1252778400,-0.3863747344105621
1252800000,-0.3885788537500201
1252821600,-0.3908281843782303
1252843200,-0.3931680073037143
1252864800,-0.39561234411092155
1252886400,-0.39814124494512126
1252908000,-0.40072598993784037
1252929600,-0.40328912890348184
1252951200,-0.4057587259286021
1252972800,-0.4081059157817506
1252994400,-0.41032108908858334
1253016000,-0.4124001457802136
1253037600,-0.4143314146270292
1253059200,-0.41613622733572164
1253080800,-0.4178460172309344
1253102400,-0.4194699934726434
1253124000,-0.42099814061033736
1253145600,-0.4224190414895921
1253167200,-0.42371256605351126
1253188800,-0.4248879945407959
1253210400,-0.42601831625600284
1253232000,-0.4271793441381827
1253253600,-0.4284463866899984
1253275200,-0.4298526873175036
1253296800,-0.4313893595351853
1253318400,-0.4330528588646334
1253340000,-0.43482243235881785
1253361600,-0.43666938249538256
1253383200,-0.4385443695368717
1253404800,-0.4403979544059762
1253426400,-0.44219873946479177
1253448000,-0.44396789790069485
1253469600,-0.44577308112281183
1253491200,-0.4477216753848282
1253512800,-0.4499109242355886
1253534400,-0.45236506696094897
1253556000,-0.4550869004159187
1253577600,-0.45807127423057226
1253599200,-0.46129889038593846
1253620800,-0.4647014421517008
1253642400,-0.4681982323125781
1253664000,-0.4717234989564234
1253685600,-0.4751989191002941
1253707200,-0.47855718495585914
1253728800,-0.4817687232982
1253750400,-0.48481943100719993
1253772000,-0.4876837759389318
1253793600,-0.4902951095432894
1253815200,-0.492603903942966
1253836800,-0.4946066672061504
1253858400,-0.49633832763322894
1253880000,-0.49788066095456884
1253901600,-0.49927433738950666
1253923200,-0.5004785123583931
1253944800,-0.5014335833477438
1253966400,-0.502106146953209
1253988000,-0.502476027758291
1254009600,-0.5025022874285996
1254031200,-0.5021805232436617
1254052800,-0.5015519638130277
1254074400,-0.5006437216623713
1254096000,-0.4995171587370794
1254117600,-0.4982273225017398
1254139200,-0.4967723569341956
1254160800,-0.4951443536900635
1254182400,-0.49334170694277085
1254204000,-0.49138852718814746
1254225600,-0.4893267996015864
1254247200,-0.4871922557964562
1254268800,-0.48504293729757136
1254290400,-0.48293768369600387
1254312000,-0.48093543085599993
1254333600,-0.47908510625241185
1254355200,-0.47738388368871776
1254376800,-0.47579428577251365
1254398400,-0.4742852280133758
1254420000,-0.4728615200714935
1254441600,-0.47153863362672555
1254463200,-0.4703493033148442
1254484800,-0.46930363501247757
1254506400,-0.46838921851549553
1254528000,-0.46760220411952275
1254549600,-0.46690993364233935
1254571200,-0.46629694817633693
1254592800,-0.46577531128219124
1254614400,-0.46535874282116857
1254636000,-0.46505973071814866
1254657600,-0.4649250517056915
1254679200,-0.46502564743572505
1254700800,-0.46538789704597167
1254722400,-0.4659739419726781
1254744000,-0.46669044913326374
1254765600,-0.4674353647661862
1254787200,-0.4680905790241759
1254808800,-0.4685507813258098
1254830400,-0.46877917482344106
1254852000,-0.46877192967071735
1254873600,-0.46854625790406684
1254895200,-0.46813674440215375
1254916800,-0.46762192432973415
1254938400,-0.4670907781059921
1254960000,-0.4665986723905463
1254981600,-0.4661722305090835
1255003200,-0.4658149469712206
1255024800,-0.4654728226671966
1255046400,-0.46509021254824107
1255068000,-0.4646517867930226
1255089600,-0.46414344002280195
1255111200,-0.46353934596879137
1255132800,-0.46278867065313595
1255154400,-0.46182923964857125
1255176000,-0.4605787916452661
1255197600,-0.45899153225948863
1255219200,-0.45709181057122666
1255240800,-0.4549146269695893
1255262400,-0.45248090994056067
1255284000,-0.4498140175087266
1255305600,-0.4469827460698366
1255327200,-0.4441034923296713
1255348800,-0.4412630402652482
1255370400,-0.43852172126474065
1255392000,-0.43589779843501114
1255413600,-0.43334908915436376
1255435200,-0.43086820214856963
1255456800,-0.42848661906920676
1255478400,-0.42622609360231833
1255500000,-0.42409696550580456
1255521600,-0.42210346498779294
1255543200,-0.42027591656650265
1255564800,-0.4186286485069772
1255586400,-0.4171419181698596
1255608000,-0.41578670946567964
1255629600,-0.4145363460508991
1255651200,-0.4133575153850712
1255672800,-0.41223066575214573
1255694400,-0.4111635983098626
1255716000,-0.4101560480799394
1255737600,-0.40919558543850804
1255759200,-0.4082898014000618
1255780800,-0.4074435434204292
1255802400,-0.4066271525069142
1255824000,-0.4058240951539791
1255845600,-0.4050261208874593
1255867200,-0.4042150904727159
1255888800,-0.4033732355138104
1255910400,-0.4024894882298795
1255932000,-0.4015572893389569
1255953600,-0.4005287196960514
1255975200,-0.39935952176230866
1255996800,-0.3980515241997732
1256018400,-0.39662138447911804
1256040000,-0.39504148636244485
1256061600,-0.39323878572547777
1256083200,-0.39116390610144397
1256104800,-0.388820029281106
1256126400,-0.38624014048694405
1256148000,-0.38344281918615253
1256169600,-0.38046284951213877
1256191200,-0.37730113126310333
1256212800,-0.3739039823905887
1256234400,-0.3702314381369001
1256256000,-0.3662753414754428
1256277600,-0.36206013217016125
1256299200,-0.35764974226998836
1256320800,-0.3531573292230649
1256342400,-0.34870730746753703
1256364000,-0.3443835987447076
1256385600,-0.3402299893352523
1256407200,-0.33627198074172704
1256428800,-0.3325373585810999
1256450400,-0.3290574595559577
1256472000,-0.32583301450136887
1256493600,-0.32284170607633605
1256515200,-0.3200781353369781
1256536800,-0.3175449063262079
1256558400,-0.31528027435725736
1256580000,-0.31334389899780757
1256601600,-0.3117911396973066
1256623200,-0.3106267415534781
1256644800,-0.30981151549982605
1256666400,-0.3093201584442964
1256688000,-0.30914659377290465
1256709600,-0.30932660299462783
1256731200,-0.30986853121020524
1256752800,-0.31075365706454217
1256774400,-0.31197438252077325
1256796000,-0.3135171596873488
1256817600,-0.31538308317248553
1256839200,-0.3175084483895805
1256860800,-0.31974987578570513
1256882400,-0.3219993419335504
1256904000,-0.32418702342998057
1256925600,-0.3262844575475486
1256947200,-0.3283501414969646
1256968800,-0.33042273257125027
1256990400,-0.3324794245974443
1257012000,-0.3344992035482932
1257033600,-0.3364829960996123
1257055200,-0.33841859734685414
1257076800,-0.34029397990423227
1257098400,-0.34212366228985847
1257120000,-0.3439145488553651
1257141600,-0.34569308278151745
1257163200,-0.3474920107956384
1257184800,-0.3493532858121522
1257206400,-0.351312973172207
1257228000,-0.3533799927618399
1257249600,-0.3555640358727579
1257271200,-0.35784834501109464
1257292800,-0.3601480348239963
1257314400,-0.3623905997700613
1257336000,-0.3646105791859956
1257357600,-0.3668820072535079
1257379200,-0.36926039865521726
1257400800,-0.37179292288880483
1257422400,-0.3744836148410884
1257444000,-0.3773042122653116
1257465600,-0.3802123361789867
1257487200,-0.3832009641093575
1257508800,-0.3862966500605411
1257530400,-0.3895068362564414
1257552000,-0.39283864717009176
1257573600,-0.39632089001522125
1257595200,-0.3999708300737852
1257616800,-0.4037924083141491
1257638400,-0.40776051484661446
1257660000,-0.4118262471821295
1257681600,-0.4159740073444041
1257703200,-0.42017320213410797
1257724800,-0.42439909618583727
1257746400,-0.42866364745713226
1257768000,-0.43301775403252235
1257789600,-0.43751679405146054
1257811200,-0.442169343779704
1257832800,-0.4469422817362229
1257854400,-0.45176884579206983
1257876000,-0.45656779824998983
1257897600,-0.46125244162639134
1257919200,-0.46576535960126253
1257940800,-0.47008147429034897
1257962400,-0.47417056898179843
1257984000,-0.47800990705424096
1258005600,-0.4815986749370052
1258027200,-0.4849425978779919
1258048800,-0.48803401603547525
1258070400,-0.4908637770729415
1258092000,-0.4934118447716502
1258113600,-0.4956361881404589
1258135200,-0.497533272339329
1258156800,-0.49917588714992067
1258178400,-0.5006194290675293
1258200000,-0.5018792383717644
1258221600,-0.5029324856888021
1258243200,-0.503706279444189
1258264800,-0.5041755596651956
1258286400,-0.5043468635548907
1258308000,-0.504198750676019
1258329600,-0.5036965026154959
1258351200,-0.5028176767825856
1258372800,-0.5015930403613494
1258394400,-0.5001186291017289
1258416000,-0.49849422230492113
1258437600,-0.4967803223298127
1258459200,-0.4950154466773104
1258480800,-0.4931648996706988
1258502400,-0.49117052581139303
1258524000,-0.48902789661851714
1258545600,-0.4867476010329199
1258567200,-0.484359861513843
1258588800,-0.48195559411440725
1258610400,-0.4796220146192756
1258632000,-0.47738532873200734
1258653600,-0.4752569782201143
1258675200,-0.47323894252287396
1258696800,-0.47129381755708416
1258718400,-0.469392198596673
1258740000,-0.4675449931243102
1258761600,-0.46574832338192135
1258783200,-0.46398912507390655
1258804800,-0.4622689956698865
1258826400,-0.4606033785158172
1258848000,-0.4590035028929838
1258869600,-0.4574405525346986
1258891200,-0.45589510442137154
1258912800,-0.4543497873851013
1258934400,-0.45274678311990485
1258956000,-0.45107079660994026
1258977600,-0.44934348546829234
1258999200,-0.44760076712322927
1259020800,-0.445871363309023
1259042400,-0.44414039752635975
1259064000,-0.4423696873944391
1259085600,-0.4405348965840727
1259107200,-0.4386507760753973
1259128800,-0.4367887165831149
1259150400,-0.4350372156262227
1259172000,-0.43346908765865694
1259193600,-0.432122782766233
1259215200,-0.4309896480607893
1259236800,-0.430050137752725
1259258400,-0.4292292030007577
1259280000,-0.4284098319130499
1259301600,-0.4274656412361854
1259323200,-0.4262934289745249
1259344800,-0.42485627415678684
1259366400,-0.42316257539675217
1259388000,-0.4212436848516908
1259409600,-0.41912067966618316
1259431200,-0.41680313375383155
1259452800,-0.414290448753039
1259474400,-0.4116032800652018
1259496000,-0.4087890072290439
1259517600,-0.40591695423709834
1259539200,-0.4031012270951556
1259560800,-0.40045663717216645
1259582400,-0.3980526167898385
1259604000,-0.3959070397207012
1259625600,-0.39401373284618624
1259647200,-0.39236021309958397
1259668800,-0.3908846841358828
1259690400,-0.38947880162670595
1259712000,-0.38808744572632153
1259733600,-0.3867453700996906
1259755200,-0.3855061937331404
1259776800,-0.3844292774298628
1259798400,-0.38356451334824265
1259820000,-0.3829337683739298
1259841600,-0.3825682696222215
1259863200,-0.3825026685979598
1259884800,-0.3827563196918006
1259906400,-0.3833205591400332
1259928000,-0.3841480373541864
1259949600,-0.3851703607510184
1259971200,-0.38631814084601646
1259992800,-0.38749307783425824
1260014400,-0.388606262977937
1260036000,-0.3896196101130667
1260057600,-0.39052572029559735
1260079200,-0.3913325497671371
1260100800,-0.3920479419339844
1260122400,-0.3926965744796839
1260144000,-0.3933019824154155
1260165600,-0.3938611539933905
1260187200,-0.3943321100231089
1260208800,-0.39467313162775786
1260230400,-0.39491104367573915
1260252000,-0.3950730025977031
1260273600,-0.39515106621501245
1260295200,-0.3951560334392401
1260316800,-0.39510441260389406
1260338400,-0.39500110362826035
1260360000,-0.39486852517088517
1260381600,-0.39471245689844575
1260403200,-0.39450048625231243
1260424800,-0.3941556942692353
1260446400,-0.39359039099728654
1260468000,-0.3927574587233466
1260489600,-0.39162473114221236
1260511200,-0.39017763192086385
1260532800,-0.3884225071705127
1260554400,-0.38639941614084655
1260576000,-0.38417948546935254
1260597600,-0.3818614472707497
1260619200,-0.3795261983338723
1260640800,-0.3772031597211016
1260662400,-0.3748781541239579
1260684000,-0.372511114825308
1260705600,-0.3700674294452818
1260727200,-0.3675368272495346
1260748800,-0.3649458683016801
1260770400,-0.36236574281867995
1260792000,-0.3599203547150496
1260813600,-0.35772832980528135
1260835200,-0.355854311755449
1260856800,-0.3543013772845568
1260878400,-0.35305134376734765
1260900000,-0.3521104869794056
1260921600,-0.35149330298909914
1260943200,-0.3512123737255287
1260964800,-0.3512897307516431
1260986400,-0.3517393143020424
1261008000,-0.35252148780957143
1261029600,-0.3535367169085357
1261051200,-0.3546609741945888
1261072800,-0.3557361648595732
1261094400,-0.3566130740814609
1261116000,-0.35721911421120883
1261137600,-0.3575389561579696
1261159200,-0.3575909849674841
1261180800,-0.35742871562082534
1261202400,-0.3571152758902421
1261224000,-0.35670891699998947
1261245600,-0.35626436244433046
1261267200,-0.35579687755931994
1261288800,-0.35535940010596617
1261310400,-0.35502396787616614
1261332000,-0.35480742063590415
1261353600,-0.3547143238359011
1261375200,-0.3547443165544733
1261396800,-0.35488595576768367
1261418400,-0.3550730601734277
1261440000,-0.3552230334425769
1261461600,-0.35526959553920495
1261483200,-0.3551510472332703
1261504800,-0.3548469792396949
1261526400,-0.3543813005579004
1261548000,-0.3537783845405947
1261569600,-0.35303980606330965
1261591200,-0.3521626718846617
1261612800,-0.3511732002173958
1261634400,-0.3501176102228255
1261656000,-0.34898373848283587
1261677600,-0.3477836202462771
1261699200,-0.3465744485474624
1261720800,-0.34540166074202944
1261742400,-0.34431153465890746
1261764000,-0.34332122172257007
1261785600,-0.34244120857541094
1261807200,-0.34168546992713295
1261828800,-0.34105700647473486
1261850400,-0.3405588892155985
1261872000,-0.3401984759927232
1261893600,-0.3399730729941703
1261915200,-0.3398936819565109
1261936800,-0.3399775725331175
1261958400,-0.3402443498517059
1261980000,-0.34075587825677944
1262001600,-0.3415789984575809
1262023200,-0.34274615624598015
1262044800,-0.34426130719792947
1262066400,-0.34607762840585443
1262088000,-0.3481129137832802
1262109600,-0.35028271329512933
1262131200,-0.3524769162843474
1262152800,-0.35461291068581907
1262174400,-0.3566695415137219
1262196000,-0.3586472724414404
1262217600,-0.3605533733727731
1262239200,-0.3623959746220008
1262260800,-0.3641654273678227
1262282400,-0.365828901189999
1262304000,-0.3673286177620172
1262325600,-0.36861982709539537
1262347200,-0.3697242615583338
1262368800,-0.3707284214088429
1262390400,-0.37172099708160344
1262412000,-0.3727281116487363
1262433600,-0.3737222384676904
1262455200,-0.37464601669777503
1262476800,-0.37542423332966507
1262498400,-0.3760053979115134
1262520000,-0.37638429118429345
1262541600,-0.37658114846483415
1262563200,-0.3766425973214056
1262584800,-0.37659683948568556
1262606400,-0.37645093495108656
1262628000,-0.37621010650095477
1262649600,-0.3758422798888441
1262671200,-0.3753061491961563
1262692800,-0.37457757423029137
1262714400,-0.3736374117257973
1262736000,-0.3724929152379063
1262757600,-0.37120978003141347
1262779200,-0.36986556797530756
1262800800,-0.3684953852469406
1262822400,-0.36708318625170927
1262844000,-0.36561261604815987
1262865600,-0.36410586554161695
1262887200,-0.3626036201469141
1262908800,-0.36112103974798604
1262930400,-0.3596637014846854
1262952000,-0.35828554538569757
1262973600,-0.3570096864363241
1262995200,-0.35584534097320775
1263016800,-0.35482215352481855
1263038400,-0.3539452687626476
1263060000,-0.3532254664856857
1263081600,-0.35269401806587164
1263103200,-0.3523882995146019
1263124800,-0.3523632620679066
1263146400,-0.352656373425406
1263168000,-0.3532450855653107
1263189600,-0.35409284741216124
1263211200,-0.3551294318712725
1263232800,-0.356280563027059
1263254400,-0.35751766460161427
1263276000,-0.35878030594741284
1263297600,-0.3600127905755145
1263319200,-0.3611988999826661
1263340800,-0.36232014044462346
1263362400,-0.3633662098567263
1263384000,-0.3643279280939668
1263405600,-0.3651934819599519
1263427200,-0.3659677041589897
1263448800,-0.36665935366364916
1263470400,-0.3672677414714644
1263492000,-0.36777205161318044
1263513600,-0.3681235002699839
1263535200,-0.36828647870581754
1263556800,-0.3682742645654196
1263578400,-0.3681355574785925
1263600000,-0.3679354638035765
1263621600,-0.367716985329515
1263643200,-0.36747666077716085
1263664800,-0.36722518659506637
1263686400,-0.36699399217975526
1263708000,-0.3667938311943055
1263729600,-0.3666306242850987
1263751200,-0.3664929448567346
1263772800,-0.3663640986470405
1263794400,-0.3662570079523842
1263816000,-0.3661824576371958
1263837600,-0.3661324136485949
1263859200,-0.36609606794562577
1263880800,-0.36605288726622043
1263902400,-0.3660073608613336
1263924000,-0.3660115650770428
1263945600,-0.3661406742634348
1263967200,-0.3664528094786044
1263988800,-0.366977050877163
1264010400,-0.36776284357243627
1264032000,-0.36884620608115665
1264053600,-0.3702132048426067
1264075200,-0.3718369383411685
1264096800,-0.3736850538635778
1264118400,-0.37573541298656377
1264140000,-0.3780097159454909
1264161600,-0.3805365685323757
1264183200,-0.38332332146929315
1264204800,-0.3863765576929225
1264226400,-0.38970124264475753
1264248000,-0.3932724096797121
1264269600,-0.39704696393749805
1264291200,-0.40096318004562503
1264312800,-0.404971589330212
1264334400,-0.40906170475097553
1264356000,-0.4132206632092997
1264377600,-0.41741989751749176
1264399200,-0.42161248479646496
1264420800,-0.42570517610916103
1264442400,-0.42964100577775977
1264464000,-0.43342382928024453
1264485600,-0.43704608783628524
1264507200,-0.44054463545144257
1264528800,-0.44395727341328306
1264550400,-0.44730256359537884
1264572000,-0.4506171100878696
1264593600,-0.45392140469543785
1264615200,-0.45724391476728243
1264636800,-0.46060294982392974
1264658400,-0.46395135487722405
1264680000,-0.46719997232002947
1264701600,-0.47028200235259565
1264723200,-0.4731345591813763
1264744800,-0.4756893145723739
1264766400,-0.4778921803039668
1264788000,-0.4797346406731309
1264809600,-0.4812812951460989
1264831200,-0.48258028908189615
1264852800,-0.4836334591403575
1264874400,-0.4844243179393092
1264896000,-0.4849294994185991
1264917600,-0.4851361053956443
1264939200,-0.48504398956714245
1264960800,-0.4846640869451765
1264982400,-0.48404584590146865
1265004000,-0.48326318473500196
1265025600,-0.48241101512228013
1265047200,-0.48158658206486665
1265068800,-0.4808250157040939
1265090400,-0.48010995720339406
1265112000,-0.47941082010877994
1265133600,-0.47871579374590295
1265155200,-0.4780415940923794
1265176800,-0.4774337842470762
1265198400,-0.4769179243289596
1265220000,-0.4764679089654958
1265241600,-0.47605494308921903
1265263200,-0.4756625141283198
1265284800,-0.47527386159156915
1265306400,-0.4748769301686249
1265328000,-0.47447095700331493
1265349600,-0.47407407619722636
1265371200,-0.4737467529244747
1265392800,-0.4735580777597368
1265414400,-0.47352670738354863
1265436000,-0.47358451734877044
1265457600,-0.4736391081171364
1265479200,-0.4736182885773209
1265500800,-0.47345362011722525
1265522400,-0.4730771441738929
1265544000,-0.4724451896303985
1265565600,-0.4715588868895833
1265587200,-0.4704383319092036
1265608800,-0.4691159621104186
1265630400,-0.46763291840385646
1265652000,-0.46603239804434554
1265673600,-0.46433782664172923
1265695200,-0.46256078156640745
1265716800,-0.460716800496458
1265738400,-0.4588126671834622
1265760000,-0.45684276642336896
1265781600,-0.45482492731800417
1265803200,-0.45278713947523147
1265824800,-0.45076500758053806
1265846400,-0.4487678501784917
1265868000,-0.4467630093235303
1265889600,-0.44472265295480357
1265911200,-0.4425987306664428
1265932800,-0.44035851524040015
1265954400,-0.4380170152283898
1265976000,-0.43559359764897126
1265997600,-0.43308453270481745
1266019200,-0.4305266599128878
1266040800,-0.4279927099676489
1266062400,-0.4255694478799953
1266084000,-0.42333777339600215
1266105600,-0.42133885761309525
1266127200,-0.41960679677105905
1266148800,-0.41813496504483383
1266170400,-0.41689882016506474
1266192000,-0.41590719456815595
1266213600,-0.41519355803129804
1266235200,-0.4147883416921222
1266256800,-0.4147247608418122
1266278400,-0.4150127279727354
1266300000,-0.4156431324319244
1266321600,-0.41656295930523457
1266343200,-0.4176704974140428
1266364800,-0.4189131945211317
1266386400,-0.42028711451710987
1266408000,-0.42181601962755105
1266429600,-0.4235447655061763
1266451200,-0.4255335322858527
1266472800,-0.42781522783747716
1266494400,-0.4303660398367847
1266516000,-0.43312910770781693
1266537600,-0.43604498788204266
1266559200,-0.4390479176144695
1266580800,-0.44208801735820846
1266602400,-0.445158261045454
1266624000,-0.44825535961911245
1266645600,-0.45135607671943134
1266667200,-0.4544009344031389
1266688800,-0.4573285569820846
1266710400,-0.46011519532747724
1266732000,-0.462771250444746
1266753600,-0.46532249054692565
1266775200,-0.4677899000950981
1266796800,-0.47020205760017
1266818400,-0.4726463675156208
1266840000,-0.4752084849312761
1266861600,-0.4779004388104792
1266883200,-0.4807001918251242
1266904800,-0.4835492028670634
1266926400,-0.48636578243828443
1266948000,-0.4890876593197444
1266969600,-0.4916903376364591
1266991200,-0.49417604144931526
1267012800,-0.49657441686049053
1267034400,-0.4989175767821339
1267056000,-0.5012205974343874
1267077600,-0.5034819174398246
1267099200,-0.5056725145302196
1267120800,-0.5077337806468161
1267142400,-0.5095978230216693
1267164000,-0.5112112459946487
1267185600,-0.5125526577651078
1267207200,-0.5136373361748439
1267228800,-0.5144902104678579
1267250400,-0.5151631692285599
1267272000,-0.5157182633294329
1267293600,-0.5162028135933774
1267315200,-0.5166292341701072
1267336800,-0.5169849239529472
1267358400,-0.5172357417840141
1267380000,-0.5173519911839476
1267401600,-0.5173118624406411
1267423200,-0.5170871579311647
1267444800,-0.5167189747340116
1267466400,-0.5162699227420158
1267488000,-0.515791809456322
1267509600,-0.5153536687526844
1267531200,-0.5150042986026324
1267552800,-0.5147339738097296
1267574400,-0.5145077482341843
1267596000,-0.5142761801746417
1267617600,-0.513987455684887
1267639200,-0.5136351491826
1267660800,-0.513220136227486
1267682400,-0.5127338350955671
1267704000,-0.512165803959713
1267725600,-0.5114761734849057
1267747200,-0.510589468756077
1267768800,-0.509454670112219
1267790400,-0.5080710005495025
1267812000,-0.5064762213885776
1267833600,-0.5047113006669747
1267855200,-0.5028248820783474
1267876800,-0.5008966327830141
1267898400,-0.4989773370955608
1267920000,-0.49708469432994024
1267941600,-0.4952453484720904
1267963200,-0.4934727301384241
1267984800,-0.4917422225992671
1268006400,-0.4900383820024462
1268028000,-0.48837560638563254
1268049600,-0.48675961618709396
1268071200,-0.48517546683496193
1268092800,-0.4835675817744749
1268114400,-0.48180532631923906
1268136000,-0.4797758061588601
1268157600,-0.4774490798137024
1268179200,-0.4748324812514107
1268200800,-0.47197100055722385
1268222400,-0.46893908479167784
1268244000,-0.4658133583514902
1268265600,-0.4626467772980123
1268287200,-0.4594671018492299
1268308800,-0.45628255471058704
1268330400,-0.45309655170649643
1268352000,-0.44992610890648743
1268373600,-0.44678690520847086
1268395200,-0.44370628753148106
1268416800,-0.440732461862893
1268438400,-0.43791720133575285
1268460000,-0.4353016182538629
1268481600,-0.4328851961642892
1268503200,-0.4306374681194449
1268524800,-0.4285375340650924
1268546400,-0.42656849050512996
1268568000,-0.4247617936129128
1268589600,-0.4231914025052457
1268611200,-0.4219049984431628
1268632800,-0.4209269837719742
1268654400,-0.42029914147491326
1268676000,-0.4200606620888326
1268697600,-0.42026362724395
1268719200,-0.42093479780325616
1268740800,-0.42202876203787953
1268762400,-0.4235016109569539
1268784000,-0.4253052633194411
1268805600,-0.4273554512663788
1268827200,-0.429573225007084
1268848800,-0.43189509646845214
1268870400,-0.43425550262629553
1268892000,-0.4366030338961533
1268913600,-0.4388814472510436
1268935200,-0.4410650414753397
1268956800,-0.44314428926713645
1268978400,-0.44508224422159726
1269000000,-0.4468667335604791
1269021600,-0.44849806586478025
1269043200,-0.4499375875424468
1269064800,-0.45115396367756483
1269086400,-0.45214440177534765
1269108000,-0.45289812793419304
1269129600,-0.45343237286233895
1269151200,-0.453789068216119
1269172800,-0.453989654919939
1269194400,-0.45403150426765815
1269216000,-0.453884746216398
1269237600,-0.45353054181039604
1269259200,-0.4529687058942015
1269280800,-0.45222903369930106
1269302400,-0.4513568706575745
1269324000,-0.45037860916517963
1269345600,-0.44934636865383637
1269367200,-0.44832547834782693
1269388800,-0.447381454068522
1269410400,-0.44657006115490233
1269432000,-0.44591911575501975
1269453600,-0.4454447706208605
1269475200,-0.4451458634687576
1269496800,-0.44499635018148564
1269518400,-0.4449520381365228
1269540000,-0.44495213479669266
1269561600,-0.4449437787839304
1269583200,-0.4448975372122315
1269604800,-0.44481165384057664
1269626400,-0.4447310349846515
1269648000,-0.4447431368791913
1269669600,-0.44491609789364883
1269691200,-0.44526586676212515
1269712800,-0.4457790997763274
1269734400,-0.4464373166044119
1269756000,-0.4472328316039845
1269777600,-0.4481596199457149
1269799200,-0.44922852934699503
1269820800,-0.45044387438824046
1269842400,-0.451789570768068
1269864000,-0.453207418627917
1269885600,-0.4546070558917134
1269907200,-0.4559355175796813
1269928800,-0.45716207129743736
1269950400,-0.45824294365517393
1269972000,-0.45912047878583634
1269993600,-0.45973279719347687
1270015200,-0.4600494697052263
1270036800,-0.4600739806032896
1270058400,-0.4598135475725698
1270080000,-0.4592642555183365
1270101600,-0.45838676274113493
1270123200,-0.45715937832755266
1270144800,-0.4556433752195645
1270166400,-0.45391314561931284
1270188000,-0.45201647982090354
1270209600,-0.4500153829291813
1270231200,-0.44794863969661936
1270252800,-0.44586230125564597
1270274400,-0.4438248033511944
1270296000,-0.4418463806636284
1270317600,-0.43992020086683176
1270339200,-0.4380831337021316
1270360800,-0.4363379249738491
1270382400,-0.43467377220401804
1270404000,-0.43311713708652483
1270425600,-0.43168472085303006
1270447200,-0.43039477166909285
1270468800,-0.429252772169834
1270490400,-0.42829723099226125
1270512000,-0.4276145956042397
1270533600,-0.42722293276757906
1270555200,-0.4271191013861481
1270576800,-0.42732811361853545
1270598400,-0.4278546274224838
1270620000,-0.4286931413499003
1270641600,-0.42981292827704276
1270663200,-0.4311630507329683
1270684800,-0.4326945136505517
1270706400,-0.4343500634895146
1270728000,-0.4360839161569435
1270749600,-0.4378785402066852
1270771200,-0.4396927526472163
1270792800,-0.4415076839551248
1270814400,-0.4433443452526509
1270836000,-0.4452075058261706
1270857600,-0.4471040930351849
1270879200,-0.44904189505442205
1270900800,-0.45102090347342
1270922400,-0.4530115157757778
1270944000,-0.454963095612985
1270965600,-0.45684309447586974
1270987200,-0.45862828651043264
1271008800,-0.4603023316669566
1271030400,-0.46184858188930766
1271052000,-0.4632297671144209
1271073600,-0.4644369188236313
1271095200,-0.4654734160411007
1271116800,-0.4663346500373582
1271138400,-0.467017412141802
1271160000,-0.4675015363930528
1271181600,-0.467762444007596
1271203200,-0.4677858484293952
1271224800,-0.46757805627031607
1271246400,-0.46717949950902077
1271268000,-0.46666644567106813
1271289600,-0.4660876841359751
1271311200,-0.465454254579814
1271332800,-0.46475385634478017
1271354400,-0.4639642565397027
1271376000,-0.46308939801274845
1271397600,-0.4621722697709627
1271419200,-0.4612448871026992
1271440800,-0.46028550979246385
1271462400,-0.45927424432456365
1271484000,-0.458216164608217
1271505600,-0.4571261913495694
1271527200,-0.45603495687122975
1271548800,-0.4549843439924621
1271570400,-0.4539993630492687
1271592000,-0.4530914978547387
1271613600,-0.45226758106185616
1271635200,-0.45153029935460015
1271656800,-0.45089937092790955
1271678400,-0.45035188003050747
1271700000,-0.4498406789995959
1271721600,-0.44934531968527647
1271743200,-0.44882964181062535
1271764800,-0.4482476990076488
1271786400,-0.4475251494859392
1271808000,-0.4465841799868076
1271829600,-0.4454116759586699
1271851200,-0.44402309051976424
1271872800,-0.44242431342197847
1271894400,-0.4406451844271487
1271916000,-0.4387167257852116
1271937600,-0.43664065006293423
1271959200,-0.4344175194361776
1271980800,-0.43206497117737813
1272002400,-0.4296256233825381
1272024000,-0.42712007711567807
1272045600,-0.42452474098937254
1272067200,-0.4218664901505139
1272088800,-0.4191849312831539
1272110400,-0.4164934091624297
1272132000,-0.413811360390716
1272153600,-0.4111303698659457
1272175200,-0.40840326801277244
1272196800,-0.40556780006726806
1272218400,-0.40259030896801856
1272240000,-0.3994574180310153
1272261600,-0.39616757678261566
1272283200,-0.392749867899828
1272304800,-0.3893047926274936
1272326400,-0.3859467829948067
1272348000,-0.3827547738046598
1272369600,-0.37977781135877325
1272391200,-0.37701559363575304
1272412800,-0.3744311157795031
1272434400,-0.3719990402646076
1272456000,-0.3697273311213049
1272477600,-0.36763283216774306
1272499200,-0.3657326806989416
1272520800,-0.3640434888271581
1272542400,-0.36255883120859467
1272564000,-0.36125847517148824
1272585600,-0.360167131818126
1272607200,-0.3593266518070008
1272628800,-0.35877875252916386
1272650400,-0.358557552568154
1272672000,-0.3586746769243972
1272693600,-0.3591445472929376
1272715200,-0.359980162153678
1272736800,-0.36117551480662663
1272758400,-0.36271322687488616
1272780000,-0.3645692432777387
1272801600,-0.3666918130828412
1272823200,-0.36901994553057427
1272844800,-0.3714900883618541
1272866400,-0.374034391173043
1272888000,-0.3766191815177241
1272909600,-0.37923980419001657
1272931200,-0.38189896960356995
1272952800,-0.3846152542929193
1272974400,-0.3874448567614609
1272996000,-0.3904312981733738
1273017600,-0.39357824016273807
1273039200,-0.39688694290729903
1273060800,-0.40035420431588287
1273082400,-0.4039760247151468
1273104000,-0.4077529291845757
1273125600,-0.4116719465643811
1273147200,-0.41569767588393874
1273168800,-0.4197475687424669
1273190400,-0.42370203065475454
1273212000,-0.42744978846302084
1273233600,-0.43091850442535456
1273255200,-0.4340837686134713
1273276800,-0.4369620163408839
1273298400,-0.4395987862639772
1273320000,-0.4420449145083591
1273341600,-0.444348543781266
1273363200,-0.4465427395519107
1273384800,-0.4486409891273352
1273406400,-0.45064137828072565
1273428000,-0.45257520870502715
1273449600,-0.4545167072175994
1273471200,-0.4565635082267436
1273492800,-0.4588007529566675
1273514400,-0.4612605247141979
1273536000,-0.46395019024072
1273557600,-0.4668655328203187
1273579200,-0.46998273557126585
1273600800,-0.47319546968111165
1273622400,-0.47638468037616555
1273644000,-0.47949281598678895
1273665600,-0.48249391154290433
1273687200,-0.4854036049567592
1273708800,-0.4883116043409954
1273730400,-0.49131499945707585
1273752000,-0.4944529252545661
1273773600,-0.49774750187883865
1273795200,-0.5012016170994757
1273816800,-0.504793026132553
1273838400,-0.5084522335838693
1273860000,-0.5120892402328433
1273881600,-0.5156081002793512
1273903200,-0.5189327099978268
1273924800,-0.5220121301715802
1273946400,-0.5248000717420868
1273968000,-0.5272695292469167
1273989600,-0.529401776522358
1274011200,-0.5311891474206076
1274032800,-0.5326462391817762
1274054400,-0.5337839138961581
1274076000,-0.5346073578256844
1274097600,-0.5351556899333859
1274119200,-0.5354711674581608
1274140800,-0.5355753077486975
1274162400,-0.5354928712038861
1274184000,-0.5352408030108277
1274205600,-0.5347897127135596
1274227200,-0.5340974543497061
1274248800,-0.5331425713721923
1274270400,-0.5319064088618585
1274292000,-0.5303864286501085
1274313600,-0.5285983781666466
1274335200,-0.5265868908401298
1274356800,-0.5243957050182506
1274378400,-0.5220429278723152
1274400000,-0.5195594115799423
1274421600,-0.5169829973509343
1274443200,-0.5143633454568431
1274464800,-0.5117869816805619
1274486400,-0.5093254199359029
1274508000,-0.5070139490969291
1274529600,-0.5048771086025211
1274551200,-0.5028827266339295
1274572800,-0.5009573734323559
1274594400,-0.499051197083901
1274616000,-0.49714859103774567
1274637600,-0.4952642497104164
1274659200,-0.4934516811962978
1274680800,-0.49176996489448427
1274702400,-0.49028155457455663
1274724000,-0.4890227047587778
1274745600,-0.48799959951029376
1274767200,-0.4872140891717567
1274788800,-0.48665379431617806
1274810400,-0.486296557917857
1274832000,-0.48610183402167284
1274853600,-0.4860444548602258
1274875200,-0.48611515944441586
1274896800,-0.4863239925817719
1274918400,-0.4866877408045571
1274940000,-0.4871925615984287
1274961600,-0.48775801447827694
1274983200,-0.48828322542445685
1275004800,-0.48866847393688995
1275026400,-0.48884376784454825
1275048000,-0.488831463787051
1275069600,-0.4886703831264508
1275091200,-0.48836930140934165
1275112800,-0.4879419344784837
1275134400,-0.4874556737170311
1275156000,-0.48697763210165934
1275177600,-0.48653733877084254
1275199200,-0.4861517812407979
1275220800,-0.48584923660320606
1275242400,-0.4856532668623679
1275264000,-0.48556552075999865
1275285600,-0.4855761064711704
1275307200,-0.4856257524286021
1275328800,-0.4856007123540663
1275350400,-0.48540444184486975
1275372000,-0.48500857189197255
1275393600,-0.4844066091636997
1275415200,-0.4836078703143574
1275436800,-0.4826339303874997
1275458400,-0.4815213504366222
1275480000,-0.4803217335280551
1275501600,-0.47911234639075967
1275523200,-0.47798089030989316
1275544800,-0.47700106545575216
1275566400,-0.4762293702376892
1275588000,-0.47568084689187307
1275609600,-0.47534690955810943
1275631200,-0.47518841179291227
1275652800,-0.47517355292946156
1275674400,-0.4752864517336742
1275696000,-0.4754889074730616
1275717600,-0.47571633770940525
1275739200,-0.47593389663825236
1275760800,-0.4761610644160237
1275782400,-0.4764357193384724
1275804000,-0.4768401228450173
1275825600,-0.47744209647334346
1275847200,-0.4782823783314096
1275868800,-0.4793672108401642
1275890400,-0.4806657879407032
1275912000,-0.4821620280449474
1275933600,-0.48382809524796194
1275955200,-0.48559503807686494
1275976800,-0.4873728874561094
1275998400,-0.48906502731244383
1276020000,-0.49058696032670523
1276041600,-0.4918790250517657
1276063200,-0.49289476613078725
1276084800,-0.49365619477170314
1276106400,-0.4942264621911302
1276128000,-0.49464774412416285
1276149600,-0.4949060202008037
1276171200,-0.49495636818472755
1276192800,-0.4947502032130799
1276214400,-0.49425728311599015
1276236000,-0.493518121291933
1276257600,-0.4926371819770602
1276279200,-0.4917155957782775
1276300800,-0.49081266796228273
1276322400,-0.48991981418782277
1276344000,-0.4889452332061758
1276365600,-0.4877777988109254
1276387200,-0.486333642612853
1276408800,-0.48456244936443604
1276430400,-0.4824284571389117
1276452000,-0.47989773914202455
1276473600,-0.4769693539651173
1276495200,-0.473690087098519
1276516800,-0.4700958870080054
1276538400,-0.46621382595127553
1276560000,-0.46208919277435484
1276581600,-0.4577736079998636
1276603200,-0.45334032108376127
1276624800,-0.4489009456539789
1276646400,-0.4445692864344698
1276668000,-0.44041175398099613
1276689600,-0.4364607496500821
1276711200,-0.4327332195317809
1276732800,-0.42922277216942467
1276754400,-0.4258923873133028
1276776000,-0.42268951875480626
1276797600,-0.4195489636822887
1276819200,-0.4164048065976618
1276840800,-0.41322433196810493
1276862400,-0.4100356866883532
1276884000,-0.4069069357504515
1276905600,-0.4038907388860076
1276927200,-0.40104364610301513
1276948800,-0.39840247951834035
1276970400,-0.39597486617482625
1276992000,-0.3937722357763516
1277013600,-0.39182316254350874
1277035200,-0.39011089439503005
1277056800,-0.38856254497939763
1277078400,-0.38709173455604745
1277100000,-0.38557475105344013
1277121600,-0.3839365983837459
1277143200,-0.38216653595396727
1277164800,-0.3802873887887034
1277186400,-0.37832193273208103
1277208000,-0.3762705609628393
1277229600,-0.37411260359226917
1277251200,-0.371849289664501
1277272800,-0.36952876409052055
1277294400,-0.3671789007311295
1277316000,-0.36479972308184005
1277337600,-0.3623770521126393
1277359200,-0.3599015746192381
1277380800,-0.35733733717362
1277402400,-0.3546252252735429
1277424000,-0.3517341324125936
1277445600,-0.348648674887548
1277467200,-0.34536974353569067
1277488800,-0.3419479194398388
1277510400,-0.33843497387753324
1277532000,-0.33484592260535445
1277553600,-0.3311854422670565
1277575200,-0.327463309766058
1277596800,-0.3237206273621861
1277618400,-0.32002584718697985
1277640000,-0.3164662609882066
1277661600,-0.31314866154481874
1277683200,-0.31018407483216176
1277704800,-0.30764138376343797
1277726400,-0.30552112467839415
1277748000,-0.3038166835132394
1277769600,-0.30251510394462483
1277791200,-0.30157115311641436
1277812800,-0.3009555917827486
1277834400,-0.3006722763076109
1277856000,-0.30072972388099833
1277877600,-0.3011322944448437
1277899200,-0.30191642584751704
1277920800,-0.3031325969192512
1277942400,-0.3047966908159087
1277964000,-0.306898847714776
1277985600,-0.3094361333115861
1278007200,-0.31240283146512093
1278028800,-0.31579063643660943
1278050400,-0.3195999094393063
1278072000,-0.32380612023473254
1278093600,-0.3283682626864123
1278115200,-0.33322751213705
1278136800,-0.33829501158659625
1278158400,-0.34347521711721357
1278180000,-0.34866419635934603
1278201600,-0.3537735971494356
1278223200,-0.3587223284409148
1278244800,-0.36343851001194305
1278266400,-0.36790130170406604
1278288000,-0.3721101093264487
1278309600,-0.3760690396727322
1278331200,-0.379818372135399
1278352800,-0.383424944977218
1278374400,-0.3869616168181411
1278396000,-0.39046175195986454
1278417600,-0.393882325909942
1278439200,-0.3971659256675467
1278460800,-0.40022633701530014
1278482400,-0.40299130671993316
1278504000,-0.40545635508977695
1278525600,-0.4076760675026954
1278547200,-0.4096848608677963
1278568800,-0.4114593395656821
1278590400,-0.41298507544877877
1278612000,-0.41425730158964047
1278633600,-0.4152771530960077
1278655200,-0.41603956723932234
1278676800,-0.41655749663262903
1278698400,-0.4168851152901894
1278720000,-0.4170758210741854
1278741600,-0.41721692811274264
1278763200,-0.4174255923625077
1278784800,-0.4177679606805952
1278806400,-0.41827991942985887
1278828000,-0.4190033537243559
1278849600,-0.41996222591427373
1278871200,-0.42111175777660725
1278892800,-0.42236960671900053
1278914400,-0.4236773036500804
1278936000,-0.42501120818940635
1278957600,-0.42635466803067484
1278979200,-0.42771559832774975
1279000800,-0.42912366740532987
1279022400,-0.4306119525303373
1279044000,-0.432211206592066
1279065600,-0.4339254738496962
1279087200,-0.43574350724816807
1279108800,-0.4376152312930075
1279130400,-0.4394288641571475
1279152000,-0.44107103516160184
1279173600,-0.44244835549566797
1279195200,-0.4434629518760529
1279216800,-0.4440482751526443
1279238400,-0.4442080667610569
1279260000,-0.44398629532721656
1279281600,-0.4434016520604751
1279303200,-0.4424498294656466
1279324800,-0.4411416791655692
1279346400,-0.43949240655986976
1279368000,-0.4375207808506682
1279389600,-0.4352700135917165
1279411200,-0.4328184022339765
1279432800,-0.43023268534445375
1279454400,-0.42752547118880263
1279476000,-0.4247163365531263
1279497600,-0.42183937363743956
1279519200,-0.4188951268351987
1279540800,-0.4158839994618628
1279562400,-0.4128091754864223
1279584000,-0.4096579525558257
1279605600,-0.4064350379976095
1279627200,-0.40313457015686643
1279648800,-0.3997181030898168
1279670400,-0.3961817028823172
1279692000,-0.3925673717670974
1279713600,-0.3889390561529682
1279735200,-0.38537322248288264
1279756800,-0.3819842024909878
1279778400,-0.37886839032203923
1279800000,-0.37604206162986553
1279821600,-0.3734830896878334
1279843200,-0.37117684014401864
1279864800,-0.36913349625958486
1279886400,-0.3673612690883102
1279908000,-0.36583765350949515
1279929600,-0.36456979554322655
1279951200,-0.3636324074439903
1279972800,-0.3630831995333251
1279994400,-0.3629885832631623
1280016000,-0.36341515766162646
1280037600,-0.36434701000241243
1280059200,-0.3656965673204756
1280080800,-0.36738469039453103
1280102400,-0.3693755276907161
1280124000,-0.37162453031284165
1280145600,-0.37409461611651224
1280167200,-0.37680999666674764
1280188800,-0.37980353651231713
1280210400,-0.3830724962070441
1280232000,-0.3865684044121441
1280253600,-0.3902419089073341
1280275200,-0.39401973027597015
1280296800,-0.3978220411163847
1280318400,-0.40162340639689337
1280340000,-0.4053903195008238
1280361600,-0.40905413641496513
1280383200,-0.4125644908144976
1280404800,-0.41595385339459046
1280426400,-0.41932077581215116
1280448000,-0.42276106091649734
1280469600,-0.42633020918036674
1280491200,-0.4300651479736028
1280512800,-0.43396401194668527
1280534400,-0.4379479077420478
1280556000,-0.44189904659719653
1280577600,-0.44570387200922956
1280599200,-0.44926575851592215
1280620800,-0.45251321218774454
1280642400,-0.4554283726138153
1280664000,-0.45806218387627357
1280685600,-0.46046130259616824
1280707200,-0.462632736661385
1280728800,-0.46458656843791857
1280750400,-0.46637121176201607
1280772000,-0.46803143433675964
1280793600,-0.46958136586064736
1280815200,-0.47104924744726956
1280836800,-0.4724808957284023
1280858400,-0.47389493598169047
1280880000,-0.47529372999965674
1280901600,-0.47666880103382203
1280923200,-0.47801447168321465
1280944800,-0.47934161085499144
1280966400,-0.48060909532253676
1280988000,-0.48178483267086036
1281009600,-0.4828781142707481
1281031200,-0.48388825901816473
1281052800,-0.48484909134137466
1281074400,-0.4858368012812898
1281096000,-0.4869126545895072
1281117600,-0.48809444167842225
1281139200,-0.4893797929921371
1281160800,-0.490762756908068
1281182400,-0.4922371949306698
1281204000,-0.49380208314993146
1281225600,-0.4954198623319915
1281247200,-0.4969713623461842
1281268800,-0.4982966303799277
1281290400,-0.49922609128298995
1281312000,-0.4996395875745312
1281333600,-0.49949113737024936
1281355200,-0.49877586695524717
1281376800,-0.4974869618222335
1281398400,-0.4955961227633917
1281420000,-0.4930968872898335
1281441600,-0.49004229109166103
1281463200,-0.486515646734418
1281484800,-0.48261397423537766
1281506400,-0.47842557667089924
1281528000,-0.47399120356800123
1281549600,-0.46931787281566534
1281571200,-0.46441752235367295
1281592800,-0.4593041240731837
1281614400,-0.45397467917337225
1281636000,-0.4484427701400239
1281657600,-0.4427853023132349
1281679200,-0.4370792480358539
1281700800,-0.4313399554369747
1281722400,-0.4255609444857734
1281744000,-0.41971875216302257
1281765600,-0.41380660261940744
1281787200,-0.40781094347477087
1281808800,-0.40171955046550356
1281830400,-0.395576000311008
1281852000,-0.3894394002188162
1281873600,-0.3833949367708249
1281895200,-0.37757578033532607
1281916800,-0.37208695039367096
1281938400,-0.3669413827001272
1281960000,-0.36209332505063596
1281981600,-0.3574954449829363
1282003200,-0.35312307579470176
1282024800,-0.3489615712755902
1282046400,-0.3449667666179149
1282068000,-0.34112352618473785
1282089600,-0.3374670513309048
1282111200,-0.3340517309518244
1282132800,-0.33092429557166664
1282154400,-0.3281186243947973
1282176000,-0.3256668557567768
1282197600,-0.32358354866665245
1282219200,-0.3218785534068668
1282240800,-0.32058515023832107
1282262400,-0.3197469847531303
1282284000,-0.3193428271150943
1282305600,-0.31929531223288693
1282327200,-0.31954288589840035
1282348800,-0.32001906487826987
1282370400,-0.3206094526583426
1282392000,-0.3212218665058892
1282413600,-0.32182509672031984
1282435200,-0.32241117974178907
1282456800,-0.322960362238145
1282478400,-0.3234253755100129
1282500000,-0.323817380916511
1282521600,-0.3241899048826778
1282543200,-0.32459994752036164
1282564800,-0.3251453319657463
1282586400,-0.32591407769251723
1282608000,-0.3269154558388449
1282629600,-0.32810497129473987
1282651200,-0.3294592626591649
1282672800,-0.33095805228300934
1282694400,-0.33257736506773816
1282716000,-0.33430424569601247
1282737600,-0.33608801824470375
1282759200,-0.3378542781529716
1282780800,-0.33954652588952644
1282802400,-0.34115155455973933
1282824000,-0.34270256962165224
1282845600,-0.34425365610677655
1282867200,-0.3458652353584088
1282888800,-0.34758539232832875
1282910400,-0.3494748597217892
1282932000,-0.35159500221393875
1282953600,-0.3539745183335217
1282975200,-0.3566477836369838
1282996800,-0.35963394493869505
1283018400,-0.3628623077351921
1283040000,-0.3662385570754931
1283061600,-0.36969916362692334
1283083200,-0.37322647120680863
1283104800,-0.3768270358886368
1283126400,-0.3804847850479668
1283148000,-0.3841911721337249
1283169600,-0.38793421176652926
1283191200,-0.391653531572196
1283212800,-0.395270457288493
1283234400,-0.3987367639146219
1283256000,-0.402035942996859
1283277600,-0.40519269091150034
1283299200,-0.4082432694308855
1283320800,-0.41122824014986664
1283342400,-0.41420081568956085
1283364000,-0.4171626990768684
1283385600,-0.420075436673289
1283407200,-0.42287190388142804
1283428800,-0.4254559229642258
1283450400,-0.4277605346610949
1283472000,-0.42976193970122245
1283493600,-0.4314525076381123
1283515200,-0.4328246555894944
1283536800,-0.43385577334657577
1283558400,-0.4345360945516874
1283580000,-0.43491535511259244
1283601600,-0.4350623964761742
1283623200,-0.43497198433336853
1283644800,-0.4345862947795142
1283666400,-0.4338643032490228
1283688000,-0.4327823817834598
1283709600,-0.43133270412217434
1283731200,-0.42951058052809316
1283752800,-0.42733796321827944
1283774400,-0.4248824032476719
1283796000,-0.422189777266926
1283817600,-0.4192947851003332
1283839200,-0.41623967170677895
1283860800,-0.4130323777193942
1283882400,-0.4096625337795909
1283904000,-0.406174637902488
1283925600,-0.40266714400361175
1283947200,-0.39920669595624664
1283968800,-0.39585149669234526
1283990400,-0.39266735556544496
1284012000,-0.38972108311012593
1284033600,-0.3870657954872624
1284055200,-0.3847157145901264
1284076800,-0.3826298443794647
1284098400,-0.38072599672825647
1284120000,-0.3788975759697146
1284141600,-0.3770459771223992
1284163200,-0.37513965623213097
1284184800,-0.37319380395381435
1284206400,-0.37122328193546034
1284228000,-0.36923163078743304
1284249600,-0.3672252184758776
1284271200,-0.36519059784387825
1284292800,-0.3631108316347455
1284314400,-0.36105596460096523
1284336000,-0.35914197409175275
1284357600,-0.35744947294873763
1284379200,-0.3560036415761466
1284400800,-0.35478942122987334
1284422400,-0.3537918127573807
1284444000,-0.3529848018872077
1284465600,-0.35232047765860647
1284487200,-0.35175803793862215
1284508800,-0.3512773101096627
1284530400,-0.3508793216981135
1284552000,-0.3505937392631009
1284573600,-0.35044251995269576
1284595200,-0.35042049251177143
1284616800,-0.350495809273416
1284638400,-0.3506196890746002
1284660000,-0.3507628829608959
1284681600,-0.35091476916846426
1284703200,-0.35107974414967535
1284724800,-0.35128863057604903
1284746400,-0.351590153124398
1284768000,-0.352023988748405
1284789600,-0.352574021982884
1284811200,-0.3531838004181569
1284832800,-0.3538082852059019
1284854400,-0.3544169556439069
1284876000,-0.354968910389119
1284897600,-0.35544602957627336
1284919200,-0.3559369103019344
1284940800,-0.3565584506381008
1284962400,-0.357389189898992
1284984000,-0.35848206861735205
1285005600,-0.35985418302330363
1285027200,-0.3615084882471652
1285048800,-0.3634369424035985
1285070400,-0.3656292558608715
1285092000,-0.36805834443237145
1285113600,-0.37066218674996154
1285135200,-0.3733628691198399
1285156800,-0.3761565500856158
1285178400,-0.3791006753578822
1285200000,-0.3822528021916441
1285221600,-0.3856682816899503
1285243200,-0.38938419470434604
1285264800,-0.3934492046549288
1285286400,-0.3978763682122429
1285308000,-0.4025768706008737
1285329600,-0.4074435459727882
1285351200,-0.412397423151965
1285372800,-0.4173912876607496
1285394400,-0.4224232740447121
1285416000,-0.4275385719180751
1285437600,-0.432766277157577
1285459200,-0.4380597318683445
1285480800,-0.4433472323897478
1285502400,-0.4485336157131376
1285524000,-0.45353274221412554
1285545600,-0.45829185282456436
1285567200,-0.46277667853170185
1285588800,-0.46698577036323846
1285610400,-0.4709326115314391
1285632000,-0.4746312033588981
1285653600,-0.47810381112949424
1285675200,-0.48137533980684066
1285696800,-0.48443240140521027
1285718400,-0.4872118528636969
1285740000,-0.48967900038697376
1285761600,-0.49185394291146894
1285783200,-0.49374981699170223
1285804800,-0.495379113988638
1285826400,-0.49676007020625257
1285848000,-0.4978610458414746
1285869600,-0.49863793584893684
1285891200,-0.4990791581574587
1285912800,-0.4991929175234184
1285934400,-0.49904772356185784
1285956000,-0.49874800227138233
1285977600,-0.49837322128028594
1285999200,-0.49798783426870646
1286020800,-0.49762243780625837
1286042400,-0.4972443731660964
1286064000,-0.49680197199325626
1286085600,-0.49629073339122365
1286107200,-0.49574580096014564
1286128800,-0.4951878662538198
1286150400,-0.4946243421757602
1286172000,-0.49408923836645635
1286193600,-0.4936150029322322
1286215200,-0.49317729976618635
1286236800,-0.492740559975529
1286258400,-0.49229715479800473
1286280000,-0.49184406913939926
1286301600,-0.4913620254223359
1286323200,-0.4908483894124657
1286344800,-0.49032745547324386
1286366400,-0.48980441207646336
1286388000,-0.4892917832304396
1286409600,-0.488839395802276
1286431200,-0.4885058012519215
1286452800,-0.48824631769509147
1286474400,-0.4879585220658225
1286496000,-0.4875564708823018
1286517600,-0.48696106403713274
1286539200,-0.4861248796230105
1286560800,-0.48499014968723125
1286582400,-0.48351437265064967
1286604000,-0.4817150676742647
1286625600,-0.479639445430027
1286647200,-0.47735868901269085
1286668800,-0.47497829121184937
1286690400,-0.4725755791160471
1286712000,-0.4701812952320897
1286733600,-0.4678282014952799
1286755200,-0.46553689415817184
1286776800,-0.4632801163906518
1286798400,-0.46101445254747303
1286820000,-0.4587288811991633
1286841600,-0.4564365528257325
1286863200,-0.4541582470730534
1286884800,-0.451917278102982
1286906400,-0.44970972029486783
1286928000,-0.4474964252133107
1286949600,-0.4452366257625995
1286971200,-0.44291458596347016
1286992800,-0.44056888992455184
1287014400,-0.43827690840714867
1287036000,-0.4360752865069019
1287057600,-0.43396874467623886
1287079200,-0.4319816790682853
1287100800,-0.430142268524365
1287122400,-0.42847209187231927
1287144000,-0.4270103951815375
1287165600,-0.42580663034847
1287187200,-0.42489285900212204
1287208800,-0.42426977264285276
1287230400,-0.4239016839022118
1287252000,-0.4237552112944699
1287273600,-0.42380271078214754
1287295200,-0.42400165619173585
1287316800,-0.4243334280937712
1287338400,-0.42482293178178276
1287360000,-0.4255139151237213
1287381600,-0.42646033423733926
1287403200,-0.42766096509901275
1287424800,-0.42908058601937793
1287446400,-0.430702062562659
1287468000,-0.43246135584304596
1287489600,-0.43427479636173066
1287511200,-0.43611097937900845
1287532800,-0.4379675166098902
1287554400,-0.43984114842073474
1287576000,-0.44173434131379913
1287597600,-0.44366428779287326
1287619200,-0.4456276912233027
1287640800,-0.447590314601699
1287662400,-0.4495459714653886
1287684000,-0.45149445555046736
1287705600,-0.45339745494544487
1287727200,-0.4552263941661179
1287748800,-0.4570139294637242
1287770400,-0.4587878260075619
1287792000,-0.4605052596957153
1287813600,-0.4621075226988275
1287835200,-0.463561379384573
1287856800,-0.46486543086910276
1287878400,-0.4660435683649503
1287900000,-0.4671219025500384
1287921600,-0.4681171008374727
1287943200,-0.4689952225692536
1287964800,-0.46966869905722985
1287986400,-0.47007534102380666
1288008000,-0.470205003248967
1288029600,-0.47006971509020345
1288051200,-0.4697301346622615
1288072800,-0.4693034611078949
1288094400,-0.468904620354262
1288116000,-0.4685878363245071
1288137600,-0.46832073293079024
1288159200,-0.46804090547577
1288180800,-0.46771127613891905
1288202400,-0.467317674276841
1288224000,-0.46688276114494665
1288245600,-0.46644451039758106
1288267200,-0.46602422883385863
1288288800,-0.4656288973334612
1288310400,-0.46529369776085694
1288332000,-0.4650774500571756
1288353600,-0.4650113662209339
1288375200,-0.4651091489581297
1288396800,-0.4653649915797799
1288418400,-0.4657510679629421
1288440000,-0.46624846616479687
1288461600,-0.4668378932682852
1288483200,-0.4674930657030819
1288504800,-0.468186664698081
1288526400,-0.4688550915331703
1288548000,-0.46941058518567147
1288569600,-0.4697917927619466
1288591200,-0.4699732973020744
1288612800,-0.46994945683824874
1288634400,-0.46971956462995124
1288656000,-0.469296830699102
1288677600,-0.4686722953441109
1288699200,-0.4678199717511661
1288720800,-0.4667465518021212
1288742400,-0.4654885956643191
1288764000,-0.46412293064023785
1288785600,-0.46273182027812526
1288807200,-0.4613501829554298
1288828800,-0.45998235389303477
1288850400,-0.45861597765639855
1288872000,-0.45722649284006056
1288893600,-0.4557797981027542
1288915200,-0.4542440773001009
1288936800,-0.45260855677101575
1288958400,-0.45085610478931526
1288980000,-0.448955288094193
1289001600,-0.4468656078116829
1289023200,-0.4445451124110656
1289044800,-0.4419420368545003
1289066400,-0.43903037481621476
1289088000,-0.43586104160142497
1289109600,-0.43249881204203877
1289131200,-0.4289898691517083
1289152800,-0.4253753622006313
1289174400,-0.42172904339219786
1289196000,-0.4181419448415761
1289217600,-0.4146507366725372
1289239200,-0.41127485557179194
1289260800,-0.4080327759313629
1289282400,-0.4049208290317591
1289304000,-0.4019373941126837
1289325600,-0.3990944236711947
1289347200,-0.39637853597286316
1289368800,-0.3937698728390388
1289390400,-0.3912797999661333
1289412000,-0.388938596771592
1289433600,-0.38682450283578046
1289455200,-0.38499152718515234
1289476800,-0.3834315120096443
1289498400,-0.38214035758637954
1289520000,-0.3810971427466352
1289541600,-0.380256252453006
1289563200,-0.37957439572568114
1289584800,-0.37898904629301855
1289606400,-0.3783961690808939
1289628000,-0.37772023354302975
1289649600,-0.3769510052953488
1289671200,-0.3761127589052707
1289692800,-0.375254155114766
1289714400,-0.37439597125760576
1289736000,-0.3735181313680587
1289757600,-0.37259449147828055
1289779200,-0.37162670529219705
1289800800,-0.3706397023864898
1289822400,-0.36965258899833875
1289844000,-0.3686717739202176
1289865600,-0.36769314208867493
1289887200,-0.3667037442103764
1289908800,-0.36568138084789137
1289930400,-0.36461023583464786
1289952000,-0.3634550671057755
1289973600,-0.3621971778336512
1289995200,-0.3608772051593593
1290016800,-0.35952482878571396
1290038400,-0.358143434112646
1290060000,-0.35672901059492496
1290081600,-0.35527643046927854
1290103200,-0.3538148107422585
1290124800,-0.3523732843660043
1290146400,-0.3509567184352127
1290168000,-0.349558377749394
1290189600,-0.34812548419392486
1290211200,-0.346626293096992
1290232800,-0.34507750276189847
1290254400,-0.3434838499050312
1290276000,-0.3418517399590918
1290297600,-0.34021081135608366
1290319200,-0.3386050466276279
1290340800,-0.3370896997551249
1290362400,-0.3357135056642311
1290384000,-0.33453233921320275
1290405600,-0.33360811264317625
1290427200,-0.3329966864445015
1290448800,-0.3327120645014344
1290470400,-0.3326938782486705
1290492000,-0.33287105293549785
1290513600,-0.33321881367342876
1290535200,-0.3337746428552843
1290556800,-0.33458818891207
1290578400,-0.3357144688705372
1290600000,-0.3371908554516224
1290621600,-0.3389979058946189
1290643200,-0.3410971609137227
1290664800,-0.3434304160047981
1290686400,-0.34591075198796595
1290708000,-0.34840954167246563
1290729600,-0.3507844793528322
1290751200,-0.3529863106259526
1290772800,-0.35504425112787513
1290794400,-0.3569824888623227
1290816000,-0.3588093753232648
1290837600,-0.36053097955406305
1290859200,-0.3621792764919787
1290880800,-0.36382007044042347
1290902400,-0.3655229459539528
1290924000,-0.36729508319588416
1290945600,-0.36907704634687943
1290967200,-0.3707855627943436
1290988800,-0.3723609632515561
1291010400,-0.3738232255971493
1291032000,-0.3752355753573746
1291053600,-0.3766428111134063
1291075200,-0.3780428534604347
1291096800,-0.3794225289173822
1291118400,-0.3807809272789193
1291140000,-0.3821172329664285
1291161600,-0.3834359102861559
1291183200,-0.38474057460732985
1291204800,-0.38602467565384735
1291226400,-0.3872549878094741
1291248000,-0.3884150671036966
1291269600,-0.3895050719705959
1291291200,-0.3905095735668716
1291312800,-0.3913931424344499
1291334400,-0.3921163318377252
1291356000,-0.39268770813388587
1291377600,-0.39315327680695794
1291399200,-0.39352446455520157
1291420800,-0.39380091601608225
1291442400,-0.39401748009164084
1291464000,-0.39423235683463087
1291485600,-0.3945494094035642
1291507200,-0.3950284117412484
1291528800,-0.39566918985346156
1291550400,-0.39647482295992575
1291572000,-0.39742814797491643
1291593600,-0.3985200544676177
1291615200,-0.3997599021313405
1291636800,-0.4011565373420153
1291658400,-0.4027195022137398
1291680000,-0.40443128186874117
1291701600,-0.40628904831425894
1291723200,-0.40830042570963104
1291744800,-0.41044690018906194
1291766400,-0.4126993575347136
1291788000,-0.4150315515248922
1291809600,-0.4174305587499769
1291831200,-0.4198675326312496
1291852800,-0.42230263036036825
1291874400,-0.424679469441901
1291896000,-0.4269409540866794
1291917600,-0.4290338805669391
1291939200,-0.43091189722200224
1291960800,-0.43254191489394506
1291982400,-0.43392139157502035
1292004000,-0.43512718892677565
1292025600,-0.43625933856030996
1292047200,-0.43736339798826884
1292068800,-0.4384382671176235
1292090400,-0.4394979238683505
1292112000,-0.44053351138616537
1292133600,-0.4415050414027627
1292155200,-0.44238323166495586
1292176800,-0.4431497436428712
1292198400,-0.44379606927963683
1292220000,-0.444345477680934
1292241600,-0.44484907885132924
1292263200,-0.4453134381830675
1292284800,-0.4456812823416084
1292306400,-0.44588834845291414
1292328000,-0.4458875064441275
1292349600,-0.4456520758244246
1292371200,-0.44518467348013135
1292392800,-0.44449138906524144
1292414400,-0.4435709823777824
1292436000,-0.4424234943875173
1292457600,-0.44109103183269327
1292479200,-0.4396408935561529
1292500800,-0.43813044464704803
1292522400,-0.43664793617707154
1292544000,-0.43528381011096984
1292565600,-0.4340559871010734
1292587200,-0.4329651842510681
1292608800,-0.4320614745110744
1292630400,-0.4313948166038681
1292652000,-0.43096714366616895
1292673600,-0.43074989171687095
1292695200,-0.43070390760244637
1292716800,-0.43079935615211346
1292738400,-0.43104454004433246
1292760000,-0.4314597996942848
1292781600,-0.43205905375636694
1292803200,-0.43284763117620545
1292824800,-0.43380805640429004
1292846400,-0.4349340876880815
1292868000,-0.4362538662416468
1292889600,-0.4377938132388381
1292911200,-0.4395260816288879
1292932800,-0.44140162951546696
1292954400,-0.44337437092728266
1292976000,-0.4453853515556653
1292997600,-0.4473427376450267
1293019200,-0.4491502879552703
1293040800,-0.4507796799169209
1293062400,-0.4522414535684282
1293084000,-0.4535480958649621
1293105600,-0.4547324354364766
1293127200,-0.45582795624789635
1293148800,-0.45682682671474095
1293170400,-0.45770583065065357
1293192000,-0.45846106420382765
1293213600,-0.4591149275681719
1293235200,-0.4596706402526646
1293256800,-0.46014586350618414
1293278400,-0.46058089491509685
1293300000,-0.460977620938806
1293321600,-0.4613181239269763
1293343200,-0.46155032638084387
1293364800,-0.46158378493602586
1293386400,-0.461313060527095
1293408000,-0.4606930435566581
1293429600,-0.4597232932672311
1293451200,-0.4583867534277211
1293472800,-0.45666986156144734
1293494400,-0.45458435973248107
1293516000,-0.4521767078420411
1293537600,-0.449519421966755
1293559200,-0.44674167501224715
1293580800,-0.4440144320619647
1293602400,-0.44144219428024184
1293624000,-0.4390237277895457
1293645600,-0.43673951881022793
1293667200,-0.43458867921310695
1293688800,-0.4325715592790085
1293710400,-0.43069991326458107
1293732000,-0.42898739016205395
1293753600,-0.4273952089479281
1293775200,-0.4258502811422883
1293796800,-0.4243436788950637
1293818400,-0.4228971439038842
1293840000,-0.42147930159539004
1293861600,-0.42007908672882077
1293883200,-0.41872849481880964
1293904800,-0.4174663806364475
1293926400,-0.4163248836783509
1293948000,-0.4153284444083362
1293969600,-0.41449280210024636
1293991200,-0.41381476313957777
1294012800,-0.41328230936436133
1294034400,-0.4128435952856607
1294056000,-0.4123948376152532
1294077600,-0.41181073383137606
1294099200,-0.41104173630000745
1294120800,-0.4100937170536362
1294142400,-0.40895435355940024
1294164000,-0.40758579208673723
1294185600,-0.40594161332324435
1294207200,-0.40402802933872584
1294228800,-0.4018983785541013
1294250400,-0.3996090453857605
1294272000,-0.39720009969058473
1294293600,-0.3947273840482934
1294315200,-0.39223284573108597
1294336800,-0.38973189942851066
1294358400,-0.3872397267951083
1294380000,-0.3847124964195781
1294401600,-0.38203101502052245
1294423200,-0.3790731921444904
1294444800,-0.37579712339495097
1294466400,-0.372210545162989
1294488000,-0.3683091807065157
1294509600,-0.3640629257975381
1294531200,-0.35946598605771585
1294552800,-0.35452400123842254
1294574400,-0.3492354538839649
1294596000,-0.34363333807507135
1294617600,-0.3378064239787612
1294639200,-0.33190274493745836
1294660800,-0.32608710834936616
1294682400,-0.32050242133437945
1294704000,-0.3152441972962269
1294725600,-0.31037442147071725
1294747200,-0.30592826994987515
1294768800,-0.30191410259133494
1294790400,-0.2983116262201477
1294812000,-0.2950739884423917
1294833600,-0.2921454984092802
1294855200,-0.28946172023073624
1294876800,-0.28698157861881374
1294898400,-0.2847394951536366
1294920000,-0.28282999793297553
1294941600,-0.2813239793975208
1294963200,-0.2802527469079776
1294984800,-0.2796001086191464
1295006400,-0.27932957028066707
1295028000,-0.279428216871671
1295049600,-0.27990474521307634
1295071200,-0.28080222438844527
1295092800,-0.2820776598332836
1295114400,-0.28357843412946226
1295136000,-0.285196297406203
1295157600,-0.2868869123963266
1295179200,-0.2886095900000812
1295200800,-0.2903089779874196
1295222400,-0.2919360287865475
1295244000,-0.2934543447524867
1295265600,-0.29484083494367236
1295287200,-0.2961167003986508
1295308800,-0.2973361712343965
1295330400,-0.2985438458083881
1295352000,-0.29979354735720115
1295373600,-0.30117300264294555
1295395200,-0.30272082442533316
1295416800,-0.3043908225274548
1295438400,-0.30609947391660397
1295460000,-0.3077976715257852
1295481600,-0.3094423068956651
1295503200,-0.31098065908911293
1295524800,-0.31237647537134183
1295546400,-0.31358686285009996
1295568000,-0.31459465469507386
1295589600,-0.31538205142446524
1295611200,-0.315927717916953
1295632800,-0.3161935661837313
1295654400,-0.316143803853241
1295676000,-0.31582877201953097
1295697600,-0.3153892272350463
1295719200,-0.3149604339680077
1295740800,-0.3146033741652727
1295762400,-0.31434971475847695
1295784000,-0.3142257484976122
1295805600,-0.3142998445431548
1295827200,-0.3146486385424128
1295848800,-0.3153004968834835
1295870400,-0.31626520173692496
1295892000,-0.3175344708941688
1295913600,-0.3190897168367427
1295935200,-0.3209165733083514
1295956800,-0.32299037872529196
1295978400,-0.32527049393027513
1296000000,-0.3277302032922666
1296021600,-0.3303672269103823
1296043200,-0.33321208341186
1296064800,-0.33628774753716906
1296086400,-0.3395864958687252
1296108000,-0.3430903918816584
1296129600,-0.34676260948057896
1296151200,-0.3505181963812977
1296172800,-0.35421792991316525
1296194400,-0.35773752350688326
1296216000,-0.3610031668685958
1296237600,-0.36396227652354546
1296259200,-0.3665706275665428
1296280800,-0.3688383423132918
1296302400,-0.37080142956820145
1296324000,-0.3724685836357376
1296345600,-0.37383268637693756
1296367200,-0.3748622095976944
1296388800,-0.37556542235017454
1296410400,-0.37601398876684783
1296432000,-0.3762629048603115
1296453600,-0.3763475372184061
1296475200,-0.3762904876627984
1296496800,-0.3760772562425235
1296518400,-0.3757104558196576
1296540000,-0.3752118198472557
1296561600,-0.37457548451515765
1296583200,-0.373765630593623
1296604800,-0.3727132353601604
1296626400,-0.3713976113410257
1296648000,-0.3698487718656382
1296669600,-0.36808085756210324
1296691200,-0.36611673367650466
1296712800,-0.364028465351515
1296734400,-0.36193274679784915
1296756000,-0.35991760760862107
1296777600,-0.35804776258989285
1296799200,-0.35634964994697754
1296820800,-0.35479028037533955
1296842400,-0.35331884204360475
1296864000,-0.3518880302080337
1296885600,-0.350479035747244
1296907200,-0.3490944409822999
1296928800,-0.34776486433000436
1296950400,-0.3465413807360348
1296972000,-0.3454635910083684
1296993600,-0.3445485271788631
1297015200,-0.3438395349109982
1297036800,-0.34339653144047755
1297058400,-0.3432599163238204
1297080000,-0.34347522708656664
1297101600,-0.34403875040041515
1297123200,-0.34491047280664566
1297144800,-0.3460703737915272
1297166400,-0.34751358214824724
1297188000,-0.34923759282593253
1297209600,-0.35118141902761985
1297231200,-0.35322864973911333
1297252800,-0.35530576501548716
1297274400,-0.3573699314793226
1297296000,-0.35935690805110954
1297317600,-0.36121295548326654
1297339200,-0.3628685585758372
1297360800,-0.36426317502734257
1297382400,-0.36542498436998927
1297404000,-0.3664065420325273
1297425600,-0.36723759917718996
1297447200,-0.3679793416504396
1297468800,-0.36870950496073573
1297490400,-0.3694582949184272
1297512000,-0.3702196519534674
1297533600,-0.3709919853287129
1297555200,-0.3717824367773737
1297576800,-0.37259725539613014
1297598400,-0.3734207118634231
1297620000,-0.37424713446632274
1297641600,-0.37508964606775924
1297663200,-0.37595753775432283
1297684800,-0.3768684541958794
1297706400,-0.37786398186614095
1297728000,-0.3789439345817922
1297749600,-0.38005401131151956
1297771200,-0.38117901785374925
1297792800,-0.3823459545922996
1297814400,-0.38355512882511306
1297836000,-0.3847884375267737
1297857600,-0.38605249308432177
1297879200,-0.38736270053220406
1297900800,-0.38874980677754273
1297922400,-0.39018905909151586
1297944000,-0.3916050113828735
1297965600,-0.39295954063490157
1297987200,-0.3942288637912058
1298008800,-0.39540849865976424
1298030400,-0.3965413880757501
1298052000,-0.3977181158313818
1298073600,-0.39902451725497157
1298095200,-0.4005169440838443
1298116800,-0.40224541550367604
1298138400,-0.40425290645833745
1298160000,-0.4065410374647563
1298181600,-0.40908045416593297
1298203200,-0.4118580874780349
1298224800,-0.4148637995892612
1298246400,-0.4180599539656634
1298268000,-0.4213742560594806
1298289600,-0.4247118897889677
1298311200,-0.4279599252065749
1298332800,-0.43104453498035045
1298354400,-0.43393811671352556
1298376000,-0.4366356486121328
1298397600,-0.4391663483867019
1298419200,-0.441567337010844
1298440800,-0.4438917064192177
1298462400,-0.44617551870969735
1298484000,-0.4484130845568401
1298505600,-0.4505999034337445
1298527200,-0.4527288182904206
1298548800,-0.4547809096090668
1298570400,-0.45675623544169175
1298592000,-0.4586636409040065
1298613600,-0.46048967833117893
1298635200,-0.4622451006748236
1298656800,-0.4639731814551311
1298678400,-0.4656779258296148
1298700000,-0.4673423138037639
1298721600,-0.4689596386427555
1298743200,-0.4705086878566803
1298764800,-0.4719706952509958
1298786400,-0.4733400920134869
1298808000,-0.47463303889669833
1298829600,-0.4758751335841159
1298851200,-0.47706864060146437
1298872800,-0.4781883292335484
1298894400,-0.4792198679277619
1298916000,-0.48010074511705114
1298937600,-0.48074867091959067
1298959200,-0.4811461542817237
1298980800,-0.4812806252178878
1299002400,-0.48112239236221865
1299024000,-0.480689707129692
1299045600,-0.48004291520766834
1299067200,-0.47921049168548385
1299088800,-0.47820632152934295
1299110400,-0.47705863296651857
1299132000,-0.47581474052565953
1299153600,-0.4745141300609693
1299175200,-0.4731891899203216
1299196800,-0.47186535828181064
1299218400,-0.47056978254811027
1299240000,-0.46935161769307954
1299261600,-0.4682543757031754
1299283200,-0.46730058712695544
1299304800,-0.4664856231016796
1299326400,-0.46576352462662773
1299348000,-0.46505450803710824
1299369600,-0.4642882817502658
1299391200,-0.46343688496377466
1299412800,-0.4624955843830066
1299434400,-0.46147244300610635
1299456000,-0.46043012508708747
1299477600,-0.45945370527956997
1299499200,-0.4585835028476057
1299520800,-0.45782879158029804
1299542400,-0.4571874919035513
1299564000,-0.4566546872337893
1299585600,-0.45618308330495017
1299607200,-0.4557126884046344
1299628800,-0.45520109868764314
1299650400,-0.45458806425148784
1299672000,-0.4537707806746156
1299693600,-0.4526520442211809
1299715200,-0.4511931518267497
1299736800,-0.4493512386063368
1299758400,-0.44708521288189057
1299780000,-0.44438094547621065
1299801600,-0.4412404924607567
1299823200,-0.43769533842677705
1299844800,-0.4337779549329389
1299866400,-0.4295063147237847
1299888000,-0.4249320914633526
1299909600,-0.4201561914771013
1299931200,-0.415256499712079
1299952800,-0.4102629045424657
1299974400,-0.40516311802318516
1299996000,-0.3999393098664193
1300017600,-0.3946524415266279
1300039200,-0.38939217000435056
1300060800,-0.3842176298137533
1300082400,-0.37915224295464384
1300104000,-0.37418352368190017
1300125600,-0.3692903210418634
1300147200,-0.36446829576501966
1300168800,-0.35973918250072073
1300190400,-0.3551321395147233
1300212000,-0.3507148339622698
1300233600,-0.3465536741508111
1300255200,-0.34262866369297035
1300276800,-0.3389183782669476
1300298400,-0.3354253054264077
1300320000,-0.33214083418393964
1300341600,-0.32906660784425706
1300363200,-0.3262373697021751
1300384800,-0.32368717776523875
1300406400,-0.32141652931621184
1300428000,-0.31939462258100204
1300449600,-0.31760399852008264
1300471200,-0.3160428844418534
1300492800,-0.3146972696154352
1300514400,-0.313568277941132
1300536000,-0.31265347572419827
1300557600,-0.31193551978269574
1300579200,-0.311397205653709
1300600800,-0.311018789123863
1300622400,-0.31075982102977057
1300644000,-0.31053476755432585
1300665600,-0.31026826768917437
1300687200,-0.3098953005817688
1300708800,-0.30933603542113686
1300730400,-0.30854604461036134
1300752000,-0.30747850827651235
1300773600,-0.30604892698905206
1300795200,-0.30422062586674525
1300816800,-0.3020235233956565
1300838400,-0.2994744249962584
1300860000,-0.29658145017091575
1300881600,-0.29339755008039486
1300903200,-0.2900132169009524
1300924800,-0.2865355747131161
1300946400,-0.28308341689502825
1300968000,-0.2797621246077705
1300989600,-0.2766336717895171
1301011200,-0.27370735663034207
1301032800,-0.2709717338617829
1301054400,-0.26841765704886644
1301076000,-0.2660464802961308
1301097600,-0.26386205577464245
1301119200,-0.26189299383941855
1301140800,-0.26016483078467856
1301162400,-0.2586942158809336
1301184000,-0.25750157247635813
1301205600,-0.25659480294595993
1301227200,-0.2559792763583963
1301248800,-0.2556502844134304
1301270400,-0.2556376345815135
1301292000,-0.25596595473143813
1301313600,-0.25658149470232733
1301335200,-0.2574272593114088
1301356800,-0.258489048424401
1301378400,-0.25979063163787647
1301400000,-0.2613813535625801
1301421600,-0.26328283839981975
1301443200,-0.2654631185385213
1301464800,-0.26787093382083244
1301486400,-0.2704410601464484
1301508000,-0.2731157785131512
1301529600,-0.27586062703107805
1301551200,-0.27864950380956266
1301572800,-0.28146093940151956
1301594400,-0.28428546433681223
1301616000,-0.287126305685603
1301637600,-0.28996525056433536
1301659200,-0.2927554258468616
1301680800,-0.295455305990012
1301702400,-0.2980354106622069
1301724000,-0.30046675474661677
1301745600,-0.3026823503994405
1301767200,-0.30458068932519927
1301788800,-0.30613164746846055
1301810400,-0.3073349822246835
1301832000,-0.30815691698524234
1301853600,-0.30856875471905537
1301875200,-0.30855166248974736
1301896800,-0.30807185163826617
1301918400,-0.3071196316262116
1301940000,-0.30576696996757063
1301961600,-0.30411829617459707
1301983200,-0.30230981116333333
1302004800,-0.3005037843307005
1302026400,-0.29879845669381944
1302048000,-0.2972480607221717
1302069600,-0.2959167962408803
1302091200,-0.2948198266318999
1302112800,-0.2939248275313547
1302134400,-0.29323235785592633
1302156000,-0.2927752374516598
1302177600,-0.29259611085797266
1302199200,-0.29270836027752734
1302220800,-0.2931045157165312
1302242400,-0.2937668106208317
1302264000,-0.2946798389967699
1302285600,-0.29586735880599646
1302307200,-0.29736562056279153
1302328800,-0.29916398616975176
1302350400,-0.3012345259331213
1302372000,-0.30357832998124445
1302393600,-0.30620106648479445
1302415200,-0.30908256304221476
1302436800,-0.312187504419202
1302458400,-0.3154458585581113
1302480000,-0.3187501239089576
1302501600,-0.32200416838084395
1302523200,-0.32514755565695547
1302544800,-0.32814907016866973
1302566400,-0.33097185629442244
1302588000,-0.3335723223349059
1302609600,-0.33590419172600094
1302631200,-0.3379349395477047
1302652800,-0.3396374764318669
1302674400,-0.3410049531801559
1302696000,-0.3420602063168464
1302717600,-0.3428441703545644
1302739200,-0.3434142090569238
1302760800,-0.3438285733020738
1302782400,-0.34414562084342265
1302804000,-0.344390207079107
1302825600,-0.34458027637720495
1302847200,-0.3447745675289734
1302868800,-0.34501418576789694
1302890400,-0.34529332435749677
1302912000,-0.3455971421078133
1302933600,-0.3459186712573134
1302955200,-0.3462423204620355
1302976800,-0.3465488278680683
1302998400,-0.3468363024986825
1303020000,-0.3471162145987012
1303041600,-0.3473574149063656
1303063200,-0.34754411696745935
1303084800,-0.34767750912736417
1303106400,-0.34774961856183256
1303128000,-0.34777430157728323
1303149600,-0.3477727848408784
1303171200,-0.3478021397435948
1303192800,-0.34795748979796587
1303214400,-0.3483544371121845
1303236000,-0.3490652621210288
1303257600,-0.3500914802907181
1303279200,-0.3514192606662057
1303300800,-0.3530510319415622
1303322400,-0.3550016538673896
1303344000,-0.3572866681815157
1303365600,-0.3599267486754665
1303387200,-0.3629431496392391
1303408800,-0.36634263505612974
1303430400,-0.37011909994919345
1303452000,-0.3742506618201241
1303473600,-0.37870042956290195
1303495200,-0.38341262186347336
1303516800,-0.3882776284805306
1303538400,-0.3931613748895382
1303560000,-0.39797615889515425
1303581600,-0.4026485849859399
1303603200,-0.4071130024215602
1303624800,-0.41137028185622726
1303646400,-0.41543364530953264
1303668000,-0.41926224794173894
1303689600,-0.42281476313865796
1303711200,-0.4260993575630764
1303732800,-0.4291676030724668
1303754400,-0.4320970147398698
1303776000,-0.43496501100899865
1303797600,-0.437802665050593
1303819200,-0.44058533687957496
1303840800,-0.4432736824567575
1303862400,-0.4458537277924528
1303884000,-0.4483458083188105
1303905600,-0.4507915790106216
1303927200,-0.45322079282414784
1303948800,-0.4556382293967426
1303970400,-0.45799448512227703
1303992000,-0.46019446674878006
1304013600,-0.4621824320716862
1304035200,-0.4639833150864085
1304056800,-0.4656378087133237
1304078400,-0.4671772131091218
1304100000,-0.4686553290503419
1304121600,-0.47012826956203985
1304143200,-0.4716436357081822
1304164800,-0.4732324668614992
1304186400,-0.4749041630660346
1304208000,-0.4766427293661739
1304229600,-0.478403317445988
1304251200,-0.48014083839367483
1304272800,-0.48181155712892443
1304294400,-0.48336702631543543
1304316000,-0.48479295038953213
1304337600,-0.48617017629907533
1304359200,-0.487602107441797
1304380800,-0.48915571161411514
1304402400,-0.490884594685212
1304424000,-0.4928282891772675
1304445600,-0.49500346424654323
1304467200,-0.49737850754964663
1304488800,-0.4999108091422146
1304510400,-0.5025259979005884
1304532000,-0.5051463564689285
1304553600,-0.5077598306529167
1304575200,-0.5104145344865583
1304596800,-0.5131408787619604
1304618400,-0.5159118831350086
1304640000,-0.5186777497403734
1304661600,-0.5213802190648791
1304683200,-0.5239628080548161
1304704800,-0.5263598052999469
1304726400,-0.5285114986571586
1304748000,-0.5303360781209949
1304769600,-0.531761574423643
1304791200,-0.532799467848565
1304812800,-0.5335255717441774
1304834400,-0.5340342633721521
1304856000,-0.53437519035713
1304877600,-0.5345697463565602
1304899200,-0.5346097630943432
1304920800,-0.5344379262105338
1304942400,-0.5340156362434939
1304964000,-0.5333655606428213
1304985600,-0.5325259355873431
1305007200,-0.5314889320306558
1305028800,-0.53021004710039
1305050400,-0.528641856040326
1305072000,-0.5267511964427488
1305093600,-0.5245193558002893
1305115200,-0.5219651018600995
1305136800,-0.519172039409556
1305158400,-0.5162206215352828
1305180000,-0.5131733368738329
1305201600,-0.5101540915143958
1305223200,-0.5072780477688362
1305244800,-0.5045923703465578
1305266400,-0.5021345640221063
1305288000,-0.49993158475160376
1305309600,-0.4979815482292768
1305331200,-0.4962441387629084
1305352800,-0.494676532938229
1305374400,-0.49325810068045284
1305396000,-0.49197470733903487
1305417600,-0.49078830578930094
1305439200,-0.4896377852500605
1305460800,-0.48848863972399914
1305482400,-0.48734082980393634
1305504000,-0.4862330654072695
1305525600,-0.48523599715572274
1305547200,-0.4843793557305976
1305568800,-0.48364615250725146
1305590400,-0.4830331526008461
1305612000,-0.4825486064796703
1305633600,-0.4822144883113102
1305655200,-0.48204017938155974
1305676800,-0.4819733939562045
1305698400,-0.4819508001463973
1305720000,-0.48194483492416695
1305741600,-0.48194832680343963
1305763200,-0.48196422969460484
1305784800,-0.481991429368244
1305806400,-0.48206170284447214
1305828000,-0.4822043658165367
1305849600,-0.4823581168766058
1305871200,-0.48237789602116504
1305892800,-0.48212287478818333
1305914400,-0.4815014980148088
1305936000,-0.4804670139843716
1305957600,-0.4790222094576979
1305979200,-0.4772292937993128
1306000800,-0.4751750467205502
1306022400,-0.47291790989646904
1306044000,-0.47054610345533215
1306065600,-0.4681442119275781
1306087200,-0.46572673270399173
1306108800,-0.46326326407576696
1306130400,-0.4607139839631085
1306152000,-0.4580714811553876
1306173600,-0.4553375050112421
1306195200,-0.4525242759317097
1306216800,-0.44969990542477484
1306238400,-0.4469423766421765
1306260000,-0.44428891621030864
1306281600,-0.44176816186184653
1306303200,-0.43941366706203266
1306324800,-0.4372783829996495
1306346400,-0.4354058051392868
1306368000,-0.4338097068993384
1306389600,-0.43252551365577674
1306411200,-0.43158598547573107
1306432800,-0.43099972780335216
1306454400,-0.4307915535090082
1306476000,-0.43096843606355517
1306497600,-0.43143116625428396
1306519200,-0.4320651885235006
1306540800,-0.43282838911180044
1306562400,-0.4337127411804859
1306584000,-0.4347356340386063
1306605600,-0.435903894141057
1306627200,-0.43719324251351277
1306648800,-0.43856970649964583
1306670400,-0.4399839329566441
1306692000,-0.441395949952951
1306713600,-0.44281953597868423
1306735200,-0.4442321301512937
1306756800,-0.44557309750279017
1306778400,-0.4468150255250766
1306800000,-0.4479315486546865
1306821600,-0.4489067309105047
1306843200,-0.44976933574120115
1306864800,-0.4505902979669678
1306886400,-0.45142039674405365
1306908000,-0.45225850010954993
1306929600,-0.4530610051584419
1306951200,-0.45379401991137946
1306972800,-0.4544660042265402
1306994400,-0.4550578412873064
1307016000,-0.45550539653110333
1307037600,-0.4557343076242414
1307059200,-0.45569765239103377
1307080800,-0.45540418661266474
1307102400,-0.454845274076708
1307124000,-0.4540009177652786
1307145600,-0.452906367419536
1307167200,-0.45160281023191146
1307188800,-0.45012018130714254
1307210400,-0.4485384937067246
1307232000,-0.44697403503727784
1307253600,-0.445511805407797
1307275200,-0.44416049946502567
1307296800,-0.44290245701178343
1307318400,-0.4417445680541844
1307340000,-0.4406836681113671
1307361600,-0.4397264971253591
1307383200,-0.43891969687954546
1307404800,-0.4382894817555926
1307426400,-0.4378363894971425
1307448000,-0.4375726223404296
1307469600,-0.43752454520837875
1307491200,-0.4377262684942471
1307512800,-0.4381695010744233
1307534400,-0.43882202189046154
1307556000,-0.43967236498760415
1307577600,-0.44070229265460426
1307599200,-0.4418797701415136
1307620800,-0.4431612302910252
1307642400,-0.4445303406335768
1307664000,-0.44600333529494296
1307685600,-0.44757517789552986
1307707200,-0.44924466347646047
1307728800,-0.45100390960955505
1307750400,-0.45280603385932416
1307772000,-0.45458865295827344
1307793600,-0.45630234185683016
1307815200,-0.4579190986822027
1307836800,-0.45941991787074776
1307858400,-0.46076551838473934
1307880000,-0.461900792040464
1307901600,-0.4627997138442293
1307923200,-0.4634787164609089
1307944800,-0.46396034579327555
1307966400,-0.46427680107823804
1307988000,-0.46445271620679673
1308009600,-0.4644741823473775
1308031200,-0.46437398595930746
1308052800,-0.4641827733549903
1308074400,-0.4638834026274945
1308096000,-0.46346915829710317
1308117600,-0.46293842982367156
1308139200,-0.4623097872933406
1308160800,-0.4616349270636437
1308182400,-0.4609941541246236
1308204000,-0.4604418965982958
1308225600,-0.459986899132096
1308247200,-0.45958804794032876
1308268800,-0.4591870604625047
1308290400,-0.45879285068204134
1308312000,-0.45846594333693236
1308333600,-0.45826300254888225
1308355200,-0.4582041542728153
1308376800,-0.4582373551148159
1308398400,-0.458294699156612
1308420000,-0.4583558254910909
1308441600,-0.45842333870119306
1308463200,-0.45851339668476504
1308484800,-0.4586565345013351
1308506400,-0.4588930538282874
1308528000,-0.45925738842288966
1308549600,-0.4597661526693089
1308571200,-0.46045425842051785
1308592800,-0.46135207932788935
1308614400,-0.46243909616861617
1308636000,-0.46368949880711
1308657600,-0.4650818546108822
1308679200,-0.4665665939805671
1308700800,-0.4681032608407871
1308722400,-0.4696822157467698
1308744000,-0.4712847177866438
1308765600,-0.47285149645367064
1308787200,-0.474309665110557
1308808800,-0.4756322120288539
1308830400,-0.47681719882809576
1308852000,-0.4778521988763287
1308873600,-0.47872712945324597
1308895200,-0.4794396052617253
1308916800,-0.4799922078683322
1308938400,-0.48041088055194253
1308960000,-0.4807281360417459
1308981600,-0.48095963946199305
1309003200,-0.4811168095371687
1309024800,-0.4811859085056802
1309046400,-0.48112212322776304
1309068000,-0.480906519095979
1309089600,-0.48052872836355065
1309111200,-0.4799576960881419
1309132800,-0.4791568908789201
1309154400,-0.478112392548692
1309176000,-0.47683448757412195
1309197600,-0.47531516657523887
1309219200,-0.4735412678332634
1309240800,-0.47152572248231356
1309262400,-0.4693187847136472
1309284000,-0.46697420592886413
1309305600,-0.4645411878820063
1309327200,-0.46210034231414515
1309348800,-0.4597353994762449
1309370400,-0.45748797666575797
1309392000,-0.4553551104006163
1309413600,-0.4533203223959178
1309435200,-0.4513660583924687
1309456800,-0.4494377987295565
1309478400,-0.4474580381897743
1309500000,-0.4453825727022503
1309521600,-0.4432161680894296
1309543200,-0.44099919012306027
1309564800,-0.43876387560050506
1309586400,-0.4365399816535105
1309608000,-0.43436807463257926
1309629600,-0.4322819674367173
1309651200,-0.43032046772056104
1309672800,-0.42856930181830455
1309694400,-0.4271089667076985
1309716000,-0.42593175052486004
1309737600,-0.4250060433374204
1309759200,-0.4243121411064239
1309780800,-0.4238176310681302
1309802400,-0.42346169563305003
1309824000,-0.4231552015378849
1309845600,-0.42281300803554334
1309867200,-0.42237461004970367
1309888800,-0.4218221004398927
1309910400,-0.42121066531987866
1309932000,-0.42060666446243317
1309953600,-0.4200357346188494
1309975200,-0.41951031070232575
1309996800,-0.41904932012234847
1310018400,-0.4186343330575013
1310040000,-0.41819691831949146
1310061600,-0.41771523357719875
1310083200,-0.4172335585739086
1310104800,-0.4167937901273096
1310126400,-0.416432777327515
1310148000,-0.4161955022893309
1310169600,-0.41610721657547506
1310191200,-0.4161718113370841
1310212800,-0.41638317697593913
1310234400,-0.41670985269339
1310256000,-0.4171133458806128
1310277600,-0.4175475871262447
1310299200,-0.4179358263500198
1310320800,-0.41822587478993867
1310342400,-0.41842476889078534
1310364000,-0.4185523818677477
1310385600,-0.4186467550724087
1310407200,-0.41877932801144835
1310428800,-0.4190521557131741
1310450400,-0.41955069174599674
1310472000,-0.42030679183597597
1310493600,-0.4213397921716011
1310515200,-0.4226543920815955
1310536800,-0.4242058605643426
1310558400,-0.42591465873490747
1310580000,-0.4277234320194753
1310601600,-0.4295883776287225
1310623200,-0.4314688666713674
1310644800,-0.4333661438573421
1310666400,-0.4352994345614835
1310688000,-0.43729158597044726
1310709600,-0.43937278155909426
1310731200,-0.4415727226283333
1310752800,-0.4439337285121308
1310774400,-0.44650167685791475
1310796000,-0.4492728678090298
1310817600,-0.45220425456136687
1310839200,-0.45527446851732684
1310860800,-0.4584554975722886
1310882400,-0.46170423863318927
1310904000,-0.4649748456116427
1310925600,-0.4682314057430955
1310947200,-0.471451640062273
1310968800,-0.47458664095731656
1310990400,-0.4775972957964892
1311012000,-0.48050482414761453
1311033600,-0.483335501168781
1311055200,-0.48608126275395175
1311076800,-0.48873411065277567
1311098400,-0.49129219739647334
1311120000,-0.493752223921171
1311141600,-0.49610948125422544
1311163200,-0.49835247171479946
1311184800,-0.500461123859474
1311206400,-0.5023814588471794
1311228000,-0.5040647079312424
1311249600,-0.5054959353893146
1311271200,-0.5066799019620011
1311292800,-0.5076379561032113
1311314400,-0.5084189872564264
1311336000,-0.5091135194509678
1311357600,-0.5098053492072663
1311379200,-0.5105270871875166
1311400800,-0.5112637970760894
1311422400,-0.5119709172578147
1311444000,-0.5126021157825601
1311465600,-0.5131427662760589
1311487200,-0.513594627419466
1311508800,-0.513951723945677
1311530400,-0.5142126711273132
1311552000,-0.514385327802196
1311573600,-0.5145039135004176
1311595200,-0.5146191666621008
1311616800,-0.5147631121546984
1311638400,-0.5149523738141597
1311660000,-0.5152010296864463
1311681600,-0.5155123821213959
1311703200,-0.5158691088155335
1311724800,-0.5162176488999055
1311746400,-0.5165059393906962
1311768000,-0.516724636098009
1311789600,-0.5168883542555501
1311811200,-0.5170423033750716
1311832800,-0.5172764841198064
1311854400,-0.517666130788775
1311876000,-0.5182184372648484
1311897600,-0.5189244956381222
1311919200,-0.5197556090492859
1311940800,-0.5206629424164114
1311962400,-0.5216097075313679
1311984000,-0.5225635399594774
1312005600,-0.5234988936124697
1312027200,-0.5243905189770561
1312048800,-0.525196156835715
1312070400,-0.5258611147593906
1312092000,-0.5263883762347141
1312113600,-0.5268218226114284
1312135200,-0.5271860947918987
1312156800,-0.5275194010529175
1312178400,-0.5278427640038157
1312200000,-0.5281578745958516
1312221600,-0.5284596193170105
1312243200,-0.5287278791072919
1312264800,-0.5289395533293945
1312286400,-0.5290257163487306
1312308000,-0.528893160977493
1312329600,-0.5285154958523609
1312351200,-0.5279294874965035
1312372800,-0.5271585707263262
1312394400,-0.526203201106312
1312416000,-0.5250570938579348
1312437600,-0.5237419526801963
1312459200,-0.5223203807936317
1312480800,-0.5208552800193446
1312502400,-0.5194094659156582
1312524000,-0.5180207526425429
1312545600,-0.5166710156308696
1312567200,-0.5153150273377028
1312588800,-0.5139287571718387
1312610400,-0.5125177666474403
1312632000,-0.5110982853165071
1312653600,-0.5096860369411598
1312675200,-0.5083028722938049
1312696800,-0.5069890780610564
1312718400,-0.5057740315703949
1312740000,-0.5046433465409681
1312761600,-0.5035578719357838
1312783200,-0.5025006410685215
1312804800,-0.5014672090852459
1312826400,-0.5004524126596562
1312848000,-0.49945727621780006
1312869600,-0.49847931397299977
1312891200,-0.49750738334043104
1312912800,-0.4965145557277008
1312934400,-0.4954430164089855
1312956000,-0.4942166082852786
1312977600,-0.49275522355884954
1312999200,-0.4909915609481298
1313020800,-0.48891115411826064
1313042400,-0.4865400031000446
1313064000,-0.4839074359232882
1313085600,-0.48105243519718305
1313107200,-0.47798159793652023
1313128800,-0.47465741357103525
1313150400,-0.47105539112036426
1313172000,-0.4671883821753329
1313193600,-0.4630875852421347
1313215200,-0.4587997342993748
1313236800,-0.4543659112450977
1313258400,-0.4498247517846012
1313280000,-0.4452285836190501
1313301600,-0.4405903516743058
1313323200,-0.43588950451157144
1313344800,-0.4311196069107645
1313366400,-0.4262633131448935
1313388000,-0.4212900702174452
1313409600,-0.41620383015351653
1313431200,-0.41101604288934135
1313452800,-0.40573665317393465
1313474400,-0.4003812266233174
1313496000,-0.39496938498521095
1313517600,-0.38953345241679804
1313539200,-0.38409957828144903
1313560800,-0.3786889041434975
1313582400,-0.37337045365887817
1313604000,-0.36824896129892204
1313625600,-0.3633697810461725
1313647200,-0.3587360144454581
1313668800,-0.3543490489324918
1313690400,-0.3502037943990979
1313712000,-0.3463049284581098
1313733600,-0.342639489743693
1313755200,-0.3391683455258396
1313776800,-0.3358544546781022
1313798400,-0.33266791284982083
1313820000,-0.3296380681376967
1313841600,-0.32687151152997584
1313863200,-0.324436077802688
1313884800,-0.32232301297129273
1313906400,-0.3205125167119996
1313928000,-0.3189720451619893
1313949600,-0.31765424446236074
1313971200,-0.31650669982914376
1313992800,-0.31544708513770264
1314014400,-0.3144037673068479
1314036000,-0.3133517585049789
1314057600,-0.3122926790625581
1314079200,-0.31125760685196546
1314100800,-0.3103065006070246
1314122400,-0.3094857770883107
1314144000,-0.30880818282411493
1314165600,-0.30826366355721435
1314187200,-0.30783080248974154
1314208800,-0.30749657976936084
1314230400,-0.30727502927487543
1314252000,-0.3072142376925354
1314273600,-0.30740674154110215
1314295200,-0.30793415638539196
1314316800,-0.3088120464999528
1314338400,-0.31002178648175893
1314360000,-0.3115258358350678
1314381600,-0.31326481517255944
1314403200,-0.31518655603389917
1314424800,-0.31725717540837683
1314446400,-0.3194366839988882
1314468000,-0.3217269830424544
1314489600,-0.32416607598532665
1314511200,-0.326773539383292
1314532800,-0.3295616187374438
1314554400,-0.33252226839453375
1314576000,-0.3356346563085372
1314597600,-0.3389124016911469
1314619200,-0.3423777327367902
1314640800,-0.3460369926526869
1314662400,-0.3499154692214411
1314684000,-0.35403664636787346
1314705600,-0.3583812477672566
1314727200,-0.3628917160092549
1314748800,-0.3675008444428543
1314770400,-0.3721807168992457
1314792000,-0.3769148791373648
1314813600,-0.38164555078549867
1314835200,-0.3863358437855081
1314856800,-0.3909895013438512
1314878400,-0.3956072971084217
1314900000,-0.40021168528906537
1314921600,-0.4048608285527403
1314943200,-0.4095856353610463
1314964800,-0.4143894132626158
1314986400,-0.41927339453101653
1315008000,-0.42421932966805537
1315029600,-0.42918324497469656
1315051200,-0.4341164389990095
1315072800,-0.4389946516994271
1315094400,-0.44380778462768433
1315116000,-0.44850442388979406
1315137600,-0.45299091663246904
1315159200,-0.45722483928604335
1315180800,-0.4612000734330599
1315202400,-0.4648905996378224
1315224000,-0.46827312051754255
1315245600,-0.47133985816874746
1315267200,-0.4741122351986657
1315288800,-0.4766509002402776
1315310400,-0.4790125155286442
1315332000,-0.48123441835363506
1315353600,-0.48332438128421784
1315375200,-0.4852105296034725
1315396800,-0.4868046943143356
1315418400,-0.4880623632785079
1315440000,-0.488959832621336
1315461600,-0.4895151318440797
1315483200,-0.4897831337922077
1315504800,-0.4898483216115985
1315526400,-0.4897922003133869
1315548000,-0.4896455485875011
1315569600,-0.4894139110276445
1315591200,-0.48910805212447545
1315612800,-0.4887447617719263
1315634400,-0.4883301551285432
1315656000,-0.487846165953977
1315677600,-0.48727147412100125
1315699200,-0.48662067535433917
1315720800,-0.4859399374399476
1315742400,-0.4852801503523574
1315764000,-0.4846552790655748
1315785600,-0.4840175537136503
1315807200,-0.4832704277706254
1315828800,-0.4823457444093835
1315850400,-0.48123338064864274
1315872000,-0.4799304151606857
1315893600,-0.4784275275929402
1315915200,-0.4767247260492823
1315936800,-0.47483352560995007
1315958400,-0.4727672336186415
1315980000,-0.47057105083763473
1316001600,-0.46830385532618635
1316023200,-0.4660068856105071
1316044800,-0.463725752335852
1316066400,-0.46149025983371517
1316088000,-0.45932365086133037
1316109600,-0.4573045786970284
1316131200,-0.4554728794916954
1316152800,-0.45380658451611894
1316174400,-0.4522982150264668
1316196000,-0.450912388819528
1316217600,-0.44957767976442153
1316239200,-0.4482458925200908
1316260800,-0.44690171412989105
1316282400,-0.44553278544524083
1316304000,-0.4441325836174623
1316325600,-0.44273209473004077
1316347200,-0.4413856518920962
1316368800,-0.44009384298507515
1316390400,-0.43880954422741747
1316412000,-0.43750068584008284
1316433600,-0.43615372483424736
1316455200,-0.43474014860723936
1316476800,-0.43326930922238915
1316498400,-0.43181141461714406
1316520000,-0.4304244187521462
1316541600,-0.42913116767152887
1316563200,-0.4279247096776992
1316584800,-0.4267901537705906
1316606400,-0.42572128281837596
1316628000,-0.4247092807190108
1316649600,-0.4237619857162601
1316671200,-0.4229244027008867
1316692800,-0.4222093416212047
1316714400,-0.4215854396908594
1316736000,-0.4210581325922988
1316757600,-0.42065261593744585
1316779200,-0.4203803098166419
1316800800,-0.42023860065009516
1316822400,-0.4202367843042021
1316844000,-0.4204309616149526
1316865600,-0.42086162955497963
1316887200,-0.4215239324046173
1316908800,-0.42241137341674184
1316930400,-0.42352173813405813
1316952000,-0.4248754704078544
1316973600,-0.426503740098051
1316995200,-0.42839197143772073
1317016800,-0.4304961928369406
1317038400,-0.4327562780854476
1317060000,-0.43510505951522516
1317081600,-0.43751515214262926
1317103200,-0.4399539228780244
1317124800,-0.44237149318327634
1317146400,-0.4447452207454064
1317168000,-0.4470727219751271
1317189600,-0.4493880825447529
1317211200,-0.4517594807034547
1317232800,-0.45422386179623153
1317254400,-0.45676978580076877
1317276000,-0.4593510072570696
1317297600,-0.4619001010842829
1317319200,-0.4644014114854964
1317340800,-0.4668741278639318
1317362400,-0.4692893102980262
1317384000,-0.4715886106978169
1317405600,-0.47368982898196277
1317427200,-0.4755442287758508
1317448800,-0.47715356646180707
1317470400,-0.478511514161976
1317492000,-0.47960399013892946
1317513600,-0.4804169274134179
1317535200,-0.4809453170799804
1317556800,-0.48121241431361883
1317578400,-0.48125893811538634
1317600000,-0.4811221758266526
1317621600,-0.4808516889352437
1317643200,-0.48046383731631837
1317664800,-0.47997059662090863
1317686400,-0.4794118733658619
1317708000,-0.4788139006131979
1317729600,-0.47819873116704087
1317751200,-0.4776116479922008
1317772800,-0.4770597040303013
1317794400,-0.4764983275771439
1317816000,-0.4759026317138341
1317837600,-0.47526610865522484
1317859200,-0.4745771032805387
1317880800,-0.47380677784450836
1317902400,-0.4729551228946425
1317924000,-0.47206680305242726
1317945600,-0.4711733201488122
1317967200,-0.47029003659305335
1317988800,-0.46945267307661265
1318010400,-0.46871791507712507
1318032000,-0.468096765244049
1318053600,-0.46754711035350277
1318075200,-0.4670316584380362
1318096800,-0.4665104412582574
1318118400,-0.4659370427306924
1318140000,-0.4652497493975639
1318161600,-0.46439154913956604
1318183200,-0.4633471355524722
1318204800,-0.46212063210496634
1318226400,-0.4607372223204089
1318248000,-0.45923903315803727
1318269600,-0.4576560808282658
1318291200,-0.4560072419302385
1318312800,-0.4542937570633051
1318334400,-0.45252393438145905
1318356000,-0.45071238457849805
1318377600,-0.4488312023379512
1318399200,-0.44689236248262726
1318420800,-0.44496109514793936
1318442400,-0.44308958781735175
1318464000,-0.4412970372730508
1318485600,-0.4395101872530783
1318507200,-0.4375786295112051
1318528800,-0.435401512205746
1318550400,-0.4329522915691561
1318572000,-0.4302214765563957
1318593600,-0.42722881959681286
1318615200,-0.4239906090008054
1318636800,-0.4205045804526396
1318658400,-0.41679355418017666
1318680000,-0.4128964495131014
1318701600,-0.4088733931773745
1318723200,-0.4048044789461018
1318744800,-0.4007180006819524
1318766400,-0.39662585907878517
1318788000,-0.3926122507331322
1318809600,-0.38875848386524425
1318831200,-0.3850856119183423
1318852800,-0.38157754246825715
1318874400,-0.3782093936314246
1318896000,-0.37499559571937774
1318917600,-0.3719370667290865
1318939200,-0.3690351028052399
1318960800,-0.3663179814045666
1318982400,-0.36379454407841294
1319004000,-0.3614350912366808
1319025600,-0.35921202022921966
1319047200,-0.3571288898980816
1319068800,-0.35520566618038185
1319090400,-0.3534669498945077
1319112000,-0.3519561345421331
1319133600,-0.3507089570074862
1319155200,-0.3496862425579266
1319176800,-0.3488269831077881
1319198400,-0.34808604938528953
1319220000,-0.34742238300233674
1319241600,-0.34680506324903937
1319263200,-0.34621580515718264
1319284800,-0.34563867664081876
1319306400,-0.345057979085884
1319328000,-0.3444750364115847
1319349600,-0.3439103062183928
1319371200,-0.34337777515685575
1319392800,-0.3428523059250704
1319414400,-0.342319793587533
1319436000,-0.3418009897148096
1319457600,-0.3413046135741824
1319479200,-0.3408148147918222
1319500800,-0.3403107260022385
1319522400,-0.33973972349464754
1319544000,-0.3389905862592415
1319565600,-0.33796372010659786
1319587200,-0.33662303154632356
1319608800,-0.3349812466584026
1319630400,-0.3330712783467813
1319652000,-0.33092437078591136
1319673600,-0.3285898245653597
1319695200,-0.3261332107497947
1319716800,-0.32361000320871824
1319738400,-0.32104956506582255
1319760000,-0.31848742045589146
1319781600,-0.31599434886440736
1319803200,-0.31364819141273903
1319824800,-0.3114929587103117
1319846400,-0.30954583561921767
1319868000,-0.30783542937966235
1319889600,-0.3063683428663942
1319911200,-0.3051386810357764
1319932800,-0.3041499519973126
1319954400,-0.30342169357635634
1319976000,-0.3029519153760286
1319997600,-0.3027195734673645
1320019200,-0.30273198134491
1320040800,-0.3030605936206726
1320062400,-0.30377252811023875
1320084000,-0.3048325631139237
1320105600,-0.3061929858310553
1320127200,-0.3078386859044943
1320148800,-0.30976628241286003
1320170400,-0.31200710219548367
1320192000,-0.31454456339078185
1320213600,-0.3173000071674054
1320235200,-0.32018470487590295
1320256800,-0.3230951714834431
1320278400,-0.32597467260935575
1320300000,-0.32886280744475027
1320321600,-0.3317557193345786
1320343200,-0.3345866818685318
1320364800,-0.3373127592852626
1320386400,-0.3398942921814394
1320408000,-0.3422826396173996
1320429600,-0.3444401879299559
1320451200,-0.34641285631123375
1320472800,-0.3482949285449978
1320494400,-0.35013893771801746
1320516000,-0.35196264863795673
1320537600,-0.35381101272290455
1320559200,-0.3557209617159223
1320580800,-0.3576750301488515
1320602400,-0.3596121329475822
1320624000,-0.3614279817016118
1320645600,-0.36299456028400806
1320667200,-0.3642304992250407
1320688800,-0.36514797818398914
1320710400,-0.3657675735519997
1320732000,-0.366071249702311
1320753600,-0.36605618504889686
1320775200,-0.3657626048667243
1320796800,-0.36522997874376245
1320818400,-0.3645050317398753
1320840000,-0.3637039441265692
1320861600,-0.36293255252218093
1320883200,-0.36221554903778397
1320904800,-0.36155936302415453
1320926400,-0.3610036486562666
1320948000,-0.3605924636943458
1320969600,-0.36033980875772953
1320991200,-0.3602324746959844
1321012800,-0.3602413728803659
1321034400,-0.36033264185334696
1321056000,-0.3605070602812065
1321077600,-0.3607965237369701
1321099200,-0.3612272533274033
1321120800,-0.3618287025160385
1321142400,-0.3626275014368392
1321164000,-0.3636161802750404
1321185600,-0.3647846034724703
1321207200,-0.36613711791982756
1321228800,-0.36765717450995417
1321250400,-0.3692757480070284
1321272000,-0.370935188572093
1321293600,-0.37256342364664224
1321315200,-0.37404760073161425
1321336800,-0.3752935750434596
1321358400,-0.3762437638709789
1321380000,-0.3768958188551963
1321401600,-0.3772859118189975
1321423200,-0.3774490999884056
1321444800,-0.37738584602087705
1321466400,-0.37706377709408356
1321488000,-0.37644185933179003
1321509600,-0.37551916670392804
1321531200,-0.3743255434951071
1321552800,-0.372917325795511
1321574400,-0.3713358971244971
1321596000,-0.3695550513372416
1321617600,-0.36758710777690584
1321639200,-0.3654803178505514
1321660800,-0.36326707528164615
1321682400,-0.3609799290280221
1321704000,-0.3586032291548303
1321725600,-0.3561392674965337
1321747200,-0.35363621114254734
1321768800,-0.3511299251916857
1321790400,-0.34864397352060283
1321812000,-0.346198854354037
1321833600,-0.3437141173872738
1321855200,-0.3410544406777335
1321876800,-0.3381810589499691
1321898400,-0.33514138488572986
1321920000,-0.3320391448432241
1321941600,-0.32898996537196395
1321963200,-0.32606365235379237
1321984800,-0.32327831292666653
1322006400,-0.32063299046141525
1322028000,-0.31813228469447125
1322049600,-0.3157921550033238
1322071200,-0.3136421903526567
1322092800,-0.3117221306123146
1322114400,-0.31009183603959023
1322136000,-0.30878873294549974
1322157600,-0.3078397120671853
1322179200,-0.30729785506459684
1322200800,-0.3071821527096768
1322222400,-0.3074526786035547
1322244000,-0.3080488583444594
1322265600,-0.3089457872681549
1322287200,-0.31015187431348473
1322308800,-0.31164397947590333
1322330400,-0.31338407234715226
1322352000,-0.3152999094270654
1322373600,-0.31726826017942567
1322395200,-0.3192120972249953
1322416800,-0.3211122279587329
1322438400,-0.3229491364898227
1322460000,-0.32471045131777887
1322481600,-0.3263865095809928
1322503200,-0.32795847356465857
1322524800,-0.32943465631438823
1322546400,-0.33086242709524877
1322568000,-0.3322982891423299
1322589600,-0.3338140056488712
1322611200,-0.3354676667660446
1322632800,-0.3372610520169563
1322654400,-0.3391748655348044
1322676000,-0.3411671423791532
1322697600,-0.3431725137656651
1322719200,-0.3451180065172447
1322740800,-0.34694488319427197
1322762400,-0.3485880080132603
1322784000,-0.35001580217698824
1322805600,-0.35123174859884554
1322827200,-0.35223340959293
1322848800,-0.3530202366098164
1322870400,-0.3535971727719852
1322892000,-0.35398787437077106
1322913600,-0.3542186279933611
1322935200,-0.3543187881064019
1322956800,-0.3543475609482296
1322978400,-0.3543597035073707
1323000000,-0.35441787306938966
1323021600,-0.35455346757725076
1323043200,-0.3547304243534463
1323064800,-0.3549144356656028
1323086400,-0.35507856547411215
1323108000,-0.3551935015710242
1323129600,-0.3553030520836585
1323151200,-0.3554948274865376
1323172800,-0.3557928808084885
1323194400,-0.3561784352402125
1323216000,-0.3566313110359397
1323237600,-0.3571789473891278
1323259200,-0.3578639250465974
1323280800,-0.3587051362809294
1323302400,-0.35973683104253873
1323324000,-0.36097462891878207
1323345600,-0.36236804856864946
1323367200,-0.3638648341843633
1323388800,-0.36546800530133694
1323410400,-0.3671560355461199
1323432000,-0.36886892350379563
1323453600,-0.37054759216151
1323475200,-0.37214235027320375
1323496800,-0.3736286456190338
1323518400,-0.37500335429104076
1323540000,-0.37626680216328107
1323561600,-0.37738144362196585
1323583200,-0.3782697296022433
1323604800,-0.37886577210034494
1323626400,-0.37913444300183247
1323648000,-0.3790530769089286
1323669600,-0.3786604805637627
1323691200,-0.37805641438641024
1323712800,-0.3773006541690254
1323734400,-0.37640523513355434
1323756000,-0.3753819063436311
1323777600,-0.37426204956521325
1323799200,-0.37306638902413836
1323820800,-0.37176947497062646
1323842400,-0.3703513620272217
1323864000,-0.368810207506425
1323885600,-0.3671620912459596
1323907200,-0.36544458734992885
1323928800,-0.3636792312161805
1323950400,-0.36183138243952734
1323972000,-0.35982053103303474
1323993600,-0.3575887701349659
1324015200,-0.35516752310601374
1324036800,-0.35263179275614365
1324058400,-0.35005353748593704
1324080000,-0.34748623341375817
1324101600,-0.34494881576862096
1324123200,-0.34244470278983064
1324144800,-0.3399765166587338
1324166400,-0.33756407622731016
1324188000,-0.3352567293021624
1324209600,-0.33310116801012923
1324231200,-0.33112554751537
1324252800,-0.3293428765125263
1324274400,-0.3277534520307261
1324296000,-0.3263786844419841
1324317600,-0.3252554764804889
1324339200,-0.32441422208471776
1324360800,-0.3238920334035457
1324382400,-0.323692536965959
1324404000,-0.3237806790955054
1324425600,-0.32414233701333367
1324447200,-0.3247898649291998
1324468800,-0.32574334654620185
1324490400,-0.32697745174197773
1324512000,-0.32844372566906194
1324533600,-0.3300642633876661
1324555200,-0.3317673827445362
1324576800,-0.33353035637712136
1324598400,-0.3353105983359985
1324620000,-0.33708311808687463
1324641600,-0.33888003444149073
1324663200,-0.34071118486261665
1324684800,-0.34253733774105966
1324706400,-0.3443416771222324
1324728000,-0.3461350591121145
1324749600,-0.34792602157406405
1324771200,-0.34971747376103546
1324792800,-0.3515059056256877
1324814400,-0.3532731613991514
1324836000,-0.35495727639045277
1324857600,-0.35652233924207055
1324879200,-0.3580086285977424
1324900800,-0.3594766743269524
1324922400,-0.3609823689511632
1324944000,-0.3625742914517654
1324965600,-0.36426722668810085
1324987200,-0.36601046476226257
1325008800,-0.36774748671662993
1325030400,-0.3694646944606735
1325052000,-0.3711462036551802
1325073600,-0.37275068162001734
1325095200,-0.37426644827863315
1325116800,-0.37574047966326884
1325138400,-0.377206888148224
1325160000,-0.3786730584434222
1325181600,-0.380141151195852
1325203200,-0.381600949906888
1325224800,-0.3830653833972756
1325246400,-0.38459122229772813
1325268000,-0.38627506609483675
1325289600,-0.3881891396032235
1325311200,-0.3903263939614105
1325332800,-0.3926599987287529
1325354400,-0.39517514945451926
1325376000,-0.3978616095766125
1325397600,-0.4007193147127848
1325419200,-0.4037388914584235
1325440800,-0.4068689401208047
1325462400,-0.4100500414721928
1325484000,-0.4132586990087319
1325505600,-0.4165288834306295
1325527200,-0.41988926327194864
1325548800,-0.4233035053937148
1325570400,-0.4267608061145541
1325592000,-0.43024411516240246
1325613600,-0.43370575808285067
1325635200,-0.43711839949888515
1325656800,-0.4404282531285192
1325678400,-0.4436127108580227
1325700000,-0.44669052432887546
1325721600,-0.44962375620273387
1325743200,-0.45236155909511533
1325764800,-0.4548753765844385
1325786400,-0.45717714991565894
1325808000,-0.4593099445336285
1325829600,-0.46130280822812403
1325851200,-0.46315333500993955
1325872800,-0.46483004091407304
1325894400,-0.4663163225040904
1325916000,-0.4676574115930979
1325937600,-0.46890420888229006
1325959200,-0.47006115490221
1325980800,-0.4711318659353961
1326002400,-0.47206623646519863
1326024000,-0.47278602105325424
1326045600,-0.47323089079621045
1326067200,-0.47332506269895974
1326088800,-0.47302265295728535
1326110400,-0.47232885952830506
1326132000,-0.47131706090462183
1326153600,-0.4700670158556753
1326175200,-0.4686071381789965
1326196800,-0.4669523454201836
1326218400,-0.4651031114122032
1326240000,-0.46305933366581836
1326261600,-0.4608317194621305
1326283200,-0.4584451389830327
1326304800,-0.45592598975513304
1326326400,-0.45329217214351036
1326348000,-0.45058248174949456
1326369600,-0.44787592761996214
1326391200,-0.44523996479617983
1326412800,-0.4426987716027182
1326434400,-0.44026156042132
1326456000,-0.43791731632138386
1326477600,-0.43564883080779254
1326499200,-0.4334477018221184
1326520800,-0.4312999135190021
1326542400,-0.4292028200413204
1326564000,-0.42716115416645756
1326585600,-0.4251766936226219
1326607200,-0.4232890842828233
1326628800,-0.4215551081532537
1326650400,-0.420009432029716
1326672000,-0.41864965882235133
1326693600,-0.41745491593773704
1326715200,-0.4164281328801379
1326736800,-0.41560440474540083
1326758400,-0.41499280554278545
1326780000,-0.4145286148225118
1326801600,-0.41410287539066865
1326823200,-0.41362902490376335
1326844800,-0.41306597506877946
1326866400,-0.4123648121427956
1326888000,-0.4114973402437197
1326909600,-0.4104675821361719
1326931200,-0.4092797326864197
1326952800,-0.4079671517716251
1326974400,-0.4065927828336165
1326996000,-0.40520855015512636
1327017600,-0.40383517323408386
1327039200,-0.4024777560128848
1327060800,-0.4011634101775519
1327082400,-0.39991461511006077
1327104000,-0.39870566438374
1327125600,-0.39755530147135504
1327147200,-0.39651936097834545
1327168800,-0.3956275477623119
1327190400,-0.3948857034068507
1327212000,-0.39423101587371584
1327233600,-0.39360234691901314
1327255200,-0.39298210578945325
1327276800,-0.39234547943900056
1327298400,-0.3917079416595377
1327320000,-0.3911098749555143
1327341600,-0.3905641932004251
1327363200,-0.3901210565707285
1327384800,-0.3898472685337813
1327406400,-0.3897859245760033
1327428000,-0.3899721200280045
1327449600,-0.3904319223640677
1327471200,-0.39119506582936675
1327492800,-0.39226782216636785
1327514400,-0.39360293198506296
1327536000,-0.39516093428862537
1327557600,-0.39694221218909953
1327579200,-0.3989632037411346
1327600800,-0.4012724316672125
1327622400,-0.4039116260390537
1327644000,-0.40686879825537214
1327665600,-0.4100946247436316
1327687200,-0.4135343216832872
1327708800,-0.4171271248630033
1327730400,-0.4208007456452123
1327752000,-0.42451842670201123
1327773600,-0.4282760378587509
1327795200,-0.43206415653513974
1327816800,-0.4358582166608031
1327838400,-0.4396355436743576
1327860000,-0.44341020465715747
1327881600,-0.4471799267235171
1327903200,-0.4508899743989829
1327924800,-0.4544801551464907
1327946400,-0.45790742056277345
1327968000,-0.4611698104716154
1327989600,-0.464279418896119
1328011200,-0.46723542681168573
1328032800,-0.47004639612913157
1328054400,-0.4727338368287918
1328076000,-0.47531930325071936
1328097600,-0.47780755648449613
1328119200,-0.480156987407448
1328140800,-0.48230845001088984
1328162400,-0.48420971712566424
1328184000,-0.48577912948061236
1328205600,-0.48697527104126254
1328227200,-0.4878067792379232
1328248800,-0.48826630454705555
1328270400,-0.4883382607510671
1328292000,-0.4880015030337583
1328313600,-0.48728630170453313
1328335200,-0.4862565999417211
1328356800,-0.48494416402379853
1328378400,-0.4833935352216568
1328400000,-0.48170579566361343
1328421600,-0.4799634687249554
1328443200,-0.47818493013103286
1328464800,-0.47637474337046026
1328486400,-0.47454687022637604
1328508000,-0.47272564083439295
1328529600,-0.4709319401921422
1328551200,-0.46922012499347643
1328572800,-0.4676412363601314
1328594400,-0.46620566183611684
1328616000,-0.4649008929192997
1328637600,-0.4637197639611917
1328659200,-0.4626271478150299
1328680800,-0.4615647059897379
1328702400,-0.4604897717252152
1328724000,-0.4593728788689088
1328745600,-0.45821395452042063
1328767200,-0.4569952168625274
1328788800,-0.4557005431231375
1328810400,-0.45436078474314945
1328832000,-0.4530098765000836
1328853600,-0.4516562458898603
1328875200,-0.4503021731839411
1328896800,-0.4489184298029853
1328918400,-0.44746421097573436
1328940000,-0.4459062052657472
1328961600,-0.4442096840231316
1328983200,-0.44234652208464853
1329004800,-0.4403104439400688
1329026400,-0.438159408915495
1329048000,-0.4359514641375336
1329069600,-0.43369714359952677
1329091200,-0.43140343365932116
1329112800,-0.42908778500308736
1329134400,-0.42675442325176627
1329156000,-0.4243681637832524
1329177600,-0.42191612963682684
1329199200,-0.4194143916799363
1329220800,-0.4168606446278643
1329242400,-0.41424322045051076
1329264000,-0.41158277186070646
1329285600,-0.4089299743891948
1329307200,-0.406302600225748
1329328800,-0.4036922637998452
1329350400,-0.40109155205122365
1329372000,-0.39849883758986315
1329393600,-0.3959251174561295
1329415200,-0.39343266466568233
1329436800,-0.39109467066880976
1329458400,-0.38895669756929346
1329480000,-0.3870726807603295
1329501600,-0.3854615320703473
1329523200,-0.38411997155952743
1329544800,-0.3830557947081775
1329566400,-0.382245008102951
1329588000,-0.3816464351009907
1329609600,-0.3812251943411406
1329631200,-0.38096416722851295
1329652800,-0.38090729804652607
1329674400,-0.38110455966650275
1329696000,-0.3815620075111772
1329717600,-0.38231227677873825
1329739200,-0.38339965754550764
1329760800,-0.38483544816765325
1329782400,-0.3866151042562931
1329804000,-0.38870281178927035
1329825600,-0.3910565401328087
1329847200,-0.39361387104428713
1329868800,-0.39630797530521955
1329890400,-0.3991167144416274
1329912000,-0.4020375116596753
1329933600,-0.4050495682463455
1329955200,-0.4081216708767207
1329976800,-0.4112194326655077
1329998400,-0.41429722750991244
1330020000,-0.4173126434382358
1330041600,-0.4202203588223957
1330063200,-0.42300286093054135
1330084800,-0.4256977033240803
1330106400,-0.42834830832427345
1330128000,-0.4309556510623988
1330149600,-0.43352074849803
1330171200,-0.4360327838246492
1330192800,-0.43846480843222985
1330214400,-0.44081143830413533
1330236000,-0.44309546541217637
1330257600,-0.44534617061231924
1330279200,-0.4475747830838951
1330300800,-0.44979016782739334
1330322400,-0.45198773800501973
1330344000,-0.45415473552862373
1330365600,-0.45629208980180874
1330387200,-0.4583966065513752
1330408800,-0.4604466601965324
1330430400,-0.4624255534489334
1330452000,-0.46433628757528805
1330473600,-0.466209109058167
1330495200,-0.46808613137020544
1330516800,-0.4700074366351187
1330538400,-0.47201169071805016
1330560000,-0.4740720029174249
1330581600,-0.4761136200529282
1330603200,-0.4780437705286914
1330624800,-0.47977979596125064
1330646400,-0.4813047136023272
1330668000,-0.4826272987480976
1330689600,-0.4837639177945435
1330711200,-0.48472651035744235
1330732800,-0.485539225967801
1330754400,-0.4863069699276486
1330776000,-0.4871723367969373
1330797600,-0.4882104073578379
1330819200,-0.48942398554783584
1330840800,-0.4908070133651795
1330862400,-0.4923724150443189
1330884000,-0.49415761353187226
1330905600,-0.4961966072127366
1330927200,-0.49845883476455566
1330948800,-0.5008481602419619
1330970400,-0.5032763666921927
1330992000,-0.5056743271333188
1331013600,-0.5079274839271432
1331035200,-0.5099473194094825
1331056800,-0.5117134996228738
1331078400,-0.5132227480067381
1331100000,-0.5145076277369891
1331121600,-0.5156285941251327
1331143200,-0.5166330339248668
1331164800,-0.5175444193143849
1331186400,-0.5183690250748441
1331208000,-0.5191188014608213
1331229600,-0.5198358972622118
1331251200,-0.520559527568666
1331272800,-0.5213244036687535
1331294400,-0.5221816678589861
1331316000,-0.5231659118661969
1331337600,-0.5242884563613006
1331359200,-0.5255375304583645
1331380800,-0.526870074895702
1331402400,-0.5282506172635542
1331424000,-0.5296748419234787
1331445600,-0.5311254900581415
1331467200,-0.532572688957977
1331488800,-0.5340023794381852
1331510400,-0.5354338122049576
1331532000,-0.5369094441150523
1331553600,-0.5384594793896671
1331575200,-0.540110964116364
1331596800,-0.5418724674433507
1331618400,-0.5436979553433761
1331640000,-0.5455530658584962
1331661600,-0.5474436993989383
1331683200,-0.5493790650716178
1331704800,-0.5513840987597963
1331726400,-0.5534830362640485
1331748000,-0.5556826215633247
1331769600,-0.5579606952899039
1331791200,-0.5602832507603783
1331812800,-0.562627566307904
1331834400,-0.5649851616423615
1331856000,-0.5673755672130876
1331877600,-0.569842298673157
1331899200,-0.5724751727696797
1331920800,-0.5753678457387804
1331942400,-0.5785716966632087
1331964000,-0.5821107374217722
1331985600,-0.5859771856358451
1332007200,-0.5901467369799428
1332028800,-0.5945727897950288
1332050400,-0.5991246383710985
1332072000,-0.6036447844473803
1332093600,-0.6080618374789208
1332115200,-0.6123845778881691
1332136800,-0.6166926958900072
1332158400,-0.6210650558202502
1332180000,-0.6255189504867159
1332201600,-0.6300465539586361
1332223200,-0.634615874491929
1332244800,-0.6391828882971899
1332266400,-0.6436741350647368
1332288000,-0.6479646673615784
1332309600,-0.6519688397417133
1332331200,-0.6556676933618389
1332352800,-0.6590640023095579
1332374400,-0.6621646453060015
1332396000,-0.664966293778109
1332417600,-0.6674416093396041
1332439200,-0.6695637555428786
1332460800,-0.6713435596371049
1332482400,-0.6728361063728335
1332504000,-0.6740957963576651
1332525600,-0.6751531941051364
1332547200,-0.6760617969865165
1332568800,-0.6768654620518623
1332590400,-0.6775740592199622
1332612000,-0.6781909193334894
1332633600,-0.6787349682524283
1332655200,-0.6792319004441044
1332676800,-0.6796850749492276
1332698400,-0.6800971166710092
1332720000,-0.6804690880305213
1332741600,-0.6807978012163654
1332763200,-0.6810792030341445
1332784800,-0.6813035300047378
1332806400,-0.681441807310058
1332828000,-0.6814356587427264
1332849600,-0.6812226769002676
1332871200,-0.6807672458820582
1332892800,-0.6800734232659785
1332914400,-0.6791928712720159
1332936000,-0.6781939389128184
1332957600,-0.6771044368501581
1332979200,-0.6759264328570728
1333000800,-0.6746621746057531
1333022400,-0.6733177772637501
1333044000,-0.6718990721473005
1333065600,-0.6704039957133505
1333087200,-0.6688270201527119
1333108800,-0.6671622640515324
1333130400,-0.6654055601727155
1333152000,-0.6635548204000288
1333173600,-0.661591615649789
1333195200,-0.6594727540166194
1333216800,-0.6571556303517387
1333238400,-0.654598233360661
1333260000,-0.6517721536964717
1333281600,-0.6486837253033486
1333303200,-0.6453834006818941
1333324800,-0.6419264855208665
1333346400,-0.6383488001317157
1333368000,-0.6346854450711397
1333389600,-0.6309566601672981
1333411200,-0.6271516265408403
1333432800,-0.6231864022558783
1333454400,-0.6189723732754187
1333476000,-0.6144849652342149
1333497600,-0.6097324076453715
1333519200,-0.604774487204962
1333540800,-0.5996609563096968
1333562400,-0.5944273844629527
1333584000,-0.5891704052974441
1333605600,-0.5839621099157803
1333627200,-0.5788155053062211
1333648800,-0.5737326966782234
1333670400,-0.5687267530442681
1333692000,-0.5638490940828713
1333713600,-0.5591402221507618
1333735200,-0.5546125304744366
1333756800,-0.5503055375765603
1333778400,-0.5462361205440927
1333800000,-0.5424202653675314
1333821600,-0.5388875799590356
1333843200,-0.5356291246412707
1333864800,-0.5326289361296396
1333886400,-0.529870194974827
1333908000,-0.5273361419088403
1333929600,-0.5249710292847626
1333951200,-0.5227108286398359
1333972800,-0.5205454297623605
1333994400,-0.5184580138881922
1334016000,-0.516407032163303
1334037600,-0.514393795753488
1334059200,-0.5124442620070429
1334080800,-0.5105590610506259
1334102400,-0.5087349878393493
1334124000,-0.5069834237567852
1334145600,-0.505339496189943
1334167200,-0.5038175115617793
1334188800,-0.5024063391358756
1334210400,-0.5010977794256518
1334232000,-0.49985632804886054
1334253600,-0.49865548089011213
1334275200,-0.4974936629296965
1334296800,-0.4963720442077851
1334318400,-0.49527807698137355
1334340000,-0.49419223347023616
1334361600,-0.49312648988966984
1334383200,-0.49211910686907295
1334404800,-0.4912015504581574
1334426400,-0.4903881660105589
1334448000,-0.48970218991024245
1334469600,-0.4891471263363015
1334491200,-0.48873504553912156
1334512800,-0.4885022541818258
1334534400,-0.4884650490316132
1334556000,-0.48861456547381876
1334577600,-0.4888841695457832
1334599200,-0.4891592316708004
1334620800,-0.48936059461081793
1334642400,-0.4894616879652126
1334664000,-0.4894461829443831
1334685600,-0.4892848069010013
1334707200,-0.4889562439907459
1334728800,-0.488491330558607
1334750400,-0.48793781483023313
1334772000,-0.4873282028141232
1334793600,-0.4867085851728927
1334815200,-0.48611499291419863
1334836800,-0.48554806389808874
1334858400,-0.4850224971004619
1334880000,-0.48456467223735344
1334901600,-0.48418069635860467
1334923200,-0.48385817429325495
1334944800,-0.483578056028278
1334966400,-0.4833171364421871
1334988000,-0.48302093070292723
1335009600,-0.4826447398034093
1335031200,-0.48216934257945043
1335052800,-0.4815383500130155
1335074400,-0.4807144104630076
1335096000,-0.4796879471420879
1335117600,-0.47844930308733485
1335139200,-0.47701508545885396
1335160800,-0.47540209409050316
1335182400,-0.47362192945087395
1335204000,-0.47167344566316477
1335225600,-0.4695414477073737
1335247200,-0.4672207705015893
1335268800,-0.4647070962036775
1335290400,-0.46200943955764345
1335312000,-0.4591709770891961
1335333600,-0.45620648391026436
1335355200,-0.4531470598575671
1335376800,-0.4500505346654223
1335398400,-0.4469337250804549
1335420000,-0.4438003794815572
1335441600,-0.44065417221388004
1335463200,-0.4375446849095407
1335484800,-0.43452903117137515
1335506400,-0.4316032709756995
1335528000,-0.4287552179224062
1335549600,-0.425967780692132
1335571200,-0.423166578776112
1335592800,-0.4202676260060017
1335614400,-0.41725279596268927
1335636000,-0.414137275288683
1335657600,-0.4109170651654155
1335679200,-0.40756751767819704
1335700800,-0.4040797707768044
1335722400,-0.4004897518849879
1335744000,-0.39682121732542847
1335765600,-0.39309182232194345
1335787200,-0.389327924736269
1335808800,-0.3855373941765173
1335830400,-0.3817206967926992
1335852000,-0.377900154500799
1335873600,-0.37414634591777374
1335895200,-0.3705210078570204
1335916800,-0.36704851120592713
1335938400,-0.36373336236930764
1335960000,-0.36054146678361904
1335981600,-0.3574246270267898
1336003200,-0.3543641901847276
1336024800,-0.3513389386543623
1336046400,-0.34831556669531055
1336068000,-0.3452805073669604
1336089600,-0.3422461071908777
1336111200,-0.33927111502813717
1336132800,-0.33647368731829
1336154400,-0.3339404246821321
1336176000,-0.33169421676396954
1336197600,-0.32974878308185196
1336219200,-0.32813818396850375
1336240800,-0.32689957845592094
1336262400,-0.3260387875773011
1336284000,-0.3255474270124876
1336305600,-0.3254114424862903
1336327200,-0.32558845323682933
1336348800,-0.326026655424563
1336370400,-0.32664980096799673
1336392000,-0.32735458243042936
1336413600,-0.3280803635998237
1336435200,-0.32881167861597854
1336456800,-0.32955950804620254
1336478400,-0.33037366792085643
1336500000,-0.33131136472271533
1336521600,-0.3324287448026444
1336543200,-0.33374022335026016
1336564800,-0.3351842362454281
1336586400,-0.336706073197413
1336608000,-0.33828323999245424
1336629600,-0.33989848508423914
1336651200,-0.3414975833504884
1336672800,-0.34302972183918534
1336694400,-0.34448537088079645
1336716000,-0.34586084801516087
1336737600,-0.34715465292848147
1336759200,-0.3483476650337147
1336780800,-0.3494566608884336
1336802400,-0.3505301460592776
1336824000,-0.35158891879690884
1336845600,-0.3526714276904934
1336867200,-0.35385787429808685
1336888800,-0.35518044997728604
1336910400,-0.3566162606285448
1336932000,-0.3581306684370214
1336953600,-0.3596850916673251
1336975200,-0.3612626951979289
1336996800,-0.36284121995237706
1337018400,-0.3643722562817241
1337040000,-0.3658197020008644
1337061600,-0.3671840881429419
1337083200,-0.36847122940164373
1337104800,-0.3697047846931779
1337126400,-0.37093117018712285
1337148000,-0.3721680557710968
1337169600,-0.37340161864947097
1337191200,-0.37463048191955156
1337212800,-0.3758569154838869
1337234400,-0.377075037193494
1337256000,-0.3782820068015762
1337277600,-0.3795022971291184
1337299200,-0.38075775647305843
1337320800,-0.38203530536022584
1337342400,-0.38331589578752534
1337364000,-0.3845827180672503
1337385600,-0.3857857357198623
1337407200,-0.38683689783249503
1337428800,-0.38765712771080824
1337450400,-0.38820849070414054
1337472000,-0.3884876633888334
1337493600,-0.38852423138309766
1337515200,-0.3883349931440467
1337536800,-0.3878948355711294
1337558400,-0.38715760171520486
1337580000,-0.38608352553079445
1337601600,-0.3846487365821304
1337623200,-0.38283219217175707
1337644800,-0.3806373057809063
1337666400,-0.3780911455789739
1337688000,-0.3752313128466459
1337709600,-0.3720829345876045
1337731200,-0.36865059240570547
1337752800,-0.36492353116433873
1337774400,-0.3608653965894449
1337796000,-0.3564698268916902
1337817600,-0.35181207800203956
1337839200,-0.34699817432574676
1337860800,-0.3421263037500409
1337882400,-0.33726409714620637
1337904000,-0.3324619776671069
1337925600,-0.3277695316630892
1337947200,-0.3232090049453845
1337968800,-0.31877730105966723
1337990400,-0.3144585011990132
1338012000,-0.3102080718396813
1338033600,-0.3059844081051404
1338055200,-0.3017748205829343
1338076800,-0.2975668301858681
1338098400,-0.2934017741731582
1338120000,-0.2893440123319956
1338141600,-0.28540696303434204
1338163200,-0.28159054035126324
1338184800,-0.2779339766305776
1338206400,-0.2744487881979631
1338228000,-0.2711272024945197
1338249600,-0.26798916029452124
1338271200,-0.26503833675093164
1338292800,-0.2622774337429737
1338314400,-0.2597075684658285
1338336000,-0.25733375919832197
1338357600,-0.25515816750191006
1338379200,-0.253156859760105
1338400800,-0.2512825133315064
1338422400,-0.24949040800160988
1338444000,-0.2477484992788346
1338465600,-0.24606785000830173
1338487200,-0.244487747889458
1338508800,-0.24303384476801568
1338530400,-0.24173406091676378
1338552000,-0.24063945957233376
1338573600,-0.23978716659908828
1338595200,-0.23915060152854742
1338616800,-0.23866865278678745
1338638400,-0.2382906674121456
1338660000,-0.23795463905676753
1338681600,-0.23760419127344548
1338703200,-0.2372276861627454
1338724800,-0.23683514547984655
1338746400,-0.23643547409536134
1338768000,-0.23602211698830294
1338789600,-0.23556555629947298
1338811200,-0.2350466623439565
1338832800,-0.23451453424204677
1338854400,-0.23406813008023414
1338876000,-0.23380012047713333
1338897600,-0.2337721588769282
1338919200,-0.23403952571963213
1338940800,-0.23462835334416665
1338962400,-0.23550916059010765
1338984000,-0.23665135933933287
1339005600,-0.23804490759918998
1339027200,-0.2396895167624953
1339048800,-0.24159951406170227
1339070400,-0.24382230018240347
1339092000,-0.24639751644191993
1339113600,-0.24929146965907648
1339135200,-0.2524619836674916
1339156800,-0.2559034743892433
1339178400,-0.2596123358866315
1339200000,-0.263567176855253
1339221600,-0.26773515164827216
1339243200,-0.27210177787572576
1339264800,-0.27666676078672203
1339286400,-0.2814365259332148
1339308000,-0.28644158904876654
1339329600,-0.29168776715309136
1339351200,-0.29709572509726634
1339372800,-0.3025512805016186
1339394400,-0.3079526183928415
1339416000,-0.3132134481675893
1339437600,-0.31827549330413807
1339459200,-0.32312395490418594
1339480800,-0.3277749269678523
1339502400,-0.33228206747872224
1339524000,-0.33671519237713565
1339545600,-0.34110615120729604
1339567200,-0.3454586366982329
1339588800,-0.3497658965206419
1339610400,-0.35401448969229243
1339632000,-0.3581727174877927
1339653600,-0.3621657274304068
1339675200,-0.36590773459250925
1339696800,-0.3693106233671207
1339718400,-0.3723020991904983
1339740000,-0.37489680911220785
1339761600,-0.3771134591663434
1339783200,-0.3789285011956809
1339804800,-0.38033000960782953
1339826400,-0.3813125864356697
1339848000,-0.38186820980571956
1339869600,-0.3820013003227372
1339891200,-0.3817620086879196
1339912800,-0.38125800134351123
1339934400,-0.3805924933949549
1339956000,-0.37984596302471296
1339977600,-0.3791003907391012
1339999200,-0.3783972805016093
1340020800,-0.3777140480936372
1340042400,-0.3769879253559328
1340064000,-0.37616535378318416
1340085600,-0.3752153090354485
1340107200,-0.3741140908259498
1340128800,-0.372848797136038
1340150400,-0.37144252741780137
1340172000,-0.36994063621751666
1340193600,-0.3684255802038179
1340215200,-0.36699702426771913
1340236800,-0.3657037473283194
1340258400,-0.3645767552490947
1340280000,-0.36364458039233666
1340301600,-0.3629213176367941
1340323200,-0.36241587257428715
1340344800,-0.3621055260457399
1340366400,-0.36188287603974323
1340388000,-0.36162112441223454
1340409600,-0.36123558234573006
1340431200,-0.3606722877461549
1340452800,-0.35989683176317133
1340474400,-0.3588926528305807
1340496000,-0.3576889944575285
1340517600,-0.35631429561575634
1340539200,-0.35476984082337976
1340560800,-0.35306136768938734
1340582400,-0.3512083300353781
1340604000,-0.3491965302063123
1340625600,-0.3470140269013542
1340647200,-0.34472884801567
1340668800,-0.34241102863287204
1340690400,-0.34008402756046496
1340712000,-0.3377753509633771
1340733600,-0.3355033314670956
1340755200,-0.33326146242411087
1340776800,-0.3310361732570972
1340798400,-0.3287769470732107
1340820000,-0.3264158766831794
1340841600,-0.323928788612461
1340863200,-0.32134253459566886
1340884800,-0.3186911189870583
1340906400,-0.31600899219444056
1340928000,-0.31332744998666956
1340949600,-0.31072363441615874
1340971200,-0.3083292491973292
1340992800,-0.30626670943453815
1341014400,-0.3046000343450658
1341036000,-0.30329465509389775
1341057600,-0.3022856599420075
1341079200,-0.30154349084767135
1341100800,-0.30106582642179924
1341122400,-0.30085725290155796
1341144000,-0.3009337944155311
1341165600,-0.3013124914589189
1341187200,-0.3020356513168386
1341208800,-0.3031464842816681
1341230400,-0.30469207275591637
1341252000,-0.3066948911209792
1341273600,-0.3091083329055879
1341295200,-0.3118987641674922
1341316800,-0.3150819317384868
1341338400,-0.31873738492717135
1341360000,-0.3229319880069183
1341381600,-0.3276522686770522
1341403200,-0.3328584084129935
1341424800,-0.3384853486816488
1341446400,-0.3444081210839146
1341468000,-0.3504922208394564
1341489600,-0.35660180401974456
1341511200,-0.36260484067370063
1341532800,-0.3684446295667031
1341554400,-0.37414401792501395
1341576000,-0.37976233932410175
1341597600,-0.3853453102765868
1341619200,-0.39091161041791644
1341640800,-0.3964852555830613
1341662400,-0.4021101148989084
1341684000,-0.40781223164798613
1341705600,-0.4135700443848372
1341727200,-0.4193210611300812
1341748800,-0.42497967700041167
1341770400,-0.4304804714403836
1341792000,-0.4357566312789735
1341813600,-0.44071856678705923
1341835200,-0.4453207495242968
1341856800,-0.449549371164606
1341878400,-0.4534014987164225
1341900000,-0.45692781827870693
1341921600,-0.46017485704964894
1341943200,-0.46314412435669683
1341964800,-0.46583485807483277
1341986400,-0.46827312594303955
1342008000,-0.4705140243272651
1342029600,-0.47259161801392885
1342051200,-0.4745109452606841
1342072800,-0.47628349976058537
1342094400,-0.47794726469977405
1342116000,-0.47952664590241983
1342137600,-0.48101385364596555
1342159200,-0.48239283593000853
1342180800,-0.483664836671729
1342202400,-0.48484914492448744
1342224000,-0.4859626602597391
1342245600,-0.48699432613311827
1342267200,-0.4879172826025124
1342288800,-0.4887249698774392
1342310400,-0.4894328602269203
1342332000,-0.4901040358225516
1342353600,-0.49081801255514934
1342375200,-0.49160265046082663
1342396800,-0.4924139898188935
1342418400,-0.49318487589518434
1342440000,-0.49384955295453226
1342461600,-0.49434365874282277
1342483200,-0.4945820079537211
1342504800,-0.4944642301290181
1342526400,-0.4939015335420241
1342548000,-0.49290594386695097
1342569600,-0.4915516084486273
1342591200,-0.48986428040983043
1342612800,-0.48786097476895735
1342634400,-0.48551965015935095
1342656000,-0.48281558947821296
1342677600,-0.4797822716100755
1342699200,-0.4764655146980023
1342720800,-0.4729051721447677
1342742400,-0.46915689090284524
1342764000,-0.46527085290970294
1342785600,-0.4613148972743003
1342807200,-0.45737354430834004
1342828800,-0.45347951865823033
1342850400,-0.449591185909233
1342872000,-0.4455970511617998
1342893600,-0.44140638151205136
1342915200,-0.4369858801339834
1342936800,-0.43232535333054883
1342958400,-0.4274530696731578
1342980000,-0.4224055316628898
1343001600,-0.4172350594127532
1343023200,-0.4120309778092093
1343044800,-0.4069041072498059
1343066400,-0.4019365402908295
1343088000,-0.39716228812000104
1343109600,-0.39262903662585663
1343131200,-0.38837537840157693
1343152800,-0.384405250789705
1343174400,-0.3806961627371043
1343196000,-0.37722710254070063
1343217600,-0.3740042008219623
1343239200,-0.37102990294889127
1343260800,-0.3683076052629759
1343282400,-0.36585349451573534
1343304000,-0.363666263935198
1343325600,-0.36178332465957236
1343347200,-0.3602888047922025
1343368800,-0.35921374438017806
1343390400,-0.35855166872949196
1343412000,-0.35830424425452284
1343433600,-0.35847563279251005
1343455200,-0.3590626500621113
1343476800,-0.3600394445639695
1343498400,-0.3613619766951659
1343520000,-0.3629988529342427
1343541600,-0.3649094616387175
1343563200,-0.3670614752299742
1343584800,-0.36944995102571054
1343606400,-0.37206015154569944
1343628000,-0.3748412369885577
1343649600,-0.37773303378575707
1343671200,-0.3807040631786452
1343692800,-0.3837656152945538
1343714400,-0.38694268099887713
1343736000,-0.3902459614206312
1343757600,-0.393700198389179
1343779200,-0.39735019210015554
1343800800,-0.40122516461379487
1343822400,-0.40531345623790616
1343844000,-0.40955493359438766
1343865600,-0.41386526705869264
1343887200,-0.41816564390482575
1343908800,-0.42235117065108574
1343930400,-0.42634228386342665
1343952000,-0.4301207171871689
1343973600,-0.4336850165425512
1343995200,-0.4370482551178154
1344016800,-0.44022287054995185
1344038400,-0.44321195464419205
1344060000,-0.4460250213309809
1344081600,-0.44865272624602986
1344103200,-0.4510973936665459
1344124800,-0.45340453010418574
1344146400,-0.45562185656843973
1344168000,-0.4578124115500764
1344189600,-0.46002537014194933
1344211200,-0.46226362859144066
1344232800,-0.4645139144147042
1344254400,-0.4667401201344146
1344276000,-0.4689154940488702
1344297600,-0.4710155344852235
1344319200,-0.4730012263915845
1344340800,-0.4748482601544138
1344362400,-0.4765526580716305
1344384000,-0.4781421169135112
1344405600,-0.4796596189539574
1344427200,-0.4811461307686054
1344448800,-0.4826352123905491
1344470400,-0.48414046902501034
1344492000,-0.48563984407267424
1344513600,-0.487107758108372
1344535200,-0.48854995693423037
1344556800,-0.4899565396409862
1344578400,-0.49125336268934683
1344600000,-0.492346275074209
1344621600,-0.49313748116643796
1344643200,-0.4934948211361141
1344664800,-0.4933251657679469
1344686400,-0.4925945404334002
1344708000,-0.49129311476244647
1344729600,-0.48941202869650713
1344751200,-0.48693440707202307
1344772800,-0.4839006619215734
1344794400,-0.4804032734345069
1344816000,-0.4765187941169471
1344837600,-0.47234053379334323
1344859200,-0.4679294700852647
1344880800,-0.46328858897401454
1344902400,-0.45842871067743796
1344924000,-0.4533600143569244
1344945600,-0.448094343342852
1344967200,-0.4426665048830187
1344988800,-0.4371126637982165
1345010400,-0.43146891829127715
1345032000,-0.42578575922154765
1345053600,-0.42008018517168727
1345075200,-0.4143371931231313
1345096800,-0.40855179790581775
1345118400,-0.40273674691404077
1345140000,-0.39688570142901725
1345161600,-0.3910116583613872
1345183200,-0.38516796588720054
1345204800,-0.3794427041411946
1345226400,-0.3739221177696199
1345248000,-0.3686397308570021
1345269600,-0.36362056695209616
1345291200,-0.35885959123260786
1345312800,-0.35430825235733415
1345334400,-0.34993625356524105
1345356000,-0.3457322603509913
1345377600,-0.3416725561179207
1345399200,-0.33773784305798726
1345420800,-0.33392955787158174
1345442400,-0.33031058163663457
1345464000,-0.32696135927363307
1345485600,-0.3239095144132582
1345507200,-0.3211697227875047
1345528800,-0.31875738738148857
1345550400,-0.3166874268407456
1345572000,-0.31497766491540513
1345593600,-0.31366317484195266
1345615200,-0.31272368819043556
1345636800,-0.31207465499222625
1345658400,-0.31163385554232764
1345680000,-0.3113251820321693
1345701600,-0.31109594830099313
1345723200,-0.31090011943429985
1345744800,-0.3107121048338789
1345766400,-0.3105330690722584
1345788000,-0.3103866692541013
1345809600,-0.3103036578144889
1345831200,-0.31031801877685966
1345852800,-0.3104349061747257
1345874400,-0.3106401542558112
1345896000,-0.31094444237900976
1345917600,-0.3113510149948266
1345939200,-0.3118910487077762
1345960800,-0.31259879235597743
1345982400,-0.3134568132320692
1346004000,-0.31443979019300616
1346025600,-0.315549478662321
1346047200,-0.316793325423167
1346068800,-0.31813007174663405
1346090400,-0.31947783434890764
1346112000,-0.32078804498021757
1346133600,-0.32204034264116466
1346155200,-0.3232402413818977
1346176800,-0.3244442953613352
1346198400,-0.32571381182246384
1346220000,-0.3271167852647787
1346241600,-0.3287084185563651
1346263200,-0.3305066470096341
1346284800,-0.3325380062601128
1346306400,-0.33484730155541265
1346328000,-0.33743630794296586
1346349600,-0.34026283325008255
1346371200,-0.34325850441441863
1346392800,-0.34633929803267505
1346414400,-0.3494571113914624
1346436000,-0.3526118195559419
1346457600,-0.3558150562033661
1346479200,-0.35906753711942
1346500800,-0.3623411918998137
1346522400,-0.36559448327280025
1346544000,-0.3687741831880464
1346565600,-0.3718057505544052
1346587200,-0.3746587121899255
1346608800,-0.3773560337074978
1346630400,-0.3799297324846284
1346652000,-0.38242954238442156
1346673600,-0.3849225053168932
1346695200,-0.3874053633396671
1346716800,-0.3898214264029313
1346738400,-0.39209880564553473
1346760000,-0.39416423282434004
1346781600,-0.39598435769961415
1346803200,-0.39752906197344373
1346824800,-0.39877320400559846
1346846400,-0.39971858928802534
1346868000,-0.4003561092101428
1346889600,-0.4006629266041129
1346911200,-0.40063745092581976
1346932800,-0.4002747376177921
1346954400,-0.3995753979492596
1346976000,-0.3985529188251318
1346997600,-0.39721220738689283
1347019200,-0.39557508611868436
1347040800,-0.39366267258299725
1347062400,-0.3914883403520985
1347084000,-0.38907467431546033
1347105600,-0.38643162094928507
1347127200,-0.3835260813310847
1347148800,-0.3803949036208295
1347170400,-0.3771401505566062
1347192000,-0.3738335190138425
1347213600,-0.370537175390449
1347235200,-0.3672811676035189
1347256800,-0.36408976641016677
1347278400,-0.36101765775199773
1347300000,-0.35811108545248677
1347321600,-0.3553598823773889
1347343200,-0.35272290495340075
1347364800,-0.3501815613192475
1347386400,-0.3477703045559605
1347408000,-0.34553036623779404
1347429600,-0.34349661931390923
1347451200,-0.3417083467114275
1347472800,-0.3401275571222677
1347494400,-0.3386779001270412
1347516000,-0.3373209781860739
1347537600,-0.33604611698813497
1347559200,-0.3348458357894285
1347580800,-0.3336942155599732
1347602400,-0.33254022123700566
1347624000,-0.33137585193946273
1347645600,-0.3302527185635496
1347667200,-0.32923611164675737
1347688800,-0.3283936609312879
1347710400,-0.3277653292680957
1347732000,-0.3273551976081442
1347753600,-0.327130870712836
1347775200,-0.327042259404325
1347796800,-0.3270640694848876
1347818400,-0.32718448252217563
1347840000,-0.32738252027499626
1347861600,-0.3276491887840063
1347883200,-0.32800660817505706
1347904800,-0.3284732203626574
1347926400,-0.32903355179782645
1347948000,-0.3296364785276834
1347969600,-0.33021305844452276
1347991200,-0.3307339908263538
1348012800,-0.3311878101207885
1348034400,-0.33153088402855646
1348056000,-0.33169528943407545
1348077600,-0.3316628072488931
1348099200,-0.3314652237121227
1348120800,-0.3311017572230572
1348142400,-0.330551590703032
1348164000,-0.329804244031216
1348185600,-0.3288249217455211
1348207200,-0.3276238244482097
1348228800,-0.32632921800395237
1348250400,-0.3251285736021505
1348272000,-0.32415794988058955
1348293600,-0.3234575377543649
1348315200,-0.32301463385313367
1348336800,-0.3228023435097422
1348358400,-0.3228004640776567
1348380000,-0.3229803580781924
1348401600,-0.3233297828621677
1348423200,-0.3238721294138959
1348444800,-0.32463424073297065
1348466400,-0.3256580890299781
1348488000,-0.3269726556554846
1348509600,-0.32857640618648454
1348531200,-0.33047517153837336
1348552800,-0.33267419413746274
1348574400,-0.33517577689255595
1348596000,-0.3379756287895466
1348617600,-0.34107766783011656
1348639200,-0.34449606126333643
1348660800,-0.3482167671482486
1348682400,-0.35214523113445145
1348704000,-0.35616282622611445
1348725600,-0.36016025693649223
1348747200,-0.3640332317631
1348768800,-0.3677487113064181
1348790400,-0.3713105769821165
1348812000,-0.3746848403236923
1348833600,-0.3778278195734142
1348855200,-0.38074243747121994
1348876800,-0.38346387196121157
1348898400,-0.3860164258743379
1348920000,-0.3883948852433861
1348941600,-0.3905451173510121
1348963200,-0.3923429717247028
1348984800,-0.3936833959199326
1349006400,-0.3945365398244943
1349028000,-0.39491551781371337
1349049600,-0.3948632404799572
1349071200,-0.3944375276970725
1349092800,-0.39368259927220306
1349114400,-0.39263430552593864
1349136000,-0.39136825394246505
1349157600,-0.38996448938184736
1349179200,-0.3884644122647204
1349200800,-0.38688296669832717
1349222400,-0.3852437807210654
1349244000,-0.3835573412664513
1349265600,-0.3818119593899491
1349287200,-0.3800142849344647
1349308800,-0.3782090296362235
1349330400,-0.37649181444584173
1349352000,-0.3749604297375717
1349373600,-0.37363100228104884
1349395200,-0.37247927916207735
1349416800,-0.371502233721896
1349438400,-0.37070512276723466
1349460000,-0.3701158117166818
1349481600,-0.36979861644781076
1349503200,-0.36981005796063615
1349524800,-0.37012845823711316
1349546400,-0.3706386676434895
1349568000,-0.371222367952695
1349589600,-0.3718633089069726
1349611200,-0.37259707448247575
1349632800,-0.3734594820267767
1349654400,-0.37449382092966627
1349676000,-0.3757364717369375
1349697600,-0.37722307188978677
1349719200,-0.3789752061993672
1349740800,-0.38094196741052305
1349762400,-0.3829953741517707
1349784000,-0.3849645113549534
1349805600,-0.3867130490790914
1349827200,-0.388185616949929
1349848800,-0.3893655423323181
1349870400,-0.39025006456928407
1349892000,-0.3908524650916504
1349913600,-0.391209772485939
1349935200,-0.3913719961472052
1349956800,-0.39137744276152514
1349978400,-0.39127138123511324
1350000000,-0.3911008096785247
1350021600,-0.3909018351884304
1350043200,-0.3906780928602222
1350064800,-0.3904048039191861
1350086400,-0.39007678699634835
1350108000,-0.38969765642793147
1350129600,-0.38928442307955385
1350151200,-0.38883591556509245
1350172800,-0.38831969217997697
1350194400,-0.3877204242591822
1350216000,-0.38704326065904726
1350237600,-0.38633565268759473
1350259200,-0.38571857920194136
1350280800,-0.38529889781031784
1350302400,-0.3851080084056275
1350324000,-0.38514631555803824
1350345600,-0.385409781387387
1350367200,-0.38589548322330613
1350388800,-0.38660375544309117
1350410400,-0.3875307640872325
1350432000,-0.3886647535109017
1350453600,-0.38999235923061065
1350475200,-0.39150881797290815
1350496800,-0.39326191695952767
1350518400,-0.3952905709721546
1350540000,-0.3975991204233525
1350561600,-0.4001873173771239
1350583200,-0.4030274046174769
1350604800,-0.40603843903599257
1350626400,-0.40911881804845013
1350648000,-0.41222307973333705
1350669600,-0.4153480532505017
1350691200,-0.4184949660672164
1350712800,-0.42165705095958966
1350734400,-0.4248600192247772
1350756000,-0.4281110740177676
1350777600,-0.43139062222687924
1350799200,-0.43470059696939506
1350820800,-0.43805049743021146
1350842400,-0.4414453230633103
1350864000,-0.44486943534021905
1350885600,-0.44827958248268335
1350907200,-0.4516381552880422
1350928800,-0.45492283544924517
1350950400,-0.45809141457110847
1350972000,-0.4611018406192111
1350993600,-0.4638920857310343
1351015200,-0.46636116264089145
1351036800,-0.4684337407096961
1351058400,-0.4701022245966028
1351080000,-0.4714255052973485
1351101600,-0.47251386125918093
1351123200,-0.47345633403648824
1351144800,-0.47430267282365934
1351166400,-0.47508656299592267
1351188000,-0.47581940604453826
1351209600,-0.4765007610359317
1351231200,-0.4771240303991745
1351252800,-0.4776946842123462
1351274400,-0.4782506888596379
1351296000,-0.4788260686285105
1351317600,-0.4794243742307517
1351339200,-0.48007807551908355
1351360800,-0.4808137923546269
1351382400,-0.48159830056841746
1351404000,-0.48239796334138985
1351425600,-0.4831847879542631
1351447200,-0.4839415808851176
1351468800,-0.4846814172733526
1351490400,-0.48541776316548413
1351512000,-0.4861546293064048
1351533600,-0.48689672154039476
1351555200,-0.4876504800512525
1351576800,-0.48845093812283635
1351598400,-0.48933402876119536
1351620000,-0.49030336216838644
1351641600,-0.49136402786509603
1351663200,-0.4924988187502007
1351684800,-0.49367558896803765
1351706400,-0.49488028821406393
1351728000,-0.496104008097022
1351749600,-0.49733849572117694
1351771200,-0.4985458461936353
1351792800,-0.4996439112467756
1351814400,-0.5005342491350909
1351836000,-0.5011540551392605
1351857600,-0.5014976685610129
1351879200,-0.501597030247286
1351900800,-0.5015451907643841
1351922400,-0.5014262243771322
1351944000,-0.5012595046597408
1351965600,-0.5010517153377058
1351987200,-0.500802129360762
1352008800,-0.5005235426620948
1352030400,-0.5001944536410379
1352052000,-0.49978612519295135
1352073600,-0.49929572393384436
1352095200,-0.4986907380879524
1352116800,-0.4979448314878907
1352138400,-0.4970769286881289
1352160000,-0.49610667689437216
1352181600,-0.495021483695099
1352203200,-0.4937862755046913
1352224800,-0.4923478628667503
1352246400,-0.4906660995864998
1352268000,-0.48869618276928783
1352289600,-0.4864133331363742
1352311200,-0.48387073139428877
1352332800,-0.4811378855989981
1352354400,-0.47825248447589885
1352376000,-0.47529596588710427
1352397600,-0.4723384913337393
1352419200,-0.4693961218035206
1352440800,-0.466464483900609
1352462400,-0.4635095040147765
1352484000,-0.4605066519013048
1352505600,-0.4574406820049926
1352527200,-0.45429062652870833
1352548800,-0.45107468404631695
1352570400,-0.44781977128657197
1352592000,-0.4445489978112689
1352613600,-0.44134323197414754
1352635200,-0.43829147533678925
1352656800,-0.4354522176609904
1352678400,-0.43286119020392694
1352700000,-0.4305308454088289
1352721600,-0.4284558134974747
1352743200,-0.4266018490363341
1352764800,-0.42488768625685086
1352786400,-0.42324097903321006
1352808000,-0.42161573068735464
1352829600,-0.4199768171843792
1352851200,-0.41831124447732093
1352872800,-0.41657735944101637
1352894400,-0.4147308862755638
1352916000,-0.4127682230876187
1352937600,-0.4106871746095091
1352959200,-0.40850387068743216
1352980800,-0.40623951964753013
1353002400,-0.40390664519339003
1353024000,-0.4015255907703934
1353045600,-0.3991093727168807
1353067200,-0.3966682929676722
1353088800,-0.394200771198968
1353110400,-0.39172717154034664
1353132000,-0.3892889444801071
1353153600,-0.38690121316666226
1353175200,-0.38454765120098533
1353196800,-0.3821827422774632
1353218400,-0.37977433206556577
1353240000,-0.37730915574577717
1353261600,-0.37477443081744133
1353283200,-0.37217683096916027
1353304800,-0.3695072500281946
1353326400,-0.3667470038616812
1353348000,-0.36391519962691843
1353369600,-0.3610344814320461
1353391200,-0.35809134772862616
1353412800,-0.355050399595019
1353434400,-0.3518430975314483
1353456000,-0.3484573615996152
1353477600,-0.344950068191155
1353499200,-0.34136263141801043
1353520800,-0.3377531751205241
1353542400,-0.3341824625966563
1353564000,-0.33071875489373515
1353585600,-0.3274379691018429
1353607200,-0.32441387182474746
1353628800,-0.321727304640337
1353650400,-0.31944823955732815
1353672000,-0.3175712529013371
1353693600,-0.3160233387099344
1353715200,-0.3147434341799573
1353736800,-0.31371435430177075
1353758400,-0.31297542732896694
1353780000,-0.31257601064559215
1353801600,-0.31256921714415403
1353823200,-0.3130023307132108
1353844800,-0.3138477513635461
1353866400,-0.31504563989193496
1353888000,-0.31653132650765714
1353909600,-0.31817275215767005
1353931200,-0.3198064626340205
1353952800,-0.3213326255286037
1353974400,-0.322731446358679
1353996000,-0.32402827915330873
1354017600,-0.32524935008984635
1354039200,-0.3264230270896422
1354060800,-0.3276245666783409
1354082400,-0.3289264064029567
1354104000,-0.33037047504862144
1354125600,-0.331970932723076
1354147200,-0.3337034265306783
1354168800,-0.3355013039295428
1354190400,-0.33730369561879864
1354212000,-0.3390920440959748
1354233600,-0.3408617727872023
1354255200,-0.34263727793721527
1354276800,-0.34445227078507584
1354298400,-0.3463091370909067
1354320000,-0.34818805733048136
1354341600,-0.3500691284439748
1354363200,-0.3519348647310674
1354384800,-0.35378574018284387
1354406400,-0.355634546839149
1354428000,-0.35748538006527875
1354449600,-0.3593011185442999
1354471200,-0.361001288697004
1354492800,-0.36251347267520506
1354514400,-0.3637908704966132
1354536000,-0.3647905018558665
1354557600,-0.3654854899700411
1354579200,-0.3658997735696868
1354600800,-0.36608897874501484
1354622400,-0.36610452906059576
1354644000,-0.36597393183763594
1354665600,-0.36574973745245376
1354687200,-0.36555487884754573
1354708800,-0.365495009471909
1354730400,-0.3656364019500987
1354752000,-0.3660003693060367
1354773600,-0.36656652690596647
1354795200,-0.3672946154714122
1354816800,-0.3681296960192558
1354838400,-0.3690654264868634
1354860000,-0.37012725978498695
1354881600,-0.37135020466764873
1354903200,-0.3727507573803038
1354924800,-0.3743193926528324
1354946400,-0.3760260915296968
1354968000,-0.37783545316997047
1354989600,-0.379726823581493
1355011200,-0.3816759416624717
1355032800,-0.38365823461888454
1355054400,-0.38562693957515376
1355076000,-0.3875309439130856
1355097600,-0.38931677425448674
1355119200,-0.39093541754147887
1355140800,-0.3923323976680283
1355162400,-0.39342347955152285
1355184000,-0.39413443433139156
1355205600,-0.39447573645700856
1355227200,-0.3945643163095307
1355248800,-0.3945117916844909
1355270400,-0.39439915449773777
1355292000,-0.39426108072422394
1355313600,-0.39408251696738417
1355335200,-0.39382032469905265
1355356800,-0.3934175204176841
1355378400,-0.3928463650262142
1355400000,-0.3920983416488402
1355421600,-0.39118258815893087
1355443200,-0.390093611232032
1355464800,-0.38882859013874965
1355486400,-0.38738931244870406
1355508000,-0.38576938846532416
1355529600,-0.3839641966044441
1355551200,-0.38194074990397126
1355572800,-0.3796581976784886
1355594400,-0.3770975581310029
1355616000,-0.37425837656214145
1355637600,-0.3711500175132741
1355659200,-0.36778786171164707
1355680800,-0.3642016482281747
1355702400,-0.3604813687257359
1355724000,-0.35675021337387036
1355745600,-0.35311319058456997
1355767200,-0.3496779741365562
1355788800,-0.3465016166307909
1355810400,-0.34359934899483063
1355832000,-0.34102345781289817
1355853600,-0.33881928276855855
1355875200,-0.3369697648844672
1355896800,-0.33544213487653096
1355918400,-0.33421429599525126
1355940000,-0.33325864968446084
1355961600,-0.33250510790741694
1355983200,-0.3318995316181116
1356004800,-0.3314842767794607
1356026400,-0.3313167368978573
1356048000,-0.33143433138636264
1356069600,-0.33188818571910694
1356091200,-0.3327442400303308
1356112800,-0.33401881243646075
1356134400,-0.3356638926357938
1356156000,-0.337619938279315
1356177600,-0.33978948785592683
1356199200,-0.3420246853950964
1356220800,-0.34416989250074953
1356242400,-0.34613109553575816
1356264000,-0.34788982794232665
1356285600,-0.3494698268773847
1356307200,-0.35090440139218837
1356328800,-0.3522381521982982
1356350400,-0.3535273490088045
1356372000,-0.35479748477603
1356393600,-0.3560426528741183
1356415200,-0.3572135482326998
1356436800,-0.3582827949595905
1356458400,-0.35929861483756803
1356480000,-0.36033562211810277
1356501600,-0.3614091183337441
1356523200,-0.36243598165462126
1356544800,-0.36331379710628736
1356566400,-0.3639505932926194
1356588000,-0.36429518407561756
1356609600,-0.3643422538248163
1356631200,-0.36409890075693613
1356652800,-0.36355339081230165
1356674400,-0.3626747680570109
1356696000,-0.3614732629778409
1356717600,-0.3599894319873084
1356739200,-0.35828684949862116
1356760800,-0.3564590107082435
1356782400,-0.354614602497251
1356804000,-0.3528149601767114
1356825600,-0.3511057023392998
1356847200,-0.34954539319459016
1356868800,-0.34817255145658293
1356890400,-0.3470141023778198
1356912000,-0.34608096413522865
1356933600,-0.3453809239420924
1356955200,-0.3449215124112304
1356976800,-0.3447310175471293
1356998400,-0.3448064912838334
1357020000,-0.34507718117671504
1357041600,-0.34545877257893176
1357063200,-0.3458899671370771
1357084800,-0.3463748271268627
1357106400,-0.34695454659277936
1357128000,-0.34764999744525843
1357149600,-0.34847546869221174
1357171200,-0.34946893828552794
1357192800,-0.35066386455402965
1357214400,-0.3520509460128062
1357236000,-0.3535668348456662
1357257600,-0.35511720001667557
1357279200,-0.35659615821186647
1357300800,-0.35788182755450737
1357322400,-0.35890280429482374
1357344000,-0.35963289294796036
1357365600,-0.36001891425696664
1357387200,-0.36002066285074047
1357408800,-0.35966466209061926
1357430400,-0.3589886720046907
1357452000,-0.35798637858047294
1357473600,-0.3566429962283986
1357495200,-0.3550317701129222
1357516800,-0.35326511800281596
1357538400,-0.3513766045146008
1357560000,-0.3493539204951025
1357581600,-0.3471617978834175
1357603200,-0.3447334512880593
1357624800,-0.34199007511278756
1357646400,-0.3388785076185239
1357668000,-0.3353815487746804
1357689600,-0.33150821420513527
1357711200,-0.3273239208808824
1357732800,-0.3229129610124549
1357754400,-0.3183189615997363
1357776000,-0.31357225496439317
1357797600,-0.30874238418758515
1357819200,-0.30390711658847885
1357840800,-0.2991646185455227
1357862400,-0.2946062567647988
1357884000,-0.29024973879852967
1357905600,-0.28610053510333733
1357927200,-0.2821740195616286
1357948800,-0.2785169227276133
1357970400,-0.2751893341711521
1357992000,-0.2722026029764354
1358013600,-0.26954339983820297
1358035200,-0.2672387369599193
1358056800,-0.2653313627942607
1358078400,-0.263820277752064
1358100000,-0.262692028210151
1358121600,-0.26191083187373043
1358143200,-0.2614358010134281
1358164800,-0.2612721883814528
1358186400,-0.26145102382063123
1358208000,-0.26201318544817404
1358229600,-0.26298803220889067
1358251200,-0.2643694240083777
1358272800,-0.26607591541419456
1358294400,-0.26798055731276377
1358316000,-0.2699714020282032
1358337600,-0.2719928047292944
1358359200,-0.2740326862593239
1358380800,-0.276068973275064
1358402400,-0.27807193763162186
1358424000,-0.2800096569029449
1358445600,-0.28185031497427154
1358467200,-0.2835446789951632
1358488800,-0.28505125000773035
1358510400,-0.2863643307535301
1358532000,-0.28753368103992066
1358553600,-0.28866665401362185
1358575200,-0.2898583946746364
1358596800,-0.2911432627672578
1358618400,-0.2925052580178449
1358640000,-0.29392452573738653
1358661600,-0.2953938412114709
1358683200,-0.2968985748939157
1358704800,-0.29840205217735327
1358726400,-0.2999064214933099
1358748000,-0.301464081440493
1358769600,-0.303120593547345
1358791200,-0.3048756135059591
1358812800,-0.30671323522766236
1358834400,-0.3086514744657113
1358856000,-0.31070359007459053
1358877600,-0.3128856448531317
1358899200,-0.3152523418034251
1358920800,-0.3178425593788276
1358942400,-0.3206250787469914
1358964000,-0.3235587549178347
1358985600,-0.32664900934015045
1359007200,-0.3299239270001549
1359028800,-0.33339990370456973
1359050400,-0.3371006998039331
1359072000,-0.34109055469453686
1359093600,-0.34539515621082195
1359115200,-0.3499963723978991
1359136800,-0.3548524066620666
1359158400,-0.35991964937808035
1359180000,-0.3651942404545316
1359201600,-0.37067736290197806
1359223200,-0.376387775963003
1359244800,-0.3823292637053989
1359266400,-0.38848519461311565
1359288000,-0.3948370305647134
1359309600,-0.40133556547934857
1359331200,-0.40783860531197325
1359352800,-0.41419240520204076
1359374400,-0.4202887749600712
1359396000,-0.42605880560697523
1359417600,-0.4315048171664263
1359439200,-0.4366706006704064
1359460800,-0.4415965611930261
1359482400,-0.44627980641622533
1359504000,-0.4506919592192165
1359525600,-0.45480022800595843
1359547200,-0.45859022296348784
1359568800,-0.46205232066154006
1359590400,-0.46518751711259454
1359612000,-0.4680456093092929
1359633600,-0.4707023956096668
1359655200,-0.47322061785213365
1359676800,-0.47564023565659735
1359698400,-0.4779776229114704
1359720000,-0.4802398004154325
1359741600,-0.48241761545414236
1359763200,-0.48448720388297156
1359784800,-0.48644633129519677
1359806400,-0.48833753412285874
1359828000,-0.49020535141729193
1359849600,-0.49207905005584096
1359871200,-0.49395114590990846
1359892800,-0.4957838333945594
1359914400,-0.4975602421908471
1359936000,-0.4992668031449516
1359957600,-0.5008688439935293
1359979200,-0.5023125245673752
1360000800,-0.5035781726160993
1360022400,-0.5046419068157701
1360044000,-0.5054663193233336
1360065600,-0.5060408550179222
1360087200,-0.5063446630812486
1360108800,-0.5063437243816619
1360130400,-0.5060525293682765
1360152000,-0.5055300500201042
1360173600,-0.5048242474522181
1360195200,-0.5040086557695167
1360216800,-0.5032063566571634
1360238400,-0.5025336623821617
1360260000,-0.5020184396300079
1360281600,-0.5016226238259406
1360303200,-0.5013041964477762
1360324800,-0.5010340624634562
1360346400,-0.5007780556868681
1360368000,-0.5004535722072883
1360389600,-0.4999911382739402
1360411200,-0.4993682275689341
1360432800,-0.498573231850148
1360454400,-0.4976069508406916
1360476000,-0.4965092166742719
1360497600,-0.4953319076406973
1360519200,-0.49410021869571735
1360540800,-0.49282727076527855
1360562400,-0.4915103065263499
1360584000,-0.49013852943621494
1360605600,-0.4886935104101537
1360627200,-0.4872221115432477
1360648800,-0.48580851028465305
1360670400,-0.48451404937437
1360692000,-0.4833773930335212
1360713600,-0.4823891748314363
1360735200,-0.4814973954745836
1360756800,-0.4806359507936808
1360778400,-0.4797664877936613
1360800000,-0.4788668654536417
1360821600,-0.47793135010854165
1360843200,-0.4769747060750829
1360864800,-0.47607736365671766
1360886400,-0.47532824885451036
1360908000,-0.4747498711884236
1360929600,-0.47433592783056355
1360951200,-0.47406227775898196
1360972800,-0.473871002426937
1360994400,-0.473711675338093
1361016000,-0.4735764408956277
1361037600,-0.4734809621187977
1361059200,-0.47345408708545783
1361080800,-0.47350371716244705
1361102400,-0.4736136730530312
1361124000,-0.4737662306273189
1361145600,-0.4739373790840156
1361167200,-0.4741183628004252
1361188800,-0.4743388945152935
1361210400,-0.47462995745398906
1361232000,-0.47501146503423153
1361253600,-0.47552628239994515
1361275200,-0.47625768009085806
1361296800,-0.4772820051984056
1361318400,-0.47863377934899726
1361340000,-0.48032387014035244
1361361600,-0.48234899102035117
1361383200,-0.48468845111765635
1361404800,-0.48734005853065
1361426400,-0.4902879849515316
1361448000,-0.49348937601353615
1361469600,-0.49691794979671694
1361491200,-0.500544398525292
1361512800,-0.5043264381528256
1361534400,-0.508240276705372
1361556000,-0.5123203605527598
1361577600,-0.5166059113639445
1361599200,-0.5211079902096475
1361620800,-0.5258361411967272
1361642400,-0.5308063513169984
1361664000,-0.5359749037324025
1361685600,-0.5412646232486373
1361707200,-0.5466297042546209
1361728800,-0.5519938267337486
1361750400,-0.5572336402501933
1361772000,-0.5622258229183037
1361793600,-0.5668981716404828
1361815200,-0.5712184725142957
1361836800,-0.5751761041133306
1361858400,-0.5787967111062529
1361880000,-0.5821673401698765
1361901600,-0.5854045384700798
1361923200,-0.5885723068161919
1361944800,-0.5916872903509406
1361966400,-0.5947573323642302
1361988000,-0.5977867053490739
1362009600,-0.6007753162690765
1362031200,-0.6037221190448154
1362052800,-0.6066265691466894
1362074400,-0.6094894933129936
1362096000,-0.6123170463674908
1362117600,-0.6151122774487405
1362139200,-0.6178672244989993
1362160800,-0.6205407534143608
1362182400,-0.6230887105911661
1362204000,-0.6254989401610541
1362225600,-0.6277710498004707
1362247200,-0.6299191951483287
1362268800,-0.6319946435661423
1362290400,-0.6340432620671125
1362312000,-0.6360750710848666
1362333600,-0.6380955444607631
1362355200,-0.6401073324915378
1362376800,-0.6421122056557235
1362398400,-0.6440984744307248
1362420000,-0.6460487595746127
1362441600,-0.6479567034621059
1362463200,-0.6498196167608679
1362484800,-0.6516371670853314
1362506400,-0.653410478561473
1362528000,-0.6551407815206798
1362549600,-0.6568294590545691
1362571200,-0.6584640365047901
1362592800,-0.6600209096147089
1362614400,-0.6614867449998973
1362636000,-0.6628601750883694
1362657600,-0.6641503132340852
1362679200,-0.6653852789354618
1362700800,-0.6665865619938716
1362722400,-0.6677542663790418
1362744000,-0.6688843625245044
1362765600,-0.6699691220866567
1362787200,-0.6709667126273265
1362808800,-0.6717998412298051
1362830400,-0.6724135798025117
1362852000,-0.672788114680815
1362873600,-0.672915354593662
1362895200,-0.6727897174370793
1362916800,-0.6724059203073894
1362938400,-0.6717512366320588
1362960000,-0.6708706368202804
1362981600,-0.6698418753851224
1363003200,-0.6687085847923682
1363024800,-0.6675422222934816
1363046400,-0.6664577934151283
1363068000,-0.6655393288714012
1363089600,-0.6648107988555988
1363111200,-0.6642819436667268
1363132800,-0.6639562674896761
1363154400,-0.6638176941192885
1363176000,-0.6638177588289851
1363197600,-0.6639565480753816
1363219200,-0.6642832713554803
1363240800,-0.6648181420142908
1363262400,-0.665567404307989
1363284000,-0.6665297366350974
1363305600,-0.6677012170416964
1363327200,-0.669075559513299
1363348800,-0.6706495202218881
1363370400,-0.672413543617265
1363392000,-0.674320969444698
1363413600,-0.676234362214854
1363435200,-0.6780002999889514
1363456800,-0.6795186625255996
1363478400,-0.680724550177541
1363500000,-0.6815985493095192
1363521600,-0.6821381702887209
1363543200,-0.6823536084287607
1363564800,-0.6822819360713799
1363586400,-0.6819624758200106
1363608000,-0.6814102744196726
1363629600,-0.6806299313405102
1363651200,-0.6796284752651663
1363672800,-0.6784287480112555
1363694400,-0.6770894265732083
1363716000,-0.6756830211443179
1363737600,-0.6742496858789692
1363759200,-0.6728016951829416
1363780800,-0.6713434940108156
1363802400,-0.6698756971173152
1363824000,-0.6683978499319818
1363845600,-0.6669109016158047
1363867200,-0.6654157350788857
1363888800,-0.6639097830514524
1363910400,-0.6623745849857597
1363932000,-0.6607882014825892
1363953600,-0.659143705106144
1363975200,-0.6574420925615334
1363996800,-0.6556908782235198
1364018400,-0.653910482986309
1364040000,-0.6521055001905874
1364061600,-0.6502619336893012
1364083200,-0.6483737914352287
1364104800,-0.6464345092473853
1364126400,-0.6444363950433767
1364148000,-0.6423737001264441
1364169600,-0.6402426965879228
1364191200,-0.6380382938114256
1364212800,-0.6357416467100444
1364234400,-0.6333370763128054
1364256000,-0.6308193015987463
1364277600,-0.6281844441577151
1364299200,-0.625441731562453
1364320800,-0.6226208061334103
1364342400,-0.619746754634611
1364364000,-0.6168260507277104
1364385600,-0.6138660427098523
1364407200,-0.6108644634606273
1364428800,-0.607809367740207
1364450400,-0.6046859903643019
1364472000,-0.6014660319431648
1364493600,-0.5980776070147078
1364515200,-0.5944469057681955
1364536800,-0.5905448145905262
1364558400,-0.5863309048928792
1364580000,-0.5817642203892994
1364601600,-0.5768435929870797
1364623200,-0.5715839488244291
1364644800,-0.5660012252326665
1364666400,-0.560139140385567
1364688000,-0.5540865316790268
1364709600,-0.5479965628246832
1364731200,-0.5420194865311359
1364752800,-0.5362550203079193
1364774400,-0.5307676077151454
1364796000,-0.5255744026798002
1364817600,-0.5206757182154041
1364839200,-0.5160568137320674
1364860800,-0.5116729923392341
1364882400,-0.5074639265946167
1364904000,-0.5033849784008263
1364925600,-0.49942901914097937
1364947200,-0.495649078504343
1364968800,-0.4921094021139872
1364990400,-0.4888386023544168
1365012000,-0.48585214217964917
1365033600,-0.4831718537949675
1365055200,-0.4808066200444832
1365076800,-0.47873651884494756
1365098400,-0.476920546778775
1365120000,-0.4753173627411409
1365141600,-0.4739103721885486
1365163200,-0.4726957096075054
1365184800,-0.471669886287503
1365206400,-0.4708290082087956
1365228000,-0.4701410977808015
1365249600,-0.46953885133148265
1365271200,-0.4689678787636057
1365292800,-0.46837050875353775
1365314400,-0.4676817530170778
1365336000,-0.46688588760915495
1365357600,-0.46599932368359515
1365379200,-0.4650435896760016
1365400800,-0.46407238341936935
1365422400,-0.46313744136492985
1365444000,-0.4622734641986473
1365465600,-0.4615142457095266
1365487200,-0.4608797522281047
1365508800,-0.4603904773494403
1365530400,-0.4600507843583547
1365552000,-0.45984344107068115
1365573600,-0.4597664932937687
1365595200,-0.45982175493633665
1365616800,-0.45998562880060245
1365638400,-0.4602412408855287
1365660000,-0.4605921758976714
1365681600,-0.4610369189089309
1365703200,-0.46155633512924593
1365724800,-0.46213625016777043
1365746400,-0.4627679072136276
1365768000,-0.46342987831082016
1365789600,-0.4640998227005672
1365811200,-0.4647411809834187
1365832800,-0.46531639376916023
1365854400,-0.4658366618623768
1365876000,-0.4663377787095431
1365897600,-0.4668241317175031
1365919200,-0.46727855724381623
1365940800,-0.4676902925794701
1365962400,-0.46803762990036113
1365984000,-0.4682987302634098
1366005600,-0.4685112067021184
1366027200,-0.46873213328419105
1366048800,-0.4690012375857719
1366070400,-0.4693380757879152
1366092000,-0.4697341625415173
1366113600,-0.47018555831971587
1366135200,-0.470691827228912
1366156800,-0.4712646958294538
1366178400,-0.47196368623492196
1366200000,-0.47283234572629684
1366221600,-0.4738434806068181
1366243200,-0.4749252303268951
1366264800,-0.4759952326354138
1366286400,-0.4769685501740951
1366308000,-0.47775884795103657
1366329600,-0.4783069103291802
1366351200,-0.4785800182366487
1366372800,-0.4785800307248627
1366394400,-0.47835214369453566
1366416000,-0.47795274839942253
1366437600,-0.4774192415358035
1366459200,-0.4767752668139106
1366480800,-0.476041654432929
1366502400,-0.4752415479133519
1366524000,-0.4744136416168724
1366545600,-0.4735820771195863
1366567200,-0.4727313111686804
1366588800,-0.4718856332905775
1366610400,-0.47110134477077087
1366632000,-0.4704225296379662
1366653600,-0.46987275538989054
1366675200,-0.46943704608285963
1366696800,-0.4690632081472162
1366718400,-0.46870173587233105
1366740000,-0.46831702086278976
1366761600,-0.4678685272774501
1366783200,-0.4673265697924204
1366804800,-0.4666564966191623
1366826400,-0.4658640059878412
1366848000,-0.4649948871955205
1366869600,-0.46405860666816234
1366891200,-0.463039928956582
1366912800,-0.46192328410222844
1366934400,-0.4606749314041855
1366956000,-0.4592906340246704
1366977600,-0.4577949041512228
1366999200,-0.4562118025190956
1367020800,-0.4545627443537677
1367042400,-0.4528651061485865
1367064000,-0.4511492810584736
1367085600,-0.4494397316987622
1367107200,-0.44777443951869367
1367128800,-0.4462029414240132
1367150400,-0.4447409352635744
1367172000,-0.44334824161991654
1367193600,-0.44198247930389
1367215200,-0.44064363833117276
1367236800,-0.43935398687607585
1367258400,-0.4381327179881072
1367280000,-0.4370080162172707
1367301600,-0.4360110179414372
1367323200,-0.43515876986937524
1367344800,-0.434469702923125
1367366400,-0.4339632716500348
1367388000,-0.4336443042403859
1367409600,-0.43349815848653994
1367431200,-0.43351941852189607
1367452800,-0.4337039743375222
1367474400,-0.4340148941670484
1367496000,-0.43443633184334657
1367517600,-0.43498167611557054
1367539200,-0.435604879598304
1367560800,-0.43622587227161863
1367582400,-0.4367659657626369
1367604000,-0.4371796272766965
1367625600,-0.4375032843313694
1367647200,-0.4378108976448567
1367668800,-0.43817484389151884
1367690400,-0.43862570887851593
1367712000,-0.439117168879952
1367733600,-0.4395810403725354
1367755200,-0.439976968243371
1367776800,-0.44028437243296514
1367798400,-0.4404990243868781
1367820000,-0.4406317328229069
1367841600,-0.4407280330154635
1367863200,-0.44084870623001354
1367884800,-0.44099753768359723
1367906400,-0.44110640821610075
1367928000,-0.4410852966308723
1367949600,-0.44089390323585603
1367971200,-0.44053424096136573
1367992800,-0.4399933138381335
1368014400,-0.43924492053590813
1368036000,-0.4382836715530957
1368057600,-0.4371250901278342
1368079200,-0.4358118630797644
1368100800,-0.4344255799222623
1368122400,-0.43304035253443063
1368144000,-0.43172109300817824
1368165600,-0.43049409791360227
1368187200,-0.4293509219263555
1368208800,-0.42830452098469673
1368230400,-0.427385341730044
1368252000,-0.42659015855697446
1368273600,-0.4258904278702172
1368295200,-0.425283483692385
1368316800,-0.4247845262545863
1368338400,-0.42443860205560174
1368360000,-0.42427069300215625
1368381600,-0.4242848672002445
1368403200,-0.4244869417157116
1368424800,-0.4248664704090803
1368446400,-0.4254469053045221
1368468000,-0.42628224700742834
1368489600,-0.42737060926029535
1368511200,-0.42867451656697925
1368532800,-0.43015777028878355
1368554400,-0.43177827099898547
1368576000,-0.43347717826825855
1368597600,-0.4351670379583024
1368619200,-0.43677728639058117
1368640800,-0.43824770698435567
1368662400,-0.4395061622247901
1368684000,-0.4405290856484321
1368705600,-0.4413598524027568
1368727200,-0.4420366697507789
1368748800,-0.4425666143660479
1368770400,-0.44295619371445094
1368792000,-0.44323498615827245
1368813600,-0.44343104156700786
1368835200,-0.4435614672525238
1368856800,-0.44366212987877707
1368878400,-0.4437950740950787
1368900000,-0.4439937128359532
1368921600,-0.4442065003998776
1368943200,-0.4443301736624359
1368964800,-0.4442624285147173
1368986400,-0.44395234080641777
1369008000,-0.44342485448345403
1369029600,-0.4427229511417913
1369051200,-0.44187061056969146
1369072800,-0.44089743361317435
1369094400,-0.43987442597939785
1369116000,-0.43887777824426416
1369137600,-0.43794029213595004
1369159200,-0.43707455577551374
1369180800,-0.4362869100473798
1369202400,-0.4355838668657156
1369224000,-0.4349716824474691
1369245600,-0.43443607970082343
1369267200,-0.4339498699362413
1369288800,-0.43351010035026666
1369310400,-0.4331367329198808
1369332000,-0.43284284080031055
1369353600,-0.43263347842443967
1369375200,-0.4324989720339557
1369396800,-0.43242937631808454
1369418400,-0.4324384939785956
1369440000,-0.43254615079592446
1369461600,-0.4327850608773659
1369483200,-0.43317961818240275
1369504800,-0.4337132295342728
1369526400,-0.4343739139907141
1369548000,-0.43517172358602
1369569600,-0.4361095041746827
1369591200,-0.4371852145812331
1369612800,-0.4383768777780089
1369634400,-0.4396129898662263
1369656000,-0.4408025981740335
1369677600,-0.44184703838251926
1369699200,-0.4426809572936833
1369720800,-0.443293267103596
1369742400,-0.4436622461855397
1369764000,-0.443779454872714
1369785600,-0.443695161800359
1369807200,-0.44347073252794755
1369828800,-0.44315713928094586
1369850400,-0.4428006565516998
1369872000,-0.4424204891288959
1369893600,-0.44203500147577923
1369915200,-0.44165008764637265
1369936800,-0.4412394365564894
1369958400,-0.44079391865540485
1369980000,-0.44025633670399894
1370001600,-0.4395144866384827
1370023200,-0.4385158180398883
1370044800,-0.4372479928881083
1370066400,-0.4356849799139379
1370088000,-0.433790723049787
1370109600,-0.43156566209350744
1370131200,-0.42909021784840023
1370152800,-0.426451408452471
1370174400,-0.4236983599749556
1370196000,-0.4209253978724082
1370217600,-0.418236065625398
1370239200,-0.41570896311185623
1370260800,-0.413398940235641
1370282400,-0.4113179679331187
1370304000,-0.4094637961356088
1370325600,-0.40781226987010444
1370347200,-0.40633639665971133
1370368800,-0.40501352252623046
1370390400,-0.40378240081416816
1370412000,-0.4025681499352813
1370433600,-0.4013151203363956
1370455200,-0.4000029015027174
1370476800,-0.39868727745256394
1370498400,-0.3974749299892961
1370520000,-0.3964599278497479
1370541600,-0.3956988112428397
1370563200,-0.39522133077276467
1370584800,-0.3950434994239332
1370606400,-0.3951556729608626
1370628000,-0.39550567145793414
1370649600,-0.39604589068725954
1370671200,-0.3967545819385296
1370692800,-0.39759401622640284
1370714400,-0.3984891685034917
1370736000,-0.39934487683044845
1370757600,-0.40010363805183896
1370779200,-0.4007318709013802
1370800800,-0.4012187452672924
1370822400,-0.40157209453959314
1370844000,-0.4017876953890985
1370865600,-0.4018751137343663
1370887200,-0.4018745926307968
1370908800,-0.40181738073006834
1370930400,-0.401698800938274
1370952000,-0.401529160176722
1370973600,-0.4013357689582468
1370995200,-0.40111922542854156
1371016800,-0.4008351616253353
1371038400,-0.40045726841927876
1371060000,-0.39999154532643805
1371081600,-0.39941597680884
1371103200,-0.3986915055779196
1371124800,-0.3977623304149615
1371146400,-0.3965625834288623
1371168000,-0.3950575890996459
1371189600,-0.3932281112953316
1371211200,-0.39108070465153805
1371232800,-0.38869777232028074
1371254400,-0.3861978631901636
1371276000,-0.3837367323840778
1371297600,-0.38146752500206055
1371319200,-0.37945046798035736
1371340800,-0.3776943189082179
1371362400,-0.37619727357055704
1371384000,-0.3749383946262925
1371405600,-0.37388694504078984
1371427200,-0.37299931296992117
1371448800,-0.37223250544087727
1371470400,-0.3715683946100988
1371492000,-0.370926292329157
1371513600,-0.37023506392245253
1371535200,-0.36949735587237637
1371556800,-0.36871783287404775
1371578400,-0.3679204768194879
1371600000,-0.36716830658201605
1371621600,-0.36655094203869887
1371643200,-0.36611175980965466
1371664800,-0.3658219918645213
1371686400,-0.3656385807424808
1371708000,-0.3655494461579645
1371729600,-0.3655339566443059
1371751200,-0.365550994713018
1371772800,-0.3655522463651438
1371794400,-0.36548587560190804
1371816000,-0.3653083853783214
1371837600,-0.36498925160929147
1371859200,-0.36451611883817564
1371880800,-0.3638870773710188
1371902400,-0.36309270973972496
1371924000,-0.3621275811565061
1371945600,-0.3610018030059695
1371967200,-0.3597424488813897
1371988800,-0.3583846615227348
1372010400,-0.35696886306083864
1372032000,-0.35551546975240533
1372053600,-0.3540006011518438
1372075200,-0.3524242304435124
1372096800,-0.3508083232111237
1372118400,-0.3491565905421611
1372140000,-0.3474717689064226
1372161600,-0.3457589340010749
1372183200,-0.34398733110544294
1372204800,-0.34213256978478557
1372226400,-0.3402248117200197
1372248000,-0.33830395826446436
1372269600,-0.33641774225866306
1372291200,-0.3346240082967852
1372312800,-0.3330106102278081
1372334400,-0.3316568300498626
1372356000,-0.3305864246150049
1372377600,-0.32979560149833126
1372399200,-0.3292469252718183
1372420800,-0.32888068118516245
1372442400,-0.3286821531265477
1372464000,-0.3286861487906006
1372485600,-0.32894569631434945
1372507200,-0.32952189018602546
1372528800,-0.3304280401922567
1372550400,-0.3316571517659258
1372572000,-0.3331945999998662
1372593600,-0.3349990461301173
1372615200,-0.33705810078628695
1372636800,-0.3393939042541
1372658400,-0.3420472999127561
1372680000,-0.34508049320012535
1372701600,-0.3485354628815266
1372723200,-0.35241566141970404
1372744800,-0.3567007816537289
1372766400,-0.36131688690517
1372788000,-0.3661816069736405
1372809600,-0.37120281282782536
1372831200,-0.37627178277192325
1372852800,-0.3813126929909458
1372874400,-0.3862647109320774
1372896000,-0.391051488551354
1372917600,-0.3956132108585238
1372939200,-0.3999707736787316
1372960800,-0.40417897346029746
1372982400,-0.4082738786928667
1373004000,-0.4122830282370733
1373025600,-0.4162954250640262
1373047200,-0.4204054375067819
1373068800,-0.4246091062342952
1373090400,-0.4288577242957152
1373112000,-0.43307593229008773
1373133600,-0.4371422645443042
1373155200,-0.44095355786406415
1373176800,-0.44446692297278945
1373198400,-0.4476953788269713
1373220000,-0.4506882819432668
1373241600,-0.4534731410403008
1373263200,-0.45606099605196365
1373284800,-0.4584694967599482
1373306400,-0.4607042710857615
1373328000,-0.46278994679977503
1373349600,-0.4648015727900478
1373371200,-0.4667988897622527
1373392800,-0.46879308555949484
1373414400,-0.47078581572748546
1373436000,-0.4727978841439836
1373457600,-0.47485083227155284
1373479200,-0.4769191661505441
1373500800,-0.47896064104336483
1373522400,-0.48094390334052606
1373544000,-0.4828235992502111
1373565600,-0.48457652662605977
1373587200,-0.48621855282074533
1373608800,-0.4877618105317947
1373630400,-0.4891939429866231
1373652000,-0.49049536485003375
1373673600,-0.4916725353396801
1373695200,-0.49275917237904626
1373716800,-0.4938215990055958
1373738400,-0.4949067976205242
1373760000,-0.4960071791043297
1373781600,-0.49707748234263277
1373803200,-0.49803944717357107
1373824800,-0.49881016738176015
1373846400,-0.4992912644549122
1373868000,-0.49938724620882596
1373889600,-0.4990484859532178
1373911200,-0.4982738276629152
1373932800,-0.4970943239568246
1373954400,-0.49552710403828587
1373976000,-0.49356574402500025
1373997600,-0.4912232525039112
1374019200,-0.4884965135433908
1374040800,-0.48537821018232036
1374062400,-0.48193124630352635
1374084000,-0.4782413598451241
1374105600,-0.4743937407504833
1374127200,-0.4704707077909924
1374148800,-0.46653836172630675
1374170400,-0.4626481926562109
1374192000,-0.45882589778509986
1374213600,-0.45505825355553997
1374235200,-0.45129644044960465
1374256800,-0.44751505989234175
1374278400,-0.44371641990872107
1374300000,-0.4398918621440442
1374321600,-0.43598475185636193
1374343200,-0.43193916725879533
1374364800,-0.4277627757136217
1374386400,-0.4235148305079605
1374408000,-0.41930513263254887
1374429600,-0.4152950405267188
1374451200,-0.41161026333370393
1374472800,-0.40826774649385417
1374494400,-0.40526231609696517
1374516000,-0.40260106645744337
1374537600,-0.4002789540940946
1374559200,-0.3982585968020366
1374580800,-0.3964893524230233
1374602400,-0.39494963944041805
1374624000,-0.39363224965927457
1374645600,-0.3925251340946924
1374667200,-0.39165155065979923
1374688800,-0.39105607305863194
1374710400,-0.3907547327801033
1374732000,-0.3907325936429181
1374753600,-0.3909759347942797
1374775200,-0.3915097083497578
1374796800,-0.39234029031332013
1374818400,-0.3934386715316486
1374840000,-0.39478601141469616
1374861600,-0.3963578208966107
1374883200,-0.398085424773261
1374904800,-0.3998847991560105
1374926400,-0.40170449097563493
1374948000,-0.4035227026135161
1374969600,-0.40532912135468274
1374991200,-0.40713920682634325
1375012800,-0.4090059471827184
1375034400,-0.4109804447721049
1375056000,-0.4130951959301237
1375077600,-0.4153915358472218
1375099200,-0.4178969423222464
1375120800,-0.4206016229434743
1375142400,-0.42348239660877857
1375164000,-0.4265108545918072
1375185600,-0.42965761755818527
1375207200,-0.4328468078331057
1375228800,-0.43595860680150067
1375250400,-0.4389038504611956
1375272000,-0.4416235529935592
1375293600,-0.44406314915045664
1375315200,-0.44622280766987027
1375336800,-0.4481407714814997
1375358400,-0.449844396632299
1375380000,-0.4514151100439341
1375401600,-0.4529710188398273
1375423200,-0.4546087387642
1375444800,-0.4563708150849434
1375466400,-0.45824803138394166
1375488000,-0.460236005665613
1375509600,-0.46233173160730745
1375531200,-0.4644949929017075
1375552800,-0.46667882931338256
1375574400,-0.46885327417525813
1375596000,-0.4709602969302793
1375617600,-0.47296610381109006
1375639200,-0.4748632199842902
1375660800,-0.4766395102608597
1375682400,-0.47827713951177214
1375704000,-0.4797425485073797
1375725600,-0.4810359682504765
1375747200,-0.4821920708513586
1375768800,-0.48326251799882436
1375790400,-0.48427580118530156
1375812000,-0.4852344643631033
1375833600,-0.4861440588281026
1375855200,-0.48702717727269146
1375876800,-0.48790286948273554
1375898400,-0.4887531100587561
1375920000,-0.4895337405713226
1375941600,-0.490190769705514
1375963200,-0.4906202962411724
1375984800,-0.49071166213096956
1376006400,-0.49041820062618074
1376028000,-0.48971838865655454
1376049600,-0.4885850369601472
1376071200,-0.48700943064689084
1376092800,-0.48502516719832767
1376114400,-0.48267010216672124
1376136000,-0.47999870687073337
1376157600,-0.47707623838183294
1376179200,-0.4739501269177069
1376200800,-0.4706462614353041
1376222400,-0.4671710636790226
1376244000,-0.4635321614944598
1376265600,-0.45974664064715315
1376287200,-0.45580317715766694
1376308800,-0.4516426863660431
1376330400,-0.4472095575245803
1376352000,-0.4424786652444537
1376373600,-0.43742647791321077
1376395200,-0.43205004527977653
1376416800,-0.42641188690440757
1376438400,-0.4206214127996221
1376460000,-0.4148100830527476
1376481600,-0.40907259423815767
1376503200,-0.4034894653141727
1376524800,-0.3981636530704605
1376546400,-0.3931646142116376
1376568000,-0.3885210480268326
1376589600,-0.3842396172349555
1376611200,-0.38029388421911986
1376632800,-0.3766496840291308
1376654400,-0.3732839380514109
1376676000,-0.3701168545384723
1376697600,-0.367040745230873
1376719200,-0.3639857282478026
1376740800,-0.36096383857760084
1376762400,-0.35804551872336743
1376784000,-0.35527564150665253
1376805600,-0.3526575939157172
1376827200,-0.35020503526355107
1376848800,-0.3479562679317405
1376870400,-0.3459446368775264
1376892000,-0.3442463893733187
1376913600,-0.34288825267688655
1376935200,-0.34180818685140835
1376956800,-0.3409355285939398
1376978400,-0.3402256150888098
1377000000,-0.3396670817319565
1377021600,-0.3392149958372772
1377043200,-0.33881524952540815
1377064800,-0.338450806546444
1377086400,-0.3381219069527558
1377108000,-0.33784262286906175
1377129600,-0.33764825092402323
1377151200,-0.33755040100597833
1377172800,-0.3375426961851636
1377194400,-0.3376195200034656
1377216000,-0.33777170699907577
1377237600,-0.3379748674797702
1377259200,-0.33819947057983296
1377280800,-0.33845284868753145
1377302400,-0.3387492909647643
1377324000,-0.33909399515919975
1377345600,-0.33949594477466993
1377367200,-0.3399799116293363
1377388800,-0.3405674139737515
1377410400,-0.3412770581531266
1377432000,-0.3421193925161524
1377453600,-0.34308738429587604
1377475200,-0.3441672171437481
1377496800,-0.3453605613993492
1377518400,-0.34668634945073906
1377540000,-0.34815233469632356
1377561600,-0.3497635111052338
1377583200,-0.35155160332096624
1377604800,-0.353544435881111
1377626400,-0.3557610098016195
1377648000,-0.3582569689337908
1377669600,-0.3610744726847714
1377691200,-0.36420999064105164
1377712800,-0.36766035540139064
1377734400,-0.3714113431037391
1377756000,-0.3754170721010779
1377777600,-0.379646858502253
1377799200,-0.38407137360207394
1377820800,-0.3886405720772737
1377842400,-0.39331996464918195
1377864000,-0.3980958781894745
1377885600,-0.40293551050778403
1377907200,-0.40781498053082105
1377928800,-0.41272256102421095
1377950400,-0.41761140751176906
1377972000,-0.4224274435187887
1377993600,-0.42710784595537454
1378015200,-0.4316238622588866
1378036800,-0.4359498107505966
1378058400,-0.44000971520986004
1378080000,-0.4437583381276661
1378101600,-0.4472139511681105
1378123200,-0.45040619353533073
1378144800,-0.45334071539920734
1378166400,-0.45601060591839104
1378188000,-0.45838156950919146
1378209600,-0.46043726185898143
1378231200,-0.46219784037768136
1378252800,-0.4636941866750329
1378274400,-0.46493580716186256
1378296000,-0.4659059645571067
1378317600,-0.4665952194160914
1378339200,-0.4670292059170684
1378360800,-0.4672470912788765
1378382400,-0.4672586414032358
1378404000,-0.4670579533160665
1378425600,-0.46662538005944254
1378447200,-0.46598433794843336
1378468800,-0.46518786945625795
1378490400,-0.4642658389546211
1378512000,-0.4632334590307855
1378533600,-0.4621248498865366
1378555200,-0.46101398299910606
1378576800,-0.45995241814538457
1378598400,-0.45895559023875865
1378620000,-0.45802320329829854
1378641600,-0.4571362109823387
1378663200,-0.4562703878683235
1378684800,-0.45541324912429904
1378706400,-0.45456163105922914
1378728000,-0.4537191755610501
1378749600,-0.4528919546775955
1378771200,-0.45209589876218026
1378792800,-0.4513221767952344
1378814400,-0.4505357796510378
1378836000,-0.44972572132972116
1378857600,-0.44889481037830287
1378879200,-0.4480434367191731
1378900800,-0.4471842396595788
1378922400,-0.44632876122034437
1378944000,-0.4454319035838125
1378965600,-0.4444451940549359
1378987200,-0.4433533334494794
1379008800,-0.44212443440141247
1379030400,-0.44073062298997995
1379052000,-0.43918632427743587
1379073600,-0.4375188191148278
1379095200,-0.4357336156742068
1379116800,-0.4338263723039718
1379138400,-0.4318084713031148
1379160000,-0.42969073786489737
1379181600,-0.4274788504044787
1379203200,-0.4251909671634798
1379224800,-0.42285278006180543
1379246400,-0.4205020635786248
1379268000,-0.41816818057312716
1379289600,-0.4158609997863709
1379311200,-0.4135354791657823
1379332800,-0.4111326836945729
1379354400,-0.4086519841423515
1379376000,-0.4060988762101971
1379397600,-0.40344543247509657
1379419200,-0.40069304565907726
1379440800,-0.39787349077269946
1379462400,-0.39499600011826413
1379484000,-0.3920666718164465
1379505600,-0.3891063148935449
1379527200,-0.3861359244808486
1379548800,-0.38314460777729586
1379570400,-0.3801551211528097
1379592000,-0.37721936294566855
1379613600,-0.3743652955395978
1379635200,-0.3716003064838558
1379656800,-0.3689255282537153
1379678400,-0.3663723767085328
1379700000,-0.3639718500273957
1379721600,-0.3617280613310511
1379743200,-0.3596301230834302
1379764800,-0.3576880280065373
1379786400,-0.3559283162158068
1379808000,-0.3543817312681039
1379829600,-0.35308493489497483
1379851200,-0.35206571375036994
1379872800,-0.3513357236148067
1379894400,-0.35085403762187856
1379916000,-0.35056693098191866
1379937600,-0.35044676748666903
1379959200,-0.3504276942220435
1379980800,-0.35041098252741437
1380002400,-0.3503488623717874
1380024000,-0.3502485813703345
1380045600,-0.3501283520897037
1380067200,-0.3500042640288625
1380088800,-0.3499044786031863
1380110400,-0.3498589372495944
1380132000,-0.34987707253872496
1380153600,-0.34996976603882546
1380175200,-0.35014654525036776
1380196800,-0.3503838182332948
1380218400,-0.35065028367348633
1380240000,-0.3509315100711716
1380261600,-0.3512146473802321
1380283200,-0.35148072785459206
1380304800,-0.3517225636388308
1380326400,-0.35192966704410433
1380348000,-0.3520300857364494
1380369600,-0.35193710912377446
1380391200,-0.3516233755450931
1380412800,-0.3510918450623314
1380434400,-0.3503213406520847
1380456000,-0.3492911916381729
1380477600,-0.3480310828085444
1380499200,-0.346578457026073
1380520800,-0.3449657923676393
1380542400,-0.343254411590913
1380564000,-0.34151384741375596
1380585600,-0.33978924487721684
1380607200,-0.3381119353367976
1380628800,-0.3365120905081445
1380650400,-0.3350041570879976
1380672000,-0.33358425341634956
1380693600,-0.3322703908050881
1380715200,-0.33106207748808986
1380736800,-0.3299211791674727
1380758400,-0.3288301523487267
1380780000,-0.32778834245623434
1380801600,-0.3268285649382312
1380823200,-0.3260261517475128
1380844800,-0.32547946407456896
1380866400,-0.3252283051383942
1380888000,-0.32525701487354447
1380909600,-0.3255588857095735
1380931200,-0.3261383815301975
1380952800,-0.3269978206468096
1380974400,-0.32810658875354093
1380996000,-0.32943222642681835
1381017600,-0.3309632328159733
1381039200,-0.33266802965350006
1381060800,-0.33450091616137506
1381082400,-0.33642463699224767
1381104000,-0.3383690491147054
1381125600,-0.34025651501837645
1381147200,-0.34203268478239773
1381168800,-0.3436475027311059
1381190400,-0.3450960298229447
1381212000,-0.3463820674663737
1381233600,-0.3475000763408069
1381255200,-0.34850124894655127
1381276800,-0.34947303081853476
1381298400,-0.35046633753305
1381320000,-0.3514788131556042
1381341600,-0.35249252648628177
1381363200,-0.35349268311320986
1381384800,-0.3544721600664616
1381406400,-0.3554336261367785
1381428000,-0.3564176367558155
1381449600,-0.3574621248207373
1381471200,-0.3585676288420901
1381492800,-0.3597431917580029
1381514400,-0.3609935714805801
1381536000,-0.3622942232688153
1381557600,-0.363606994150608
1381579200,-0.36492349966579946
1381600800,-0.3662371505319002
1381622400,-0.36753446301420944
1381644000,-0.3688476649693025
1381665600,-0.3702206301795662
1381687200,-0.3716650446766363
1381708800,-0.37317932871325965
1381730400,-0.3747919335893617
1381752000,-0.37653774637296666
1381773600,-0.37842506719257585
1381795200,-0.38045240324077556
1381816800,-0.38261480279481513
1381838400,-0.38488354864469576
1381860000,-0.3872501623055943
1381881600,-0.3897718926244997
1381903200,-0.39251129714771166
1381924800,-0.3954820035639358
1381946400,-0.39866623271252843
1381968000,-0.4020407872950557
1381989600,-0.4055889562306904
1382011200,-0.409306025275399
1382032800,-0.4131878444470387
1382054400,-0.41722368611038396
1382076000,-0.4213780330658029
1382097600,-0.42559378071382264
1382119200,-0.42982113164718777
1382140800,-0.43401791914562426
1382162400,-0.43815533401956924
1382184000,-0.4422233578716043
1382205600,-0.4462171496486701
1382227200,-0.4501031962536735
1382248800,-0.45383705761611576
1382270400,-0.457402336561711
1382292000,-0.4607899119312396
1382313600,-0.4639908861084611
1382335200,-0.4669929116109588
1382356800,-0.4697628953621059
1382378400,-0.4722735193853853
1382400000,-0.47455139630985294
1382421600,-0.4766368704481588
1382443200,-0.4785529241403603
1382464800,-0.48033029339628364
1382486400,-0.4819925155337237
1382508000,-0.4835377478453192
1382529600,-0.4849555866695065
1382551200,-0.48623883743625185
1382572800,-0.48738120394908135
1382594400,-0.48837937243930507
1382616000,-0.489233147705915
1382637600,-0.4899456486699136
1382659200,-0.4905263345769616
1382680800,-0.49098208034274005
1382702400,-0.4913098189582379
1382724000,-0.49147510218024404
1382745600,-0.4914473068141799
1382767200,-0.4912582058067294
1382788800,-0.4909538322887441
1382810400,-0.4905766910265107
1382832000,-0.49017531480601706
1382853600,-0.4897883324655766
1382875200,-0.4894370955864294
1382896800,-0.489126025645914
1382918400,-0.4888365420400171
1382940000,-0.48853475253196177
1382961600,-0.488199187995132
1382983200,-0.4878295394324669
1383004800,-0.48744852690003554
1383026400,-0.48710076645908623
1383048000,-0.48682213574481664
1383069600,-0.4866219935539246
1383091200,-0.4865008178453568
1383112800,-0.48643567047280584
1383134400,-0.4863923337184081
1383156000,-0.4863260273528993
1383177600,-0.48616310761065
1383199200,-0.4858394669915152
1383220800,-0.4853330786001493
1383242400,-0.4846531632269553
1383264000,-0.4838227317035163
1383285600,-0.4828585592623356
1383307200,-0.48176770012084585
1383328800,-0.4805633013797251
1383350400,-0.4792590083663487
1383372000,-0.4778828603811355
1383393600,-0.47644436010490293
1383415200,-0.4749115740026781
1383436800,-0.47324912800139335
1383458400,-0.47140756790749455
1383480000,-0.4693467311251486
1383501600,-0.4670684521898992
1383523200,-0.4645781698705159
1383544800,-0.46186857724871677
1383566400,-0.45893792512600323
1383588000,-0.4557903090283559
1383609600,-0.45243315486434166
1383631200,-0.44888736862906764
1383652800,-0.4452081947317594
1383674400,-0.44146592956535025
1383696000,-0.43770293530042914
1383717600,-0.43393387860290816
1383739200,-0.4301653263108019
1383760800,-0.42640451918253264
1383782400,-0.4226690460493609
1383804000,-0.4190103437065236
1383825600,-0.41548190744093627
1383847200,-0.41210603054404943
1383868800,-0.40889560342804093
1383890400,-0.405857303142374
1383912000,-0.4029940113000354
1383933600,-0.4003058118729309
1383955200,-0.3977870229677608
1383976800,-0.39543206795336255
1383998400,-0.3932405745351382
1384020000,-0.39122155500734673
1384041600,-0.3894072727248693
1384063200,-0.38780039916166753
1384084800,-0.3863675433170174
1384106400,-0.385077353682993
1384128000,-0.38390757473522846
1384149600,-0.38285798136852095
1384171200,-0.3819330788395492
1384192800,-0.3811342032044182
1384214400,-0.38048184244450695
1384236000,-0.38001300439320806
1384257600,-0.37974943023089663
1384279200,-0.3796853419081539
1384300800,-0.37976044121838004
1384322400,-0.3798717594552978
1384344000,-0.3799316329947254
1384365600,-0.37990243138010177
1384387200,-0.3797802790128526
1384408800,-0.37957025374652964
1384430400,-0.3792807355113307
1384452000,-0.37893996467102614
1384473600,-0.37859167418524114
1384495200,-0.3782689797421563
1384516800,-0.37798717038550084
1384538400,-0.3777352711707306
1384560000,-0.37746639977987717
1384581600,-0.3771406610258221
1384603200,-0.37675421656680347
1384624800,-0.3763167009986489
1384646400,-0.3758186868449967
1384668000,-0.3752122434149817
1384689600,-0.37447844292553406
1384711200,-0.373648848219048
1384732800,-0.37276074690971117
1384754400,-0.3718603077717283
1384776000,-0.37098223526475843
1384797600,-0.3701222072529537
1384819200,-0.36927354157261866
1384840800,-0.3684385761300167
1384862400,-0.3676038406187192
1384884000,-0.3667737416662908
1384905600,-0.36600086548968275
1384927200,-0.3653515028390857
1384948800,-0.36486689445999415
1384970400,-0.3645625419272056
1384992000,-0.36448782325598994
1385013600,-0.36469384863970344
1385035200,-0.3651738531959613
1385056800,-0.36591451180913104
1385078400,-0.3669138458014511
1385100000,-0.36816774082024817
1385121600,-0.3696687851531363
1385143200,-0.3714064070086085
1385164800,-0.3733578838992063
1385186400,-0.37546768140940884
1385208000,-0.3776641844706327
1385229600,-0.37988232518290266
1385251200,-0.38207841517140273
1385272800,-0.38423486624113734
1385294400,-0.3863422817065221
1385316000,-0.3883964852768831
1385337600,-0.39038107597957356
1385359200,-0.3922670781553784
1385380800,-0.3940338966151766
1385402400,-0.3956702082847997
1385424000,-0.3971716117634848
1385445600,-0.39853725669214063
1385467200,-0.3997696203499186
1385488800,-0.40087701884079313
1385510400,-0.4018705709076467
1385532000,-0.4027586313655859
1385553600,-0.4035466588805507
1385575200,-0.404246106364924
1385596800,-0.4048662204958046
1385618400,-0.40541350388011776
1385640000,-0.40591500641622513
1385661600,-0.4063943408149611
1385683200,-0.4068517765826181
1385704800,-0.4072854784355352
1385726400,-0.40768061163132296
1385748000,-0.40795894580039055
1385769600,-0.40802687102215257
1385791200,-0.4078358375559483
1385812800,-0.40736620614019736
1385834400,-0.406625081387075
1385856000,-0.40565397861998165
1385877600,-0.40448651677444564
1385899200,-0.40310560100304593
1385920800,-0.40148082186667894
1385942400,-0.3996260570114784
1385964000,-0.39764824629561374
1385985600,-0.3957030504544128
1386007200,-0.39389158928273305
1386028800,-0.3922495104866385
1386050400,-0.39079256384491395
1386072000,-0.3895302282089181
1386093600,-0.3884659402025643
1386115200,-0.38760008851378114
1386136800,-0.3869338417695101
1386158400,-0.3864705958350592
1386180000,-0.3862190277494782
1386201600,-0.38618221327073016
1386223200,-0.386325227760401
1386244800,-0.38657412016466886
1386266400,-0.38685572769997933
1386288000,-0.38708754579622906
1386309600,-0.38720953733408214
1386331200,-0.38722667890153356
1386352800,-0.3871543439374529
1386374400,-0.38699993825605983
1386396000,-0.38678123735083536
1386417600,-0.3865043859124242
1386439200,-0.38613434401678903
1386460800,-0.38563968497708206
1386482400,-0.38503286543583237
1386504000,-0.3843462525511671
1386525600,-0.38360634478942385
1386547200,-0.382832438973707
1386568800,-0.38204084929977766
1386590400,-0.3812416046280355
1386612000,-0.38043017077321933
1386633600,-0.37957603029442455
1386655200,-0.3786538994129332
1386676800,-0.37765295879189986
1386698400,-0.3765366139735615
1386720000,-0.3752552108436267
1386741600,-0.37375122822215107
1386763200,-0.3719965147737144
1386784800,-0.37000613114251274
1386806400,-0.36778933394902485
1386828000,-0.36536262780205214
1386849600,-0.36273371077892574
1386871200,-0.3598804991286641
1386892800,-0.35681939633599036
1386914400,-0.35360039833986157
1386936000,-0.35025717828350855
1386957600,-0.3468411236032535
1386979200,-0.3434045404183772
1387000800,-0.339983830314716
1387022400,-0.33660796599894677
1387044000,-0.33331289987411833
1387065600,-0.3301056292800681
1387087200,-0.3269661296481548
1387108800,-0.323902288152879
1387130400,-0.3209717363288346
1387152000,-0.31825035092803117
1387173600,-0.31581452137193183
1387195200,-0.3137457791188374
1387216800,-0.3120796621680182
1387238400,-0.3108128086745206
1387260000,-0.3099040556743172
1387281600,-0.3092979359047948
1387303200,-0.3089645448288466
1387324800,-0.3088956383287337
1387346400,-0.30908768534184355
1387368000,-0.3095372642122604
1387389600,-0.31024584644965547
1387411200,-0.3112252995403643
1387432800,-0.31250119290030054
1387454400,-0.31409778790463583
1387476000,-0.3159969793324724
1387497600,-0.31808638189638433
1387519200,-0.32020404009366793
1387540800,-0.32222746123199325
1387562400,-0.32409466715694324
1387584000,-0.32578390806038343
1387605600,-0.32729544171695374
1387627200,-0.32865952184617964
1387648800,-0.3299030034583571
1387670400,-0.33102395711200633
1387692000,-0.3320098552378648
1387713600,-0.33286875191881754
1387735200,-0.3336440368623406
1387756800,-0.3343741762514169
1387778400,-0.335080330358209
1387800000,-0.33574419769608527
1387821600,-0.3362858447367267
1387843200,-0.3366251907868647
1387864800,-0.3367251560615982
1387886400,-0.33657007235524655
1387908000,-0.3361490846346852
1387929600,-0.33546024453739676
1387951200,-0.3345170343180497
1387972800,-0.3333674068552407
1387994400,-0.33208894414135637
1388016000,-0.330757544637363
1388037600,-0.3294822007912196
1388059200,-0.32834400493808014
1388080800,-0.32737180848554426
1388102400,-0.3265852189020185
1388124000,-0.32596888607450397
1388145600,-0.32551645390367945
1388167200,-0.32525150315612406
1388188800,-0.32516561790149506
1388210400,-0.3252307577062817
1388232000,-0.3254597963263368
1388253600,-0.32585629521176773
1388275200,-0.326438428832455
1388296800,-0.32725413989055346
1388318400,-0.32832756807524277
1388340000,-0.3296809202395411
1388361600,-0.33134394649691257
1388383200,-0.3333253489795802
1388404800,-0.3356050133374249
1388426400,-0.33812299298435444
1388448000,-0.34080677428174966
1388469600,-0.34357422135489823
1388491200,-0.3463200140935651
1388512800,-0.34898166284281273
1388534400,-0.35152846456720255
1388556000,-0.35393554123773374
1388577600,-0.35614603747884105
1388599200,-0.3581086765992764
1388620800,-0.359817407909518
1388642400,-0.3612637336660694
1388664000,-0.36243459674388245
1388685600,-0.36331923638624025
1388707200,-0.36389675059520893
1388728800,-0.3641306452153164
1388750400,-0.3640087225492309
1388772000,-0.36354150189049045
1388793600,-0.3627834616482372
1388815200,-0.36184558716606485
1388836800,-0.36083498564240724
1388858400,-0.3598184123200732
1388880000,-0.35881836330635297
1388901600,-0.35782909894932435
1388923200,-0.3568194714851055
1388944800,-0.355757709379972
1388966400,-0.3546489449016832
1388988000,-0.3535009991075838
1389009600,-0.35228132347521746
1389031200,-0.350964670070996
1389052800,-0.3495601681072585
1389074400,-0.3481019583570695
1389096000,-0.3466612653735947
1389117600,-0.34533750908169925
1389139200,-0.3441992385745162
1389160800,-0.34321873165453337
1389182400,-0.34235109890340043
1389204000,-0.3415905652001447
1389225600,-0.34093012426140346
1389247200,-0.34034807060140587
1389268800,-0.33980786405017094
1389290400,-0.3392848366071009
1389312000,-0.3387852589858123
1389333600,-0.3383556314213568
1389355200,-0.33809700783635993
1389376800,-0.33806567164908385
1389398400,-0.3382642505292885
1389420000,-0.3386950841478494
1389441600,-0.3393477199562527
1389463200,-0.3402231677206902
1389484800,-0.3413543015384404
1389506400,-0.34276159095905506
1389528000,-0.3444157611424172
1389549600,-0.3462662204358174
1389571200,-0.3482006196064782
1389592800,-0.3500782009615719
1389614400,-0.3518039133969172
1389636000,-0.3533349018851687
1389657600,-0.35468052296350094
1389679200,-0.3558703509476717
1389700800,-0.35692786177787517
1389722400,-0.35789278543344
1389744000,-0.35880345260363783
1389765600,-0.35967932544184855
1389787200,-0.36056331508306494
1389808800,-0.36148955387599213
1389830400,-0.3624563237747261
1389852000,-0.3634255863530189
1389873600,-0.36434312430975224
1389895200,-0.3651620524192315
1389916800,-0.3658261536102337
1389938400,-0.36630121428121243
1389960000,-0.3665864712116597
1389981600,-0.3666868949569166
1390003200,-0.36662108584940034
1390024800,-0.3664141803595082
1390046400,-0.3660555658348208
1390068000,-0.365505921867685
1390089600,-0.36473538643549136
1390111200,-0.36376420515590735
1390132800,-0.36266376850575516
1390154400,-0.36146956583121137
1390176000,-0.3601820531705229
1390197600,-0.35883012565397626
1390219200,-0.3574333977322119
1390240800,-0.35597889477805505
1390262400,-0.35447125887182074
1390284000,-0.35293324646978175
1390305600,-0.35139563095741316
1390327200,-0.3498934809374592
1390348800,-0.3484363463535238
1390370400,-0.3470023072579195
1390392000,-0.34556253734211917
1390413600,-0.3441330345661675
1390435200,-0.34276530558401547
1390456800,-0.34153725926798967
1390478400,-0.3404986002573161
1390500000,-0.3396356984153688
1390521600,-0.3389091676169013
1390543200,-0.3383090574419681
1390564800,-0.33785057181657463
1390586400,-0.3375259290004961
1390608000,-0.33731678246802926
1390629600,-0.3371726749898618
1390651200,-0.336989031751216
1390672800,-0.3366887742615279
1390694400,-0.33626708374579195
1390716000,-0.3357426357733424
1390737600,-0.33513440642941744
1390759200,-0.33445667797160555
1390780800,-0.33372648379072284
1390802400,-0.332956246627193
1390824000,-0.3321398002954518
1390845600,-0.33126639865067403
1390867200,-0.33033864528690265
1390888800,-0.32936764359841686
1390910400,-0.3283968446952349
1390932000,-0.3274406497003473
1390953600,-0.3264819736836623
1390975200,-0.3255279123345076
1390996800,-0.3245773515760173
1391018400,-0.32358901731875417
1391040000,-0.32251509182745763
1391061600,-0.32132551685815886
1391083200,-0.3199973829113477
1391104800,-0.3185385129592047
1391126400,-0.31699586083327047
1391148000,-0.31543621462946725
1391169600,-0.3139235087402456
1391191200,-0.31251651003888875
1391212800,-0.31125971394648994
1391234400,-0.31015038111901205
1391256000,-0.30912928715758464
1391277600,-0.3081459176024465
1391299200,-0.3071570347447003
1391320800,-0.30611066569306755
1391342400,-0.3049934903627688
1391364000,-0.30383027236436316
1391385600,-0.30267632911985376
1391407200,-0.3015827127724432
1391428800,-0.30057451710516436
1391450400,-0.29974167728463635
1391472000,-0.2991820629865108
1391493600,-0.2988802160723169
1391515200,-0.29877659974285115
1391536800,-0.2988187994481834
1391558400,-0.2989379277368198
1391580000,-0.29909178157397487
1391601600,-0.29928900315931684
1391623200,-0.2995391324189576
1391644800,-0.2998351193417349
1391666400,-0.3001508641011955
1391688000,-0.30047890658389476
1391709600,-0.30082433815893894
1391731200,-0.3011520495912233
1391752800,-0.301437939416794
1391774400,-0.3016909050510053
1391796000,-0.3019153297480435
1391817600,-0.30214637396980387
1391839200,-0.3024245055412803
1391860800,-0.3027585242605698
1391882400,-0.30315648601286854
1391904000,-0.30361433268965976
1391925600,-0.30409837685545094
1391947200,-0.3045614448379933
1391968800,-0.30496370495941394
1391990400,-0.30526542758573094
1392012000,-0.30544167260129457
1392033600,-0.30548798620027323
1392055200,-0.3054347581796357
1392076800,-0.3053137809101458
1392098400,-0.3051313598616278
1392120000,-0.304871490041964
1392141600,-0.30450527631563257
1392163200,-0.3040243178055229
1392184800,-0.30344579851981185
1392206400,-0.3028008773515627
1392228000,-0.30213364914079166
1392249600,-0.30147118296372144
1392271200,-0.3008104018064775
1392292800,-0.30014899679975987
1392314400,-0.29948679184553484
1392336000,-0.2988316692040979
1392357600,-0.29821557704106155
1392379200,-0.297664767705607
1392400800,-0.29717885486111123
1392422400,-0.2967510615370277
1392444000,-0.2963743394937748
1392465600,-0.29603434818734004
1392487200,-0.2956909793483392
1392508800,-0.29531820863940644
1392530400,-0.29494553693732845
1392552000,-0.294645951306104
1392573600,-0.29448021896849286
1392595200,-0.29451315976100517
1392616800,-0.2948168506953888
1392638400,-0.29542305932015955
1392660000,-0.2963292929157244
1392681600,-0.2975006020411834
1392703200,-0.298863957725038
1392724800,-0.30029738749455037
1392746400,-0.3016526349264487
1392768000,-0.3028571334726166
1392789600,-0.30396491212314347
1392811200,-0.3050411051142673
1392832800,-0.30614435596899936
1392854400,-0.30734561476315747
1392876000,-0.30867301910140515
1392897600,-0.3101224487340976
1392919200,-0.3116855628657975
1392940800,-0.3133825806246294
1392962400,-0.31524114957378707
1392984000,-0.31722159149404805
1393005600,-0.31926816709741956
1393027200,-0.32140676503332244
1393048800,-0.3236892463552313
1393070400,-0.32616541641436964
1393092000,-0.3288944631430436
1393113600,-0.33190173255414895
1393135200,-0.3351772250847659
1393156800,-0.3387006835562491
1393178400,-0.3424541171600861
1393200000,-0.34641909917823344
1393221600,-0.3505432486411522
1393243200,-0.3547770332678362
1393264800,-0.3591135798042504
1393286400,-0.36354161324528295
1393308000,-0.3680459087770416
1393329600,-0.37263224375854737
1393351200,-0.3772638108834249
1393372800,-0.3818653207496748
1393394400,-0.3863895507686351
1393416000,-0.3908347995182697
1393437600,-0.39522618465352666
1393459200,-0.39959215719992736
1393480800,-0.4039480935312311
1393502400,-0.4082707472307441
1393524000,-0.4125319929364063
1393545600,-0.41673038697480713
1393567200,-0.4208761182471608
1393588800,-0.42497244816564156
1393610400,-0.42902349083636654
1393632000,-0.43301358336094387
1393653600,-0.43693039752716034
1393675200,-0.4407930773324209
1393696800,-0.4446152957886225
1393718400,-0.4483961416176114
1393740000,-0.45212323712817626
1393761600,-0.45581518486773076
1393783200,-0.459507175235724
1393804800,-0.46320387967848187
1393826400,-0.46687679312621394
1393848000,-0.4704755498721209
1393869600,-0.473939124827268
1393891200,-0.477186746429224
1393912800,-0.4801703896951571
1393934400,-0.4828804341306849
1393956000,-0.48532493792827847
1393977600,-0.48751290878779696
1393999200,-0.4894712446550593
1394020800,-0.49124758536432145
1394042400,-0.4928866844924017
1394064000,-0.49439904596734685
1394085600,-0.49573536908966215
1394107200,-0.4968834846429405
1394128800,-0.4978755983830158
1394150400,-0.4987143787154368
1394172000,-0.49938199813408446
1394193600,-0.49987370131954273
1394215200,-0.5001878008872872
1394236800,-0.50031395357073
1394258400,-0.5002698823788952
1394280000,-0.5001231161993325
1394301600,-0.49993358163471135
1394323200,-0.49970611736916426
1394344800,-0.49944360146336275
1394366400,-0.49914748805301207
1394388000,-0.498805945361944
1394409600,-0.49840588539756825
1394431200,-0.49792129607270363
1394452800,-0.4973303978355733
1394474400,-0.49659327591519686
1394496000,-0.4956455561823804
1394517600,-0.49447942349314583
1394539200,-0.4931359182555919
1394560800,-0.4916454518551944
1394582400,-0.4900518954286233
1394604000,-0.4883865405492641
1394625600,-0.4866376884924197
1394647200,-0.4848013057789282
1394668800,-0.48290769423466995
1394690400,-0.48097937572819177
1394712000,-0.4790221644343772
1394733600,-0.4770477665926942
1394755200,-0.4751069906023491
1394776800,-0.4732183275755365
1394798400,-0.47134645060380576
1394820000,-0.46947595015683996
1394841600,-0.4675864104801881
1394863200,-0.46562056917096684
1394884800,-0.46353695965224856
1394906400,-0.4613449816994964
1394928000,-0.4591031990031058
1394949600,-0.456861818170447
1394971200,-0.4546237793617838
1394992800,-0.45238895799894413
1395014400,-0.4501578773268377
1395036000,-0.4479451855154384
1395057600,-0.44575564457273664
1395079200,-0.4435861573082768
1395100800,-0.4414417089796407
1395122400,-0.4393309612769336
1395144000,-0.4372682414326532
1395165600,-0.4353051201521964
1395187200,-0.43351534402749375
1395208800,-0.4319313594141394
1395230400,-0.4305694087126239
1395252000,-0.42946720381232817
1395273600,-0.42864806032861014
1395295200,-0.42806511293537386
1395316800,-0.42768017066621355
1395338400,-0.42746939344692975
1395360000,-0.42741882149834903
1395381600,-0.42755580927208503
1395403200,-0.4279209984460335
1395424800,-0.4285399033558828
1395446400,-0.42940839788479995
1395468000,-0.43053067066091927
1395489600,-0.4319030303384453
1395511200,-0.43351273863935647
1395532800,-0.4353197361447405
1395554400,-0.4372870898203244
1395576000,-0.439374773643306
1395597600,-0.4415246391141688
1395619200,-0.44370365937521183
1395640800,-0.44585181681598024
1395662400,-0.44788132148780985
1395684000,-0.4497390081585221
1395705600,-0.4514181326826555
1395727200,-0.4529265435193134
1395748800,-0.4542752626939566
1395770400,-0.45550598998942066
1395792000,-0.456697758385898
1395813600,-0.4579142858012751
1395835200,-0.45916999748027376
1395856800,-0.46044758781304684
1395878400,-0.46170228025513776
1395900000,-0.4628920191193578
1395921600,-0.4639726204214188
1395943200,-0.46489498501005405
1395964800,-0.46560920720699556
1395986400,-0.46608722922139634
1396008000,-0.4663376068515156
1396029600,-0.46637666715245935
1396051200,-0.4661923651585537
1396072800,-0.46578032976215056
1396094400,-0.46518251841609226
1396116000,-0.4644173207019771
1396137600,-0.463502074486598
1396159200,-0.4625055514127161
1396180800,-0.4615146846860715
1396202400,-0.4605700005179139
1396224000,-0.4596753832615528
1396245600,-0.45882231808644025
1396267200,-0.4579997351803982
1396288800,-0.45720523207844044
1396310400,-0.45644174977053603
1396332000,-0.4557037041421668
1396353600,-0.4549686124440048
1396375200,-0.45422512621562866
1396396800,-0.4534965452092934
1396418400,-0.4528555186205714
1396440000,-0.45236800171119657
1396461600,-0.4520116118519977
1396483200,-0.4517382501171072
1396504800,-0.4515243833704738
1396526400,-0.45134507868312207
1396548000,-0.45115677781528174
1396569600,-0.4509277477005985
1396591200,-0.4506732634916526
1396612800,-0.4503983224622518
1396634400,-0.4500908581923899
1396656000,-0.44973950350703007
1396677600,-0.4493307248009804
1396699200,-0.44882366666392814
1396720800,-0.44815991248406123
1396742400,-0.44729804186373784
1396764000,-0.44620289899985455
1396785600,-0.4448408350902397
1396807200,-0.44318985630254754
1396828800,-0.4412810878686468
1396850400,-0.4391672283822845
1396872000,-0.43690910322168736
1396893600,-0.4345654319145121
1396915200,-0.43215559506680307
1396936800,-0.42968575635579426
1396958400,-0.4271755800312145
1396980000,-0.4246158220416366
1397001600,-0.4219430872614003
1397023200,-0.4190647689189878
1397044800,-0.4159139832369974
1397066400,-0.4125061281709379
1397088000,-0.4088799359816509
1397109600,-0.40504574331305115
1397131200,-0.4010212067649388
1397152800,-0.396861738672558
1397174400,-0.3926203385175859
1397196000,-0.3883483531256544
1397217600,-0.38412859787714615
1397239200,-0.38004521771932
1397260800,-0.3761750619716619
1397282400,-0.3725650903623604
1397304000,-0.3692214128258534
1397325600,-0.36612292908357846
1397347200,-0.3632342093817136
1397368800,-0.36053539627355563
1397390400,-0.3579827815796814
1397412000,-0.35553917064823587
1397433600,-0.3532070165549054
1397455200,-0.3510101347221871
1397476800,-0.3489737254663133
1397498400,-0.3471577011232144
1397520000,-0.34560895313079615
1397541600,-0.34431036937906756
1397563200,-0.34325072575392207
1397584800,-0.34242315249210914
1397606400,-0.3418158415869997
1397628000,-0.34140710892386067
1397649600,-0.34117920628062015
1397671200,-0.3411170840401027
1397692800,-0.3411838343952952
1397714400,-0.34128358752890947
1397736000,-0.3413384412442535
1397757600,-0.3413430763358161
1397779200,-0.3413026587480277
1397800800,-0.34120722615539817
1397822400,-0.3410351487151969
1397844000,-0.34079804583777384
1397865600,-0.34054490158368306
1397887200,-0.3403271122801181
1397908800,-0.3402082855403613
1397930400,-0.34022726306800405
1397952000,-0.3403297658235607
1397973600,-0.3404356327349009
1397995200,-0.3405104977554022
1398016800,-0.34054052459719575
1398038400,-0.340515745916457
1398060000,-0.3404280410852619
1398081600,-0.34026051463430096
1398103200,-0.3399986931430883
1398124800,-0.3396305829243485
1398146400,-0.3391289342780184
1398168000,-0.3384760999233322
1398189600,-0.3376712610842289
1398211200,-0.3367216895461114
1398232800,-0.33564287978506124
1398254400,-0.33445780191960994
1398276000,-0.33324824150224824
1398297600,-0.3321383443917229
1398319200,-0.33125158690648526
1398340800,-0.3306787166740681
1398362400,-0.3304185086268197
1398384000,-0.3304331727796962
1398405600,-0.3307005444910741
1398427200,-0.3311894909098696
1398448800,-0.33184911938145834
1398470400,-0.33265350149464024
1398492000,-0.33358619796954553
1398513600,-0.33464601826572205
1398535200,-0.33587132817099175
1398556800,-0.33732890238267993
1398578400,-0.3390745615987799
1398600000,-0.34110385196324394
1398621600,-0.3433985754132739
1398643200,-0.34595358777215
1398664800,-0.348755436460954
1398686400,-0.351791882450407
1398708000,-0.3550514064676668
1398729600,-0.3584834033286504
1398751200,-0.3620041574487333
1398772800,-0.36550763892593274
1398794400,-0.36885618372423423
1398816000,-0.3719550911380103
1398837600,-0.3747881037799825
1398859200,-0.3773624866456065
1398880800,-0.37967446700568114
1398902400,-0.38171765630854293
1398924000,-0.3835370355523419
1398945600,-0.38517450744885756
1398967200,-0.38662106014159714
1398988800,-0.3878710125627225
1399010400,-0.38894602685530616
1399032000,-0.38984179214964587
1399053600,-0.39054690822506105
1399075200,-0.39109097353702105
1399096800,-0.3915406628201374
1399118400,-0.39197095497377454
1399140000,-0.39239326352528664
1399161600,-0.3927738804338604
1399183200,-0.39307758711960544
1399204800,-0.39325573947825665
1399226400,-0.3932796208997014
1399248000,-0.3932017888447842
1399269600,-0.3930772947324167
1399291200,-0.39290032938053615
1399312800,-0.39265533157760607
1399334400,-0.39237275114513037
1399356000,-0.3921172509812359
1399377600,-0.39196457548596286
1399399200,-0.39197827898390686
1399420800,-0.3922059913934355
1399442400,-0.39264185793653156
1399464000,-0.3932321792579563
1399485600,-0.39396008171231595
1399507200,-0.39483130154145124
1399528800,-0.39584511213743867
1399550400,-0.3969889037645078
1399572000,-0.39823776494410085
1399593600,-0.3995767604356611
1399615200,-0.40103425639419854
1399636800,-0.40263539349285926
1399658400,-0.4043773770072091
1399680000,-0.4062494734556759
1399701600,-0.40820726100319643
1399723200,-0.4102120801010898
1399744800,-0.41225821731585083
1399766400,-0.41434941335544384
1399788000,-0.41650021006237214
1399809600,-0.4187014151481092
1399831200,-0.4208859154911449
1399852800,-0.4229346160759635
1399874400,-0.4247494923429803
1399896000,-0.4263023130696255
1399917600,-0.4275753586629068
1399939200,-0.42855816853528317
1399960800,-0.42928695879622675
1399982400,-0.4298173683423655
1400004000,-0.4301970286745768
1400025600,-0.43048196992525783
1400047200,-0.4307077739290921
1400068800,-0.4308960419094778
1400090400,-0.4310810874984613
1400112000,-0.4312689602668895
1400133600,-0.43146846029050584
1400155200,-0.4316962784743006
1400176800,-0.43197431124307517
1400198400,-0.432333701959331
1400220000,-0.4327593606593104
1400241600,-0.43325685288611004
1400263200,-0.43386291606089644
1400284800,-0.4345861584310538
1400306400,-0.4354470825417497
1400328000,-0.43649737775824926
1400349600,-0.43777295211259337
1400371200,-0.4392577100664135
1400392800,-0.4408975295503941
1400414400,-0.4426560733557635
1400436000,-0.44453537813599125
1400457600,-0.44654195285375997
1400479200,-0.44869159618058485
1400500800,-0.45097562771764854
1400522400,-0.4533609275044353
1400544000,-0.4558250915200723
1400565600,-0.45836700002478503
1400587200,-0.4610243744484862
1400608800,-0.46386633262316557
1400630400,-0.46690068223932946
1400652000,-0.4700619909762365
1400673600,-0.47330077453371694
1400695200,-0.47658925836810134
1400716800,-0.4798925974957282
1400738400,-0.4832169011648784
1400760000,-0.48660404680994107
1400781600,-0.4900557440660542
1400803200,-0.49355270414379376
1400824800,-0.4971111270169532
1400846400,-0.500777762903467
1400868000,-0.5045624261302236
1400889600,-0.5084327393746116
1400911200,-0.5123258662896929
1400932800,-0.5161756807076776
1400954400,-0.5198985755029271
1400976000,-0.5234239128504266
1400997600,-0.5267671301905419
1401019200,-0.5299613761063507
1401040800,-0.533016118125467
1401062400,-0.5359434827241386
1401084000,-0.538747189800125
1401105600,-0.5414105234113431
1401127200,-0.543928760968219
1401148800,-0.5463040044192724
1401170400,-0.5485247143984714
1401192000,-0.5505740234105052
1401213600,-0.5524304738615635
1401235200,-0.5540791663413872
1401256800,-0.5555025773577985
1401278400,-0.5566873803723487
1401300000,-0.5576236399441383
1401321600,-0.5582786452016033
1401343200,-0.5586045459782051
1401364800,-0.5585833769101989
1401386400,-0.5582458379562278
1401408000,-0.5576534416025961
1401429600,-0.556868433999892
1401451200,-0.555925152720989
1401472800,-0.5548350601893751
1401494400,-0.5536011455711974
1401516000,-0.5522378910457568
1401537600,-0.5507358581966398
1401559200,-0.5490752040589846
1401580800,-0.547245717935295
1401602400,-0.5452312397242357
1401624000,-0.5430192152698096
1401645600,-0.5406221429974011
1401667200,-0.5380705421369011
1401688800,-0.5353987374740211
1401710400,-0.5326633381668981
1401732000,-0.5298956551741306
1401753600,-0.527081242192457
1401775200,-0.5241698012494688
1401796800,-0.5211363314746755
1401818400,-0.5179966704796924
1401840000,-0.514753697943837
1401861600,-0.5114057466108323
1401883200,-0.5079495087115075
1401904800,-0.5043585031714223
1401926400,-0.5006215107566241
1401948000,-0.49677458915037764
1401969600,-0.4928392665442871
1401991200,-0.48879574334732545
1402012800,-0.4846146240329764
1402034400,-0.4803238597480658
1402056000,-0.47597627036397694
1402077600,-0.4716035163064543
1402099200,-0.4672533791641262
1402120800,-0.46293506246067356
1402142400,-0.45857090683263063
1402164000,-0.45408350304684253
1402185600,-0.4494623749014782
1402207200,-0.44472636584126973
1402228800,-0.43989576361945953
1402250400,-0.43503492226119506
1402272000,-0.4302094367693399
1402293600,-0.4254372177821452
1402315200,-0.4207240585461633
1402336800,-0.41607822044914605
1402358400,-0.41147914369257116
1402380000,-0.40688580200560487
1402401600,-0.4022761264017101
1402423200,-0.3976466122296348
1402444800,-0.3930066099549675
1402466400,-0.38838340222525175
1402488000,-0.383845421017637
1402509600,-0.3794939635415533
1402531200,-0.3753957958041184
1402552800,-0.37156944814539733
1402574400,-0.3680390657830804
1402596000,-0.36481749605413766
1402617600,-0.36191295715821115
1402639200,-0.3593749295094308
1402660800,-0.35723864585689985
1402682400,-0.35549184586848187
1402704000,-0.354114641472152
1402725600,-0.35307964194407704
1402747200,-0.3523933950629762
1402768800,-0.3521085580663833
1402790400,-0.3522360096027244
1402812000,-0.35274341183941704
1402833600,-0.35362198684313645
1402855200,-0.3548965796928714
1402876800,-0.35661230487241535
1402898400,-0.35880526227266946
1402920000,-0.3614596118069358
1402941600,-0.36450899962378186
1402963200,-0.36786918162710686
1402984800,-0.37146248871170623
1403006400,-0.37520236054025674
1403028000,-0.37901300474012695
1403049600,-0.38287108679521065
1403071200,-0.3868047871251486
1403092800,-0.3908522741783034
1403114400,-0.3950374012596423
1403136000,-0.39934008208021277
1403157600,-0.40371543205205834
1403179200,-0.4081422982192397
1403200800,-0.4126048091115509
1403222400,-0.41709512812926497
1403244000,-0.4215867826335827
1403265600,-0.42606455368176355
1403287200,-0.4305352888123618
1403308800,-0.434996320970486
1403330400,-0.4393755450647699
1403352000,-0.4435773498200958
1403373600,-0.44756171823611224
1403395200,-0.4512804940873838
1403416800,-0.4546910789193283
1403438400,-0.45781212363472706
1403460000,-0.46067280623450574
1403481600,-0.46325483981214804
1403503200,-0.4655602240596211
1403524800,-0.467641412496118
1403546400,-0.46955947250075974
1403568000,-0.4713650488696459
1403589600,-0.473093810287397
1403611200,-0.4747763416177851
1403632800,-0.47640747345725104
1403654400,-0.4779686964165314
1403676000,-0.4794718848060483
1403697600,-0.4809337471237236
1403719200,-0.4823541113684858
1403740800,-0.48374056666620985
1403762400,-0.48511438155230163
1403784000,-0.4864644199632328
1403805600,-0.4877605568139424
1403827200,-0.4889789159799905
1403848800,-0.4900794395598809
1403870400,-0.4909927553704179
1403892000,-0.49169611473689145
1403913600,-0.49221243370105816
1403935200,-0.4925480418523779
1403956800,-0.4927115212191548
1403978400,-0.492750157987017
1404000000,-0.4926926419198081
1404021600,-0.4925099312632199
1404043200,-0.49214821301994205
1404064800,-0.4915356124981174
1404086400,-0.49063949964588205
1404108000,-0.4894451404571562
1404129600,-0.4879290518896976
1404151200,-0.48607816841006135
1404172800,-0.4838763786803607
1404194400,-0.4813084416269035
1404216000,-0.4784038555467115
1404237600,-0.47523120464475915
1404259200,-0.4718425030533854
1404280800,-0.4682749202834131
1404302400,-0.464554920692256
1404324000,-0.4607294004160845
1404345600,-0.45684962229553944
1404367200,-0.45292801325239906
1404388800,-0.4489709681914179
1404410400,-0.44496856925728007
1404432000,-0.44091887024901677
1404453600,-0.43684549017915353
1404475200,-0.43275820643186047
1404496800,-0.4286629376281546
1404518400,-0.4245710203806044
1404540000,-0.42050545684636437
1404561600,-0.4164771125408339
1404583200,-0.41249968977720164
1404604800,-0.40859685419921715
1404626400,-0.4048074991067348
1404648000,-0.40118808076769336
1404669600,-0.3977668851499533
1404691200,-0.3945575189218711
1404712800,-0.39158016931007755
1404734400,-0.38885765745105977
1404756000,-0.3864144403936162
1404777600,-0.3842821342170788
1404799200,-0.3824613224058692
1404820800,-0.3809242749170448
1404842400,-0.3796448692674838
1404864000,-0.37862506909459837
1404885600,-0.3778916150956829
1404907200,-0.37743945427462056
1404928800,-0.37726822860329284
1404950400,-0.3774024468009206
1404972000,-0.37785771566479304
1404993600,-0.3786622763730156
1405015200,-0.3798421415168871
1405036800,-0.3813819199068694
1405058400,-0.38325023084957077
1405080000,-0.38541790238598445
1405101600,-0.387839987917701
1405123200,-0.3904662215784999
1405144800,-0.3932703790473415
1405166400,-0.3962523190385087
1405188000,-0.3994093863246375
1405209600,-0.4027487225747206
1405231200,-0.4062817483349967
1405252800,-0.40999675227105004
1405274400,-0.41382807014176803
1405296000,-0.41770719942182455
1405317600,-0.42161696709791396
1405339200,-0.4255422307330508
1405360800,-0.42944645267150006
1405382400,-0.43330183292406466
1405404000,-0.4370922117285456
1405425600,-0.44077162744282494
1405447200,-0.44429520679635254
1405468800,-0.44764215395956614
1405490400,-0.45079572393957446
1405512000,-0.45370864256666593
1405533600,-0.4563431956704118
1405555200,-0.45873755362465385
1405576800,-0.46097222953223843
1405598400,-0.46311393227426106
1405620000,-0.46519630940048307
1405641600,-0.46722075008365227
1405663200,-0.4691719318845768
1405684800,-0.47102963616093685
1405706400,-0.4727879407182823
1405728000,-0.47446339392181053
1405749600,-0.47604399325624225
1405771200,-0.4774846721241972
1405792800,-0.478774753588296
1405814400,-0.47993338284108455
1405836000,-0.4809750955609539
1405857600,-0.4819154337848124
1405879200,-0.48277859090188935
1405900800,-0.4836025824544718
1405922400,-0.4843999070418167
1405944000,-0.4851514275049535
1405965600,-0.4858453768507854
1405987200,-0.48647863601702945
1406008800,-0.4870462917182604
1406030400,-0.4875422595756586
1406052000,-0.48795914118655
1406073600,-0.48828541286039423
1406095200,-0.4885086257054439
1406116800,-0.4886028802692694
1406138400,-0.48853278523940796
1406160000,-0.48822636597215413
1406181600,-0.4875897961066839
1406203200,-0.48661637829453575
1406224800,-0.4853472483564304
1406246400,-0.48379730069370563
1406268000,-0.48197360505496883
1406289600,-0.4798749264518355
1406311200,-0.4774733039951231
1406332800,-0.4747225570696243
1406354400,-0.4715925338619664
1406376000,-0.4680568924182477
1406397600,-0.4641125547207621
1406419200,-0.45979430485932316
1406440800,-0.45515497713808617
1406462400,-0.45025652617391704
1406484000,-0.4451333511376972
1406505600,-0.4397753922498359
1406527200,-0.43416888261917413
1406548800,-0.42835017322822294
1406570400,-0.4223565259074698
1406592000,-0.4161939816423396
1406613600,-0.40988638976039643
1406635200,-0.40346962286304894
1406656800,-0.3970029965708275
1406678400,-0.3905419599834469
1406700000,-0.3841431555376483
1406721600,-0.37790096464101514
1406743200,-0.3718622004623237
1406764800,-0.36603571613985314
1406786400,-0.36044587574430637
1406808000,-0.35514331532537063
1406829600,-0.3501525743382636
1406851200,-0.34544407253857634
1406872800,-0.3409545996331161
1406894400,-0.3366427353087468
1406916000,-0.3325181630439147
1406937600,-0.32863247458791667
1406959200,-0.32503252775338504
1406980800,-0.3217180896333175
1407002400,-0.31869126830043315
1407024000,-0.31596491970829116
1407045600,-0.3135787973297886
1407067200,-0.3116109088774905
1407088800,-0.3100762652963929
1407110400,-0.30888430142562356
1407132000,-0.3079473081020261
1407153600,-0.30719410701677535
1407175200,-0.3065685047137715
1407196800,-0.3060394388757031
1407218400,-0.3055990658830329
1407240000,-0.3052526234480978
1407261600,-0.30500808702483395
1407283200,-0.30489344275415525
1407304800,-0.3049488995060374
1407326400,-0.3052042850217487
1407348000,-0.3056652759133824
1407369600,-0.30632543146091895
1407391200,-0.307175500368992
1407412800,-0.30818318824619956
1407434400,-0.3092998670734809
1407456000,-0.31051094902593596
1407477600,-0.31183567719923705
1407499200,-0.3132608798332094
1407520800,-0.3147653567536997
1407542400,-0.31634734404551695
1407564000,-0.31799055466414466
1407585600,-0.31966683292975223
1407607200,-0.3213783990116704
1407628800,-0.3231840894451599
1407650400,-0.3251347848547626
1407672000,-0.3272420182625949
1407693600,-0.3295223627060319
1407715200,-0.33201934581900583
1407736800,-0.33475903955474506
1407758400,-0.33773640614660133
1407780000,-0.3409476998878152
1407801600,-0.34441215952687587
1407823200,-0.34812127278711347
1407844800,-0.3520081223009292
1407866400,-0.35605364236564524
1407888000,-0.36029605715985524
1407909600,-0.36477059983595894
1407931200,-0.36950011226669394
1407952800,-0.3744806122241515
1407974400,-0.3796914889807492
1407996000,-0.3851002531890387
1408017600,-0.39065883191913225
1408039200,-0.3963155515011974
1408060800,-0.40202196724719497
1408082400,-0.40771742452514526
1408104000,-0.41336564596192393
1408125600,-0.4189823598514198
1408147200,-0.4245977864675049
1408168800,-0.4302305004422411
1408190400,-0.4358557735808013
1408212000,-0.44141349431376414
1408233600,-0.4468159313574488
1408255200,-0.45198841808409657
1408276800,-0.45691859324127826
1408298400,-0.4616057728139436
1408320000,-0.4660255811966802
1408341600,-0.47014393208927086
1408363200,-0.47392419606172614
1408384800,-0.4773576672125899
1408406400,-0.48047942700353335
1408428000,-0.4833030657917172
1408449600,-0.48578635942773357
1408471200,-0.48789065545066546
1408492800,-0.4896441185535542
1408514400,-0.4910969881145347
1408536000,-0.4922725586660929
1408557600,-0.49318689407695576
1408579200,-0.49383537868420535
1408600800,-0.4941514110007191
1408622400,-0.494071554077336
1408644000,-0.49359453175479784
1408665600,-0.4927708528511255
1408687200,-0.49167582861373793
1408708800,-0.4904052316813696
1408730400,-0.4890599588711082
1408752000,-0.48768642829508807
1408773600,-0.48630049136566555
1408795200,-0.48489765876189433
1408816800,-0.4834460755743609
1408838400,-0.48192564888949
1408860000,-0.4803379389843699
1408881600,-0.47869318416099893
1408903200,-0.4769880417624439
1408924800,-0.47521390015230636
1408946400,-0.4733882705368424
1408968000,-0.47156586151164326
1408989600,-0.4697892557415554
1409011200,-0.4680516797150072
1409032800,-0.4663513874736944
1409054400,-0.464675523146294
1409076000,-0.46299948757968085
1409097600,-0.46129765420418606
1409119200,-0.45956514794298464
1409140800,-0.45782114346235275
1409162400,-0.4560459506357787
1409184000,-0.4542069600276354
1409205600,-0.4522936819008058
1409227200,-0.45030589886946043
1409248800,-0.44821720914489505
1409270400,-0.44600603774972786
1409292000,-0.44368351322966143
1409313600,-0.44126087507694384
1409335200,-0.4387701949098739
1409356800,-0.4362590807004453
1409378400,-0.43378035450327906
1409400000,-0.4313649660291457
1409421600,-0.4290007086299756
1409443200,-0.42664990896679633
1409464800,-0.4242763312132467
1409486400,-0.42185825757045164
1409508000,-0.41938240374073377
1409529600,-0.4168635914705792
1409551200,-0.41434401537967885
1409572800,-0.4118753458051697
1409594400,-0.4094654602924409
1409616000,-0.40710083380905154
1409637600,-0.40478494252631414
1409659200,-0.40250423198569824
1409680800,-0.4002291744015771
1409702400,-0.39799289980512187
1409724000,-0.39589826699217084
1409745600,-0.3940572311169982
1409767200,-0.39253426430088784
1409788800,-0.39129798366837376
1409810400,-0.3902885191428156
1409832000,-0.389480476690193
1409853600,-0.3888665798633377
1409875200,-0.3884421294180769
1409896800,-0.38824162233323983
1409918400,-0.3882838731804904
1409940000,-0.38855950225834535
1409961600,-0.38906689162487373
1409983200,-0.38982474088516333
1410004800,-0.39084593917129024
1410026400,-0.3921120024940914
1410048000,-0.39363702517708443
1410069600,-0.3954624380144239
1410091200,-0.3976024947698301
1410112800,-0.40003376709280386
1410134400,-0.40273446381413125
1410156000,-0.4056922813266933
1410177600,-0.4088909314621504
1410199200,-0.41229123160777625
1410220800,-0.4158419594199954
1410242400,-0.4194814669836043
1410264000,-0.42314978080244053
1410285600,-0.42681001247474937
1410307200,-0.43040443544895973
1410328800,-0.43387479055937195
1410350400,-0.437222267521444
1410372000,-0.44046414332484196
1410393600,-0.44360495489982704
1410415200,-0.4466714253625505
1410436800,-0.44972717551583835
1410458400,-0.4528134027651601
1410480000,-0.45592577255925426
1410501600,-0.45901866697012167
1410523200,-0.4620255816517201
1410544800,-0.46489668229202163
1410566400,-0.46754922178765185
1410588000,-0.46991648110314854
1410609600,-0.4719859515791103
1410631200,-0.4737660795504385
1410652800,-0.4752753038553058
1410674400,-0.4765212839001149
1410696000,-0.4774905970861384
1410717600,-0.47816115302175544
1410739200,-0.47852801248056637
1410760800,-0.4786151566134823
1410782400,-0.47848174325900095
1410804000,-0.4781787281852144
1410825600,-0.4777443847852612
1410847200,-0.4772327362026288
1410868800,-0.4766374180225257
1410890400,-0.47594546770894625
1410912000,-0.4751940496668971
1410933600,-0.47440533570959187
1410955200,-0.47359821612112396
1410976800,-0.4728139947179357
1410998400,-0.4720641016176376
1411020000,-0.47131296335342115
1411041600,-0.4705543751254767
1411063200,-0.46979533859168476
1411084800,-0.46903404204514076
1411106400,-0.4682861903478681
1411128000,-0.4675970887272857
1411149600,-0.4669992652191435
1411171200,-0.46649340948702933
1411192800,-0.46605283103874884
1411214400,-0.46564142080226767
1411236000,-0.4652021436509592
1411257600,-0.46463890691908305
1411279200,-0.46386307270145266
1411300800,-0.46285837286939896
1411322400,-0.4616479929546561
1411344000,-0.46021910433666213
1411365600,-0.4585287703436937
1411387200,-0.4565626086750034
1411408800,-0.4543491178960273
1411430400,-0.451904428521938
1411452000,-0.4492564785580018
1411473600,-0.44645290556155637
1411495200,-0.44356913221908667
1411516800,-0.44068432270911523
1411538400,-0.4378562912127189
1411560000,-0.4351266412556016
1411581600,-0.4325052733321899
1411603200,-0.4300016387294088
1411624800,-0.4276244750033607
1411646400,-0.425347616117439
1411668000,-0.42313641280144343
1411689600,-0.4209721740472929
1411711200,-0.41881840977428014
1411732800,-0.41661771324893804
1411754400,-0.4143567605118077
1411776000,-0.41204771002546575
1411797600,-0.4096972142882516
1411819200,-0.407332877721605
1411840800,-0.4050384267439143
1411862400,-0.402948404493666
1411884000,-0.4011463575914568
1411905600,-0.3996315668767756
1411927200,-0.39836132640597405
1411948800,-0.39727477461077976
1411970400,-0.3963068435373969
1411992000,-0.39543526431381504
1412013600,-0.3946794507669851
1412035200,-0.39406460127863563
1412056800,-0.39362456147461755
1412078400,-0.39339844233159127
1412100000,-0.39344089031106366
1412121600,-0.3937656075397289
1412143200,-0.3943224725918443
1412164800,-0.39509029969789494
1412186400,-0.3960773976618166
1412208000,-0.397286578967351
1412229600,-0.3987311249988052
1412251200,-0.4004187604785563
1412272800,-0.40231371450203174
1412294400,-0.4043553280284355
1412316000,-0.40650433277068515
1412337600,-0.4087383035105521
1412359200,-0.41103276310773157
1412380800,-0.4133670415019755
1412402400,-0.4157337380340068
1412424000,-0.41809677461106615
1412445600,-0.4204026334002447
1412467200,-0.42263070057178165
1412488800,-0.424800521993974
1412510400,-0.4269623220389752
1412532000,-0.42917614399538556
1412553600,-0.4314990893216177
1412575200,-0.4339377082698346
1412596800,-0.43643119549197806
1412618400,-0.43892633803009756
1412640000,-0.4414095557951393
1412661600,-0.44385510131886174
1412683200,-0.4462202084504351
1412704800,-0.44847933929749134
1412726400,-0.45065132971788574
1412748000,-0.45275952447463297
1412769600,-0.45480204383381484
1412791200,-0.45680551811749753
1412812800,-0.4587921000274931
1412834400,-0.4607224684456767
1412856000,-0.46255236201194044
1412877600,-0.4642439500436741
1412899200,-0.46575624615552574
1412920800,-0.4670670155201523
1412942400,-0.4681941795430423
1412964000,-0.46917127217421994
1412985600,-0.4700096429698398
1413007200,-0.4707179562612321
1413028800,-0.47128900995673245
1413050400,-0.4716926230439487
1413072000,-0.47190798650592675
1413093600,-0.47192894691297643
1413115200,-0.47176160358746744
1413136800,-0.47139697599191693
1413158400,-0.4708363122809155
1413180000,-0.470125956878273
1413201600,-0.46933187751781563
1413223200,-0.4685337931845362
1413244800,-0.4678288897936478
1413266400,-0.46730376779309807
1413288000,-0.46697707299287927
1413309600,-0.4668201873843972
1413331200,-0.46680227863889057
1413352800,-0.4668704406992672
1413374400,-0.4669386763088559
1413396000,-0.4669059126186273
1413417600,-0.46670030910402865
1413439200,-0.46630500687341137
1413460800,-0.4657325235767404
1413482400,-0.4649972112290222
1413504000,-0.46410419784023627
1413525600,-0.4630516751767484
1413547200,-0.46184114677485166
1413568800,-0.4605167439714462
1413590400,-0.45911146827046845
1413612000,-0.4576173538068212
1413633600,-0.4560300436011425
1413655200,-0.4543720610845848
1413676800,-0.45268251539794685
1413698400,-0.45097146540550215
1413720000,-0.44923758031048877
1413741600,-0.4474774282265235
1413763200,-0.4456601266831414
1413784800,-0.44374883057869013
1413806400,-0.44172087082484585
1413828000,-0.4395350710277711
1413849600,-0.43714598514415814
1413871200,-0.4345403824666864
1413892800,-0.4317194563699876
1413914400,-0.42866550739292036
1413936000,-0.4253645017115734
1413957600,-0.42186649888458977
1413979200,-0.4182738132625584
1414000800,-0.4146649366402744
1414022400,-0.4110525759223456
1414044000,-0.4074286963771631
1414065600,-0.4037775172776506
1414087200,-0.40004142162321427
1414108800,-0.39618635916406214
1414130400,-0.39225298647359386
1414152000,-0.3882696304091358
1414173600,-0.3842465526607905
1414195200,-0.3802557177617209
1414216800,-0.37638638480406805
1414238400,-0.3726827337022591
1414260000,-0.36916376003784346
1414281600,-0.36585652666284973
1414303200,-0.3627951284390626
1414324800,-0.3599566055758849
1414346400,-0.35729256043997715
1414368000,-0.3547888522147006
1414389600,-0.3524449924913909
1414411200,-0.3502823916868922
1414432800,-0.34835048924816275
1414454400,-0.34666810865483066
1414476000,-0.34519738082614493
1414497600,-0.34389959362750105
1414519200,-0.3427414271052131
1414540800,-0.3416540866209517
1414562400,-0.3405804632593188
1414584000,-0.3395282095224162
1414605600,-0.338526113469508
1414627200,-0.3375885176448798
1414648800,-0.33671063701503395
1414670400,-0.33590757333920823
1414692000,-0.3351834943073234
1414713600,-0.3345268196876535
1414735200,-0.3339318283020069
1414756800,-0.33336637090645843
1414778400,-0.33278675980586286
1414800000,-0.33216508009958773
1414821600,-0.3314957037467915
1414843200,-0.33078320651355647
1414864800,-0.33001881829455804
1414886400,-0.3292274615811711
1414908000,-0.32846031978092327
1414929600,-0.3277376095700755
1414951200,-0.3270558543387808
1414972800,-0.3263569986558701
1414994400,-0.32557132039348696
1415016000,-0.32464030587754794
1415037600,-0.32352495122709185
1415059200,-0.32224526415325855
1415080800,-0.32085234690869086
1415102400,-0.31938680451061574
1415124000,-0.31789956770843947
1415145600,-0.3164404198017411
1415167200,-0.315025024746544
1415188800,-0.3136565398372121
1415210400,-0.3123615508957174
1415232000,-0.3112035734916345
1415253600,-0.31021263874068
1415275200,-0.3093796672400884
1415296800,-0.3087172413737198
1415318400,-0.30825200116386003
1415340000,-0.3080133465198972
1415361600,-0.3080597113385094
1415383200,-0.3084444855102533
1415404800,-0.3091730301270788
1415426400,-0.310191357850464
1415448000,-0.3114479428613356
1415469600,-0.3129322367186559
1415491200,-0.31459360452302537
1415512800,-0.31632832196017313
1415534400,-0.3180635805178592
1415556000,-0.31980156680158456
1415577600,-0.3215228982041035
1415599200,-0.32318034972817966
1415620800,-0.3248038115041951
1415642400,-0.326439141031624
1415664000,-0.3280985372652693
1415685600,-0.3298079855850989
1415707200,-0.3315811664905442
1415728800,-0.33338935985285695
1415750400,-0.3351960899007991
1415772000,-0.3369731937527356
1415793600,-0.33869605156567484
1415815200,-0.340342067236698
1415836800,-0.3419002955694924
1415858400,-0.3433824887811874
1415880000,-0.34479715574263875
1415901600,-0.3461219119334068
1415923200,-0.3473285631618114
1415944800,-0.3484168560473371
1415966400,-0.349373751895726
1415988000,-0.3502054067387569
1416009600,-0.3509599997032609
1416031200,-0.35166649145985496
1416052800,-0.3523471912308761
1416074400,-0.35306935445313414
1416096000,-0.3538836442477541
1416117600,-0.35478104024288937
1416139200,-0.3557428512908933
1416160800,-0.35673502389493605
1416182400,-0.35769276396876165
1416204000,-0.3585323123380481
1416225600,-0.3592034392448152
1416247200,-0.35970151186290195
1416268800,-0.36007431067828777
1416290400,-0.36039619340958284
1416312000,-0.3607625940955109
1416333600,-0.36126852900142437
1416355200,-0.361945700465655
1416376800,-0.3627840892182594
1416398400,-0.36377173350287195
1416420000,-0.36490236381915075
1416441600,-0.366168281401306
1416463200,-0.367569809564316
1416484800,-0.3691172088553841
1416506400,-0.37085864701001514
1416528000,-0.3727924734916208
1416549600,-0.3748854362234122
1416571200,-0.37712214989797016
1416592800,-0.37944495118394916
1416614400,-0.3817771409554198
1416636000,-0.3840303768424412
1416657600,-0.386150587930534
1416679200,-0.3881286751548636
1416700800,-0.38997854263891746
1416722400,-0.3917594394850654
1416744000,-0.3935313338322706
1416765600,-0.39529504701331
1416787200,-0.3970475432765285
1416808800,-0.3988154091206455
1416830400,-0.4006149617336625
1416852000,-0.4024217970029625
1416873600,-0.404227401696007
1416895200,-0.4060439799002398
1416916800,-0.40784603010350495
1416938400,-0.4095991365617194
1416960000,-0.411311533780634
1416981600,-0.4129926273493366
1417003200,-0.41460303956024813
1417024800,-0.41611768455204734
1417046400,-0.41757177207732316
1417068000,-0.41900539805705556
1417089600,-0.42037724211243904
1417111200,-0.42164352956871665
1417132800,-0.4227899040980032
1417154400,-0.4237837243713429
1417176000,-0.42460963090563125
1417197600,-0.42528758686206164
1417219200,-0.4258420492577915
1417240800,-0.42627109754087733
1417262400,-0.42655710195080937
1417284000,-0.4266841269906987
1417305600,-0.42664744455724585
1417327200,-0.42648041679192555
1417348800,-0.42622582495501377
1417370400,-0.4258840729920057
1417392000,-0.42543620286553446
1417413600,-0.42487355630417356
1417435200,-0.42421917849989194
1417456800,-0.4235341929705164
1417478400,-0.4228956455886547
1417500000,-0.422387635799748
1417521600,-0.4220811076643211
1417543200,-0.42198351451081423
1417564800,-0.42207866846380016
1417586400,-0.4223612442220823
1417608000,-0.4227793507590181
1417629600,-0.4232748410926773
1417651200,-0.42383351786603424
1417672800,-0.42445429937889056
1417694400,-0.4251691090649112
1417716000,-0.4260306505007627
1417737600,-0.42705367406460043
1417759200,-0.4282219064697419
1417780800,-0.4295157091492657
1417802400,-0.43088047761766773
1417824000,-0.4322899085846952
1417845600,-0.4337057228929294
1417867200,-0.435041353538713
1417888800,-0.43625689482387936
1417910400,-0.43736248789399396
1417932000,-0.43838041580925585
1417953600,-0.439280979811296
1417975200,-0.4400255344144065
1417996800,-0.44060007902879106
1418018400,-0.44100476661580146
1418040000,-0.4412691678472193
1418061600,-0.44148037062521367
1418083200,-0.4417068670399883
1418104800,-0.4419529283127279
1418126400,-0.4422086921393955
1418148000,-0.4424396100438172
1418169600,-0.4425958496764183
1418191200,-0.4425972836475333
1418212800,-0.4423915208921286
1418234400,-0.44199617238639743
1418256000,-0.4414041841745711
1418277600,-0.44057566779433305
1418299200,-0.43947918649129536
1418320800,-0.43807736313381485
1418342400,-0.4363112826524403
1418364000,-0.43414887278978215
1418385600,-0.43165157897906087
1418407200,-0.428886238627892
1418428800,-0.4259243641771734
1418450400,-0.4228720873515064
1418472000,-0.4198183490522485
1418493600,-0.4168225279653566
1418515200,-0.41390489911134654
1418536800,-0.41108399073248675
1418558400,-0.40839449395682753
1418580000,-0.4058437102113951
1418601600,-0.40339917312211454
1418623200,-0.4010300394942876
1418644800,-0.3987224689078609
1418666400,-0.3964913655969137
1418688000,-0.3943748496349643
1418709600,-0.39240178877798687
1418731200,-0.3905676187697562
1418752800,-0.38885596884474516
1418774400,-0.3872652771560327
1418796000,-0.3857966641897025
1418817600,-0.38439770064082723
1418839200,-0.383014091449526
1418860800,-0.38160178807439166
1418882400,-0.38010293380819066
1418904000,-0.37850489978277063
1418925600,-0.3768595781810195
1418947200,-0.3752233366447293
1418968800,-0.37360683121620775
1418990400,-0.37197555282762423
1419012000,-0.3702752547236265
1419033600,-0.3684888521823396
1419055200,-0.3666054957963816
1419076800,-0.36461246491642785
1419098400,-0.3625049829323925
1419120000,-0.3602594134639074
1419141600,-0.3578991127204833
1419163200,-0.3554922068728638
1419184800,-0.35307980806424427
1419206400,-0.3506764084360612
1419228000,-0.3482596935165622
1419249600,-0.34579731680017695
1419271200,-0.3432817195745617
1419292800,-0.3407215150844726
1419314400,-0.3381186555675931
1419336000,-0.3354575780278883
1419357600,-0.33269524947958107
1419379200,-0.3298114862563907
1419400800,-0.32683686415766827
1419422400,-0.3238085733738608
1419444000,-0.3207710487834656
1419465600,-0.31777863565068926
1419487200,-0.31491103997543185
1419508800,-0.3122091437632912
1419530400,-0.309621583719335
1419552000,-0.30708957632321143
1419573600,-0.3045874880963058
1419595200,-0.30210330504339855
1419616800,-0.29964357353478444
1419638400,-0.29724020716046623
1419660000,-0.294931859615543
1419681600,-0.2927638863080716
1419703200,-0.29079543445871203
1419724800,-0.2890938136541784
1419746400,-0.28772585304974335
1419768000,-0.28668620988699073
1419789600,-0.2859488730612983
1419811200,-0.2855296144918077
1419832800,-0.2854392925050195
1419854400,-0.28567485693419864
1419876000,-0.28623900442673794
1419897600,-0.2871426404824292
1419919200,-0.28836217719436685
1419940800,-0.28987019677952125
1419962400,-0.29160954387638355
1419984000,-0.29350834747513777
1420005600,-0.2955262655194749
1420027200,-0.29763435549003586
1420048800,-0.29982226904802645
1420070400,-0.30205738681736716
1420092000,-0.3042760338364882
1420113600,-0.3064560766829774
1420135200,-0.3086247729869791
1420156800,-0.31083460817329767
1420178400,-0.3131545839785382
1420200000,-0.31562744201492593
1420221600,-0.31820127140260746
1420243200,-0.3207945493065719
1420264800,-0.3233482006330773
1420286400,-0.32580120428027176
1420308000,-0.32808299455420725
1420329600,-0.3301220889788858
1420351200,-0.3319127035454641
1420372800,-0.3334754221905636
1420394400,-0.3348162448157529
1420416000,-0.3359427038333051
1420437600,-0.3368382180774588
1420459200,-0.33743651657364215
1420480800,-0.3376988675523812
1420502400,-0.3376710571592924
1420524000,-0.33746162003297714
1420545600,-0.3371687105151317
1420567200,-0.33684444521141255
1420588800,-0.3365055502857626
1420610400,-0.33614612532455723
1420632000,-0.3357662685506144
1420653600,-0.3353717516659025
1420675200,-0.33496918138844956
1420696800,-0.3345500691298107
1420718400,-0.3340627185270871
1420740000,-0.3334427554189775
1420761600,-0.3326811399797119
1420783200,-0.33180604217278803
1420804800,-0.33087529943725613
1420826400,-0.3299934524299422
1420848000,-0.32925963463999397
1420869600,-0.328725579178544
1420891200,-0.3284072367891615
1420912800,-0.3283033489806362
1420934400,-0.32840392057447104
1420956000,-0.3286838248914042
1420977600,-0.3290966141667365
1420999200,-0.3295926668657398
1421020800,-0.3301059413716316
1421042400,-0.3305600915822418
1421064000,-0.33096041488464467
1421085600,-0.3313312213273859
1421107200,-0.3316321707122711
1421128800,-0.33182028988923645
1421150400,-0.33188896304066584
1421172000,-0.3318514485522468
1421193600,-0.33171523921748614
1421215200,-0.3314823755153479
1421236800,-0.33115456772941076
1421258400,-0.33071540134273836
1421280000,-0.3300781724656586
1421301600,-0.32916194349987093
1421323200,-0.3279041112996008
1421344800,-0.3262439635896925
1421366400,-0.32420014714507855
1421388000,-0.3218386506260792
1421409600,-0.319223378404536
1421431200,-0.3163897237696024
1421452800,-0.3133433688638267
1421474400,-0.3100616014899123
1421496000,-0.3065210414427147
1421517600,-0.3027323465168413
1421539200,-0.29872935246787746
1421560800,-0.294577429168531
1421582400,-0.29036806477387067
1421604000,-0.28621525981149676
1421625600,-0.28222369983758244
1421647200,-0.2784457375787013
1421668800,-0.2749163143238642
1421690400,-0.2716537800117298
1421712000,-0.2686364925877048
1421733600,-0.2658496579616464
1421755200,-0.26334497014097796
1421776800,-0.2611679792025219
1421798400,-0.2593058869650095
1421820000,-0.25771768071163514
1421841600,-0.2563916011475993
1421863200,-0.2553358201824956
1421884800,-0.2545544478609511
1421906400,-0.25406272119309287
1421928000,-0.2538649206782308
1421949600,-0.25396157256637625
1421971200,-0.25435619870821247
1421992800,-0.255086376540726
1422014400,-0.25620834380507607
1422036000,-0.2577265582255528
1422057600,-0.25956462794908275
1422079200,-0.26163666234742283
1422100800,-0.2638780940813423
1422122400,-0.26622524212400384
1422144000,-0.2686248093854398
1422165600,-0.27104687196397403
1422187200,-0.273500574312235
1422208800,-0.27599728851718636
1422230400,-0.27852975596967716
1422252000,-0.281115098557532
1422273600,-0.28379430644276477
1422295200,-0.2865868333953664
1422316800,-0.2894930859365201
1422338400,-0.29249097337216257
1422360000,-0.2954777567206751
1422381600,-0.2983215999444645
1422403200,-0.3009461217146313
1422424800,-0.30331505250428453
1422446400,-0.3053925608595835
1422468000,-0.30712789547912706
1422489600,-0.308469379954804
1422511200,-0.30936986980499065
1422532800,-0.30978309054795855
1422554400,-0.3097119078805892
1422576000,-0.3092608725633747
1422597600,-0.3085511517279126
1422619200,-0.3077302215531883
1422640800,-0.3069942350768585
1422662400,-0.30649048704705684
1422684000,-0.3062829511054054
1422705600,-0.3063813929310162
1422727200,-0.3067823696696553
1422748800,-0.3074790052842987
1422770400,-0.30844199202892963
1422792000,-0.3096409005546269
1422813600,-0.31108498390710654
1422835200,-0.31277473069677925
1422856800,-0.3146761632876495
1422878400,-0.31673716357722576
1422900000,-0.31889998386970464
1422921600,-0.32111924235756945
1422943200,-0.32336563620776015
1422964800,-0.325619762773952
1422986400,-0.3279149921407361
1423008000,-0.3303178196421824
1423029600,-0.33285709741817204
1423051200,-0.3355257320495553
1423072800,-0.33828717972719585
1423094400,-0.3410740822621546
1423116000,-0.34380369028667107
1423137600,-0.34639485608911796
1423159200,-0.34878385776071325
1423180800,-0.35092243335743295
1423202400,-0.3527605325739437
1423224000,-0.3542702610843728
1423245600,-0.3554423821907481
1423267200,-0.3562392928208071
1423288800,-0.3566020560565747
1423310400,-0.35651609432839226
1423332000,-0.3560394020469786
1423353600,-0.35527814844951694
1423375200,-0.3543519169244527
1423396800,-0.35332256011352575
1423418400,-0.3521803198352337
1423440000,-0.3509065447273971
1423461600,-0.34949691637903696
1423483200,-0.3479579613949776
1423504800,-0.34628861812682227
1423526400,-0.3444524636704746
1423548000,-0.34240309427594556
1423569600,-0.3401084922298044
1423591200,-0.3375542259722872
1423612800,-0.33474185241323484
1423634400,-0.33168894345077216
1423656000,-0.32846556941077787
1423677600,-0.32517086235022663
1423699200,-0.3218991212694004
1423720800,-0.3187177142915844
1423742400,-0.31566148037948544
1423764000,-0.31277117629416196
1423785600,-0.3101109655356983
1423807200,-0.30774290819646705
1423828800,-0.3056977278541404
1423850400,-0.30397684189531793
1423872000,-0.3025575638140049
1423893600,-0.30142736694668937
1423915200,-0.3005548263542001
1423936800,-0.2998566459963712
1423958400,-0.29923730950938837
1423980000,-0.29864617415126626
1424001600,-0.2980897851435261
1424023200,-0.2976043402044168
1424044800,-0.297243242636766
1424066400,-0.29707246843722096
1424088000,-0.2971384647713025
1424109600,-0.2974316334761081
1424131200,-0.2979229078426159
1424152800,-0.2985721504023441
1424174400,-0.299302934695183
1424196000,-0.30003779763942423
1424217600,-0.3007542401859696
1424239200,-0.3014608278369929
1424260800,-0.3021432616526753
1424282400,-0.30274607248314167
1424304000,-0.3032299411230148
1424325600,-0.30359834305506694
1424347200,-0.3038413823811695
1424368800,-0.3039672931908247
1424390400,-0.30402827248103415
1424412000,-0.3040830891880138
1424433600,-0.3041657356559176
1424455200,-0.30430312012160315
1424476800,-0.3045542124795907
1424498400,-0.304969837057032
1424520000,-0.30552720712466447
1424541600,-0.30619588561983024
1424563200,-0.3070125774013713
1424584800,-0.3080118589921722
1424606400,-0.30919890174445736
1424628000,-0.3105715549820522
1424649600,-0.31210423822625816
1424671200,-0.31373487040985326
1424692800,-0.3154160941755291
1424714400,-0.31713985190370375
1424736000,-0.31890368828272564
1424757600,-0.32070541622303705
1424779200,-0.3225446442456911
1424800800,-0.3244659496473834
1424822400,-0.32657166023443307
1424844000,-0.328940546866148
1424865600,-0.331593307487435
1424887200,-0.3345170264656638
1424908800,-0.3376560187622385
1424930400,-0.34096817709930155
1424952000,-0.34447972252277065
1424973600,-0.34822542941586393
1424995200,-0.3522099759329783
1425016800,-0.35642332147982364
1425038400,-0.3608466869536365
1425060000,-0.36544720198975167
1425081600,-0.37014927585886226
1425103200,-0.37487906681717176
1425124800,-0.3796085500225095
1425146400,-0.3843242351957909
1425168000,-0.38901667254090944
1425189600,-0.39367318935256923
1425211200,-0.39829221883379884
1425232800,-0.4028464094989008
1425254400,-0.40729548230372675
1425276000,-0.4116220891909007
1425297600,-0.4158077221765258
1425319200,-0.4198104953787211
1425340800,-0.4235761529392211
1425362400,-0.4270680315308232
1425384000,-0.4302679326263416
1425405600,-0.4331723440911716
1425427200,-0.4357933380999669
1425448800,-0.4381824584630149
1425470400,-0.4404340995097466
1425492000,-0.4426201817163805
1425513600,-0.4447413491735724
1425535200,-0.4467728953849769
1425556800,-0.4487110456588014
1425578400,-0.45057110838708353
1425600000,-0.45239457966782737
1425621600,-0.4542153671783983
1425643200,-0.4560561489200617
1425664800,-0.4579292375742698
1425686400,-0.45979119473853863
1425708000,-0.4615668243491527
1425729600,-0.46316964008423483
1425751200,-0.4645162612466861
1425772800,-0.4655310391078083
1425794400,-0.4661830329703072
1425816000,-0.4665173461209051
1425837600,-0.46657186271405454
1425859200,-0.4663470884820057
1425880800,-0.4658749376383468
1425902400,-0.4652161931126911
1425924000,-0.4644561498503766
1425945600,-0.463661245721587
1425967200,-0.46285065750210297
1425988800,-0.4620726920654134
1426010400,-0.4613594598032425
1426032000,-0.4607113626842491
1426053600,-0.460138703420727
1426075200,-0.4596490960020514
1426096800,-0.45920344615598957
1426118400,-0.4587238437026954
1426140000,-0.4581519321934176
1426161600,-0.45746118523119267
1426183200,-0.4566590007230593
1426204800,-0.45579133690719503
1426226400,-0.45489093926248386
1426248000,-0.4539182963172061
1426269600,-0.4528213415349704
1426291200,-0.4515855684310511
1426312800,-0.4502176152081662
1426334400,-0.44873530911526893
1426356000,-0.44716353302241224
1426377600,-0.445536210158287
1426399200,-0.4438868650446168
1426420800,-0.44223648408253724
1426442400,-0.4406056964320728
1426464000,-0.43902579309178014
1426485600,-0.43750420817224195
1426507200,-0.43601471394667957
1426528800,-0.4345409862894004
1426550400,-0.4330719078976434
1426572000,-0.43160302956423674
1426593600,-0.43014545731087744
1426615200,-0.42871650385747995
1426636800,-0.4273258547410658
1426658400,-0.4259785831107256
1426680000,-0.42468272640028093
1426701600,-0.4234385761352315
1426723200,-0.4222508186231756
1426744800,-0.42110467663251144
1426766400,-0.4199749165024504
1426788000,-0.4188715403178913
1426809600,-0.4178241706904793
1426831200,-0.4168488396858924
1426852800,-0.4159553757726462
1426874400,-0.41514159654026017
1426896000,-0.4143648368938122
1426917600,-0.4135892230623167
1426939200,-0.41278714339060674
1426960800,-0.4119208397404805
1426982400,-0.41098882175228907
1427004000,-0.4100383649797945
1427025600,-0.4091661534494202
1427047200,-0.40848271137090325
1427068800,-0.40807844109157354
1427090400,-0.40799848677164785
1427112000,-0.4082363078751542
1427133600,-0.4087486711033682
1427155200,-0.4094949776482202
1427176800,-0.4104356155254891
1427198400,-0.4115094970683128
1427220000,-0.4126405184651883
1427241600,-0.4138113490313327
1427263200,-0.4150905895714644
1427284800,-0.4165186108836156
1427306400,-0.4181287483115262
1427328000,-0.4199262387334852
1427349600,-0.4218685205306289
1427371200,-0.4239238265877386
1427392800,-0.4260813363212464
1427414400,-0.42834915438264826
1427436000,-0.43075099197420863
1427457600,-0.43327923918811967
1427479200,-0.4359151453856718
1427500800,-0.4386572748367566
1427522400,-0.44144862495888965
1427544000,-0.4442342935708272
1427565600,-0.44700552357681483
1427587200,-0.449757997442981
1427608800,-0.45247237796219836
1427630400,-0.45513296718246465
1427652000,-0.4577473486356167
1427673600,-0.4603403188144586
1427695200,-0.46291833530739857
1427716800,-0.46546958788938686
1427738400,-0.4679690975770847
1427760000,-0.4703821937811533
1427781600,-0.4726979403612533
1427803200,-0.4749071083759412
1427824800,-0.476988134210997
1427846400,-0.47889713383633864
1427868000,-0.4805858245579806
1427889600,-0.4820198447736172
1427911200,-0.4831815606250264
1427932800,-0.4840708069224829
1427954400,-0.4846862980696894
1427976000,-0.4850256217937243
1427997600,-0.4850911433143257
1428019200,-0.4848881455041587
1428040800,-0.4844638321419813
1428062400,-0.48388163398620543
1428084000,-0.4831614056503866
1428105600,-0.4822991074130095
1428127200,-0.4812941514879867
1428148800,-0.48017462907967645
1428170400,-0.47898007932514064
1428192000,-0.477732742518075
1428213600,-0.47645267128851987
1428235200,-0.47520722603767485
1428256800,-0.4740481935227406
1428278400,-0.472978639527034
1428300000,-0.47200355332041966
1428321600,-0.4711042264016311
1428343200,-0.4702304841636086
1428364800,-0.46931510887606664
1428386400,-0.4683179728753604
1428408000,-0.46724361689406924
1428429600,-0.4661378473933027
1428451200,-0.4650467132284704
1428472800,-0.46400866385986156
1428494400,-0.4630649624458126
1428516000,-0.4622206926732172
1428537600,-0.46143181346334355
1428559200,-0.4605972008077436
1428580800,-0.4596195443609713
1428602400,-0.4584344885316246
1428624000,-0.4570418185751694
1428645600,-0.455492623892448
1428667200,-0.4538304616414764
1428688800,-0.45207630682856853
1428710400,-0.4502228059329627
1428732000,-0.4482464713337031
1428753600,-0.44615821630177616
1428775200,-0.4439813132423167
1428796800,-0.4417147182445733
1428818400,-0.43938256013745147
1428840000,-0.4369772746444386
1428861600,-0.43449125463762833
1428883200,-0.4319574561211927
1428904800,-0.429403413354927
1428926400,-0.42683908229580986
1428948000,-0.4242456132677723
1428969600,-0.4215772056410556
1428991200,-0.4188338557560149
1429012800,-0.4160526812465673
1429034400,-0.4132647582388495
1429056000,-0.4105088034395996
1429077600,-0.40780315395066535
1429099200,-0.40515212673703876
1429120800,-0.40256604756405623
1429142400,-0.40009273077302504
1429164000,-0.3977773132103093
1429185600,-0.39560002834587865
1429207200,-0.39352030392432186
1429228800,-0.3915383551818903
1429250400,-0.3896751645546274
1429272000,-0.3879754160166411
1429293600,-0.38652133208854184
1429315200,-0.385371280901621
1429336800,-0.3845244694910734
1429358400,-0.38397362039311633
1429380000,-0.38375936655529
1429401600,-0.3839261948546877
1429423200,-0.38446973394714756
1429444800,-0.385340269143758
1429466400,-0.38648538945056915
1429488000,-0.38787614007023385
1429509600,-0.3894873896790363
1429531200,-0.391272011297926
1429552800,-0.3932025372111951
1429574400,-0.3952231653854517
1429596000,-0.39725107343530974
1429617600,-0.3992710086898
1429639200,-0.40131194321172303
1429660800,-0.40343934813056986
1429682400,-0.40570222377357634
1429704000,-0.4081063833794157
1429725600,-0.4106440110062509
1429747200,-0.41328926562714524
1429768800,-0.41595862172229053
1429790400,-0.41856812548631533
1429812000,-0.4210906492229824
1429833600,-0.42350082216300117
1429855200,-0.42579486941438976
1429876800,-0.4280050776630281
1429898400,-0.43018098195523685
1429920000,-0.4323189831964591
1429941600,-0.4343342653231731
1429963200,-0.4361372054901822
1429984800,-0.4376681085228568
1430006400,-0.43889833929738914
1430028000,-0.439825606442815
1430049600,-0.44046359918785033
1430071200,-0.4408265067289199
1430092800,-0.44095927082741593
1430114400,-0.4409511967998753
1430136000,-0.4409153982337487
1430157600,-0.4409200746470321
1430179200,-0.44095641443611466
1430200800,-0.4409896851452862
1430222400,-0.44100558300832027
1430244000,-0.4410207853312552
1430265600,-0.44107454250954853
1430287200,-0.44117398946303477
1430308800,-0.441286679107342
1430330400,-0.4413854218015103
1430352000,-0.44145325840581107
1430373600,-0.44151921537365685
1430395200,-0.4416285184720302
1430416800,-0.44181197434670705
1430438400,-0.4421168623129244
1430460000,-0.44258373722162897
1430481600,-0.4432577159852981
1430503200,-0.4441776793345473
1430524800,-0.4453029492078887
1430546400,-0.4465733715299965
1430568000,-0.4479336801096157
1430589600,-0.4492981052690829
1430611200,-0.4505927663984113
1430632800,-0.4517778968729514
1430654400,-0.452813994134094
1430676000,-0.45360835701873237
1430697600,-0.45408723585959593
1430719200,-0.4542896522621607
1430740800,-0.45428239947058013
1430762400,-0.4541151138179307
1430784000,-0.4538416411124655
1430805600,-0.45347594962964966
1430827200,-0.45297588140391487
1430848800,-0.4523197402067701
1430870400,-0.4515799841647342
1430892000,-0.45083406940029797
1430913600,-0.450093494348587
1430935200,-0.44933889992087306
1430956800,-0.4485107473778663
1430978400,-0.44754990640189996
1431000000,-0.4464379902639655
1431021600,-0.4451505425094241
1431043200,-0.4436591586188903
1431064800,-0.44198880010780583
1431086400,-0.4401794968209689
1431108000,-0.4382773086749665
1431129600,-0.4363523968969342
1431151200,-0.434452434493927
1431172800,-0.432617014159657
1431194400,-0.4308470335783761
1431216000,-0.4291420610322294
1431237600,-0.4275646753459191
1431259200,-0.42617290737548963
1431280800,-0.4250057032814201
1431302400,-0.4240910349480391
1431324000,-0.42342896586789797
1431345600,-0.42300679574228944
1431367200,-0.4228233922936417
1431388800,-0.4228148895461384
1431410400,-0.4228583480752215
1431432000,-0.42286613965154407
1431453600,-0.4228187831020233
1431475200,-0.4227925380331279
1431496800,-0.42292746629445316
1431518400,-0.423331394905489
1431540000,-0.42404052492461114
1431561600,-0.4250608391302799
1431583200,-0.4263922961198556
1431604800,-0.4280340230627876
1431626400,-0.4299822367983151
1431648000,-0.43219335841215734
1431669600,-0.43456492139158276
1431691200,-0.43699239276376134
1431712800,-0.4394174147243143
1431734400,-0.44179661112263807
1431756000,-0.44408847102192883
1431777600,-0.44625014009268715
1431799200,-0.44824245696913156
1431820800,-0.4500848748308302
1431842400,-0.4518260048361127
1431864000,-0.45351056133047346
1431885600,-0.45520008476154783
1431907200,-0.45693913523983043
1431928800,-0.4587400995243617
1431950400,-0.4606021364853389
1431972000,-0.46252465668819587
1431993600,-0.46451463519327857
1432015200,-0.46653432253454485
1432036800,-0.4685234836097604
1432058400,-0.4704384849462152
1432080000,-0.47223210318806946
1432101600,-0.47389459489823343
1432123200,-0.4754752476858323
1432144800,-0.47700710350943154
1432166400,-0.47848641646255485
1432188000,-0.479925947561489
1432209600,-0.4813747524974868
1432231200,-0.482855715337408
1432252800,-0.4843568764921539
1432274400,-0.4858768338634769
1432296000,-0.4873889850808449
1432317600,-0.48887135799511683
1432339200,-0.4903535800581569
1432360800,-0.491892572687738
1432382400,-0.4935193391021783
1432404000,-0.4952049738011224
1432425600,-0.4969069251967398
1432447200,-0.4986046701332728
1432468800,-0.500261683229082
1432490400,-0.5018769208640468
1432512000,-0.5034933526147718
1432533600,-0.505131356587678
1432555200,-0.5068035102194478
1432576800,-0.508528884639695
1432598400,-0.5103189360752516
1432620000,-0.5121763833032107
1432641600,-0.5141073968169179
1432663200,-0.51611581006213
1432684800,-0.518238018480037
1432706400,-0.5204871006199631
1432728000,-0.5228311593773106
1432749600,-0.5252307958770577
1432771200,-0.5276009592019548
1432792800,-0.5298335349912772
1432814400,-0.5318470769878094
1432836000,-0.5336143258222708
1432857600,-0.5351251040933339
1432879200,-0.5363500148968916
1432900800,-0.5372648273162537
1432922400,-0.5379108567828222
1432944000,-0.5383814836403737
1432965600,-0.5387560444967954
1432987200,-0.539101097495415
1433008800,-0.5394692181461868
1433030400,-0.5398395244049577
1433052000,-0.5401423719124051
1433073600,-0.5403561487632808
1433095200,-0.5404699579022259
1433116800,-0.5404487500219493
1433138400,-0.5402620223177244
1433160000,-0.53986805018
1433181600,-0.5391969305444672
1433203200,-0.5381802888276596
1433224800,-0.5367793771955234
1433246400,-0.534975061434774
1433268000,-0.5327958782606679
1433289600,-0.5303190833449534
1433311200,-0.5276422112783343
1433332800,-0.5248629048791358
1433354400,-0.5220706402436648
1433376000,-0.5193459088520066
1433397600,-0.5167191014978639
1433419200,-0.5141547524436743
1433440800,-0.5116239484154471
1433462400,-0.5091254811994712
1433484000,-0.5066420203802406
1433505600,-0.5041231195043536
1433527200,-0.5015347575847124
1433548800,-0.4988886131993724
1433570400,-0.49619936831655537
1433592000,-0.49346450725400526
1433613600,-0.49068719608213546
1433635200,-0.48787081511803787
1433656800,-0.4849858258202175
1433678400,-0.48201906667871713
1433700000,-0.4789945024679117
1433721600,-0.475965311624744
1433743200,-0.47297746426233617
1433764800,-0.4700661105383212
1433786400,-0.46725793482383043
1433808000,-0.464553414121984
1433829600,-0.4619531254373246
1433851200,-0.45944927548908243
1433872800,-0.4570136910924963
1433894400,-0.4546034176320112
1433916000,-0.4521891238743821
1433937600,-0.44975584463142354
1433959200,-0.4472777381167982
1433980800,-0.44472759797966316
1434002400,-0.4421015414649966
1434024000,-0.43939237302090245
1434045600,-0.43657529288724406
1434067200,-0.4336415050867838
1434088800,-0.4306226316659212
1434110400,-0.42758937985445206
1434132000,-0.4245948435803903
1434153600,-0.42166649088355557
1434175200,-0.41883670231107717
1434196800,-0.41611758003848237
1434218400,-0.41345733444750044
1434240000,-0.4107988695267134
1434261600,-0.4081312785985561
1434283200,-0.4054460654353688
1434304800,-0.4027142696938555
1434326400,-0.3999440651917696
1434348000,-0.39720251918823685
1434369600,-0.394542507671717
1434391200,-0.3920300074242002
1434412800,-0.38975215493059034
1434434400,-0.38776755286339193
1434456000,-0.3861016244296663
1434477600,-0.38473152217810397
1434499200,-0.3836363774055427
1434520800,-0.3828213287137364
1434542400,-0.38227122193377283
1434564000,-0.3819686971103929
1434585600,-0.38191925417618133
1434607200,-0.38211159647721354
1434628800,-0.38252672457248993
1434650400,-0.3831343427247745
1434672000,-0.3838791926916844
1434693600,-0.38474059518160575
1434715200,-0.38575912734809087
1434736800,-0.38699705532679407
1434758400,-0.3884968265394114
1434780000,-0.390297737068281
1434801600,-0.3924121082792482
1434823200,-0.39479999234466623
1434844800,-0.3974120904556652
1434866400,-0.4002157279934763
1434888000,-0.40318702298607145
1434909600,-0.40628799120694314
1434931200,-0.40946645226067363
1434952800,-0.4126895636921192
1434974400,-0.4159372483601611
1434996000,-0.41918278582243246
1435017600,-0.42239487549095334
1435039200,-0.42555982094225087
1435060800,-0.4286674518975645
1435082400,-0.43169456967413755
1435104000,-0.43463008401355124
1435125600,-0.4375050328083603
1435147200,-0.4403369609230136
1435168800,-0.4430983703486089
1435190400,-0.44574489772233716
1435212000,-0.4482052142111239
1435233600,-0.4504107670696937
1435255200,-0.45229317803183056
1435276800,-0.4538065180317685
1435298400,-0.45497193169216577
1435320000,-0.4558459911845649
1435341600,-0.45648390265911665
1435363200,-0.4569761864427233
1435384800,-0.4573867334580096
1435406400,-0.4577011468172472
1435428000,-0.457895697610487
1435449600,-0.45795787428498796
1435471200,-0.4578899742049804
1435492800,-0.45771342807970894
1435514400,-0.4574627497482037
1435536000,-0.45717506080118664
1435557600,-0.45686165055242905
1435579200,-0.4565110799586752
1435600800,-0.45612192980659705
1435622400,-0.4556910929015199
1435644000,-0.4551854357388252
1435665600,-0.4545849221842321
1435687200,-0.4539213310398497
1435708800,-0.45320594095790967
1435730400,-0.452417332167879
1435752000,-0.45155114751445447
1435773600,-0.4506521486289401
1435795200,-0.4497664344211872
1435816800,-0.44890856651240885
1435838400,-0.4481170767542078
1435860000,-0.4474223210461971
1435881600,-0.44677340401688603
1435903200,-0.4460882616053467
1435924800,-0.44528913927667724
1435946400,-0.4443067490926541
1435968000,-0.4430756590383531
1435989600,-0.4415471557435179
1436011200,-0.43974395370454844
1436032800,-0.4376924267060137
1436054400,-0.4353924719315097
1436076000,-0.4328648337080707
1436097600,-0.43013649225728984
1436119200,-0.42719935864401104
1436140800,-0.4240266206420452
1436162400,-0.4205884880783185
1436184000,-0.41690001159047424
1436205600,-0.4130285273947292
1436227200,-0.40903576349426934
1436248800,-0.4049585449847661
1436270400,-0.4008132719614006
1436292000,-0.3966181734717446
1436313600,-0.3923927913432288
1436335200,-0.3881531712257603
1436356800,-0.38392223403956716
1436378400,-0.37972115324353767
1436400000,-0.37552907645256467
1436421600,-0.3712821902760484
1436443200,-0.3669598232374687
1436464800,-0.36262288488583433
1436486400,-0.3583824109266669
1436508000,-0.35437004953749635
1436529600,-0.3506833781103983
1436551200,-0.3473890639024625
1436572800,-0.34451427577100996
1436594400,-0.3420400860668216
1436616000,-0.3399507963058749
1436637600,-0.33822585502893737
1436659200,-0.33678182374983556
1436680800,-0.3355498291243038
1436702400,-0.33451600095621753
1436724000,-0.3337089873417712
1436745600,-0.33318848762739717
1436767200,-0.33298730920101605
1436788800,-0.333127362654376
1436810400,-0.33362908434927513
1436832000,-0.3344928769331845
1436853600,-0.33570774761778077
1436875200,-0.3372556739661779
1436896800,-0.3390526134153869
1436918400,-0.34101088718253536
1436940000,-0.34310879934002225
1436961600,-0.3453397443953286
1436983200,-0.3476519276822169
1437004800,-0.3499898306545037
1437026400,-0.3523425660785599
1437048000,-0.3547145003188426
1437069600,-0.3571046183955886
1437091200,-0.3595057383640012
1437112800,-0.3619195590162194
1437134400,-0.3643452388947726
1437156000,-0.36678249334902874
1437177600,-0.36925060941098964
1437199200,-0.37177097480939497
1437220800,-0.37429354359799194
1437242400,-0.3767396110078915
1437264000,-0.37907361075179896
1437285600,-0.38127134028342025
1437307200,-0.3832746183604907
1437328800,-0.38502341880353325
1437350400,-0.3864886197132599
1437372000,-0.38761735029529865
1437393600,-0.38836252213796874
1437415200,-0.3887691445579018
1437436800,-0.38894592693249913
1437458400,-0.3889837126250962
1437480000,-0.38893777727757706
1437501600,-0.3888766953249072
1437523200,-0.3888789238725343
1437544800,-0.3889865727352733
1437566400,-0.38923576780326674
1437588000,-0.3896555170541224
1437609600,-0.3901890694051825
1437631200,-0.390753515252118
1437652800,-0.3913290118958617
1437674400,-0.3919323863955052
1437696000,-0.39263767814818307
1437717600,-0.39351875842829154
1437739200,-0.3945951479979052
1437760800,-0.3958504542443881
1437782400,-0.3972328310023475
1437804000,-0.39865073934652717
1437825600,-0.40001881275793816
1437847200,-0.4012869835188395
1437868800,-0.40243485466671386
1437890400,-0.4034623602600532
1437912000,-0.40438317420379727
1437933600,-0.4052567843080537
1437955200,-0.40613311865146207
1437976800,-0.4069943252066422
1437998400,-0.4077941257252699
1438020000,-0.40846078748499925
1438041600,-0.4089043059414891
1438063200,-0.4090692257582166
1438084800,-0.4089228413989186
1438106400,-0.40844036483669544
1438128000,-0.4076079733083393
1438149600,-0.4064221390856781
1438171200,-0.40489666737979096
1438192800,-0.40306357130811576
1438214400,-0.4009265117462577
1438236000,-0.39847184933179947
1438257600,-0.395699593825259
1438279200,-0.3926363092171921
1438300800,-0.3893200635203021
1438322400,-0.38576150204469445
1438344000,-0.3819708482600677
1438365600,-0.37795353698649514
1438387200,-0.37371964335344887
1438408800,-0.36929551843088815
1438430400,-0.36473526552939955
1438452000,-0.36009262744860954
1438473600,-0.3553885130459889
1438495200,-0.35062843673296407
1438516800,-0.34588039324557224
1438538400,-0.34124636601831515
1438560000,-0.3368006393406265
1438581600,-0.33259469555582477
1438603200,-0.3286577736880933
1438624800,-0.3250455182496518
1438646400,-0.32180593941613206
1438668000,-0.31895570926474487
1438689600,-0.31648247120143763
1438711200,-0.31433802825472207
1438732800,-0.31244571071580246
1438754400,-0.31078401959458213
1438776000,-0.3093952096670125
1438797600,-0.30830962954388197
1438819200,-0.3075232922664226
1438840800,-0.30700920542723464
1438862400,-0.3067294530740093
1438884000,-0.30665150775300093
1438905600,-0.3068067673678025
1438927200,-0.307248078927029
1438948800,-0.3079623322162405
1438970400,-0.30887598968694835
1438992000,-0.3099116542469999
1439013600,-0.31100582410494326
1439035200,-0.3121105296072758
1439056800,-0.31318788431311373
1439078400,-0.31422974500581435
1439100000,-0.3152746695526726
1439121600,-0.3163430619033457
1439143200,-0.31746169504082167
1439164800,-0.318674610084484
1439186400,-0.3200104587114319
1439208000,-0.32146807458257737
1439229600,-0.32298502368790444
1439251200,-0.3245062691251557
1439272800,-0.32601674096830235
1439294400,-0.32750112207871995
1439316000,-0.32893638952418974
1439337600,-0.3303218639245941
1439359200,-0.3316408804727609
1439380800,-0.33282825552447654
1439402400,-0.33382478146398176
1439424000,-0.3345885939961673
1439445600,-0.335078713401603
1439467200,-0.33526463911587207
1439488800,-0.335203453034758
1439510400,-0.3350314306735547
1439532000,-0.33486511295490673
1439553600,-0.33478930180229804
1439575200,-0.33484315190601904
1439596800,-0.3350510353411188
1439618400,-0.33543491056662517
1439640000,-0.3359794282089305
1439661600,-0.336666642423463
1439683200,-0.3374626443551325
1439704800,-0.338314470558804
1439726400,-0.3391992479061918
1439748000,-0.3401461145713101
1439769600,-0.3411928923273692
1439791200,-0.34236827957112315
1439812800,-0.3437030411298043
1439834400,-0.3452089335741751
1439856000,-0.3468956678097542
1439877600,-0.34876083749902015
1439899200,-0.35077529508687455
1439920800,-0.3528906430201905
1439942400,-0.35506207769049625
1439964000,-0.35723701659570223
1439985600,-0.35938615572605603
1440007200,-0.36152398603855856
1440028800,-0.36366905612371964
1440050400,-0.3658146760979128
1440072000,-0.3679053760104734
1440093600,-0.3698167583184693
1440115200,-0.371434243727442
1440136800,-0.3727275933372254
1440158400,-0.37369658852409837
1440180000,-0.3743596721643865
1440201600,-0.3747564562453228
1440223200,-0.3749219246823202
1440244800,-0.37487373376825717
1440266400,-0.3746423052478717
1440288000,-0.37421403971116685
1440309600,-0.37352615302741893
1440331200,-0.37253202105012156
1440352800,-0.37122422527173565
1440374400,-0.36962007767299
1440396000,-0.36773284013974133
1440417600,-0.36558875870554736
1440439200,-0.36321067582978234
1440460800,-0.3606001756990885
1440482400,-0.35773719087239547
1440504000,-0.35460396046597625
1440525600,-0.3512194858429509
1440547200,-0.3476287514772167
1440568800,-0.34387611954747477
1440590400,-0.3400202201907452
1440612000,-0.33615238862211505
1440633600,-0.3323176700973221
1440655200,-0.3285445416668376
1440676800,-0.32491296498530114
1440698400,-0.3214887177007074
1440720000,-0.31831110658945316
1440741600,-0.3154195858864371
1440763200,-0.3128531911942744
1440784800,-0.3106149591177338
1440806400,-0.30866103870718087
1440828000,-0.30694672338397433
1440849600,-0.3054544544409753
1440871200,-0.3041977428015066
1440892800,-0.30320316837185424
1440914400,-0.3025211352863388
1440936000,-0.3022001185303743
1440957600,-0.3022633529793962
1440979200,-0.3027278973959876
1441000800,-0.3035800791265749
1441022400,-0.3047392004129797
1441044000,-0.3060782991320979
1441065600,-0.3074947904949095
1441087200,-0.30893016527439043
1441108800,-0.31033072186086413
1441130400,-0.31162909684445317
1441152000,-0.3127813582052801
1441173600,-0.31379125194753765
1441195200,-0.3146929596370192
1441216800,-0.31553013916579914
1441238400,-0.31635150562106845
1441260000,-0.31723165144141324
1441281600,-0.31824167216508054
1441303200,-0.3194266431035424
1441324800,-0.32080012771433175
1441346400,-0.32232875708041814
1441368000,-0.32399238064844726
1441389600,-0.3257991285440806
1441411200,-0.3277139015566371
1441432800,-0.3296341799013968
1441454400,-0.3314548734743794
1441476000,-0.33308957865402894
1441497600,-0.3344666022794581
1441519200,-0.33553574079740933
1441540800,-0.3362722824307395
1441562400,-0.336684264053652
1441584000,-0.3368261753091442
1441605600,-0.33680456200856806
1441627200,-0.3367581438711971
1441648800,-0.33680812983196146
1441670400,-0.3369986002960224
1441692000,-0.3373249398138152
1441713600,-0.3377720512423556
1441735200,-0.3382937286040684
1441756800,-0.33885291846131277
1441778400,-0.3394640557645723
1441800000,-0.34015427855922187
1441821600,-0.3409559901328473
1441843200,-0.3419396558289998
1441864800,-0.34314457388128783
1441886400,-0.3445370287852518
1441908000,-0.3460631335378142
1441929600,-0.34770484098210963
1441951200,-0.34946952228511496
1441972800,-0.3513485892375292
1441994400,-0.35333591118166446
1442016000,-0.3554392473691088
1442037600,-0.357658098450412
1442059200,-0.359936947309131
1442080800,-0.36220939486849085
1442102400,-0.3644527423802927
1442124000,-0.366639752301884
1442145600,-0.3686849154762486
1442167200,-0.3705031642256847
1442188800,-0.37206381309424397
1442210400,-0.37332195136049123
1442232000,-0.3742287181650408
1442253600,-0.37476813087460686
1442275200,-0.3749599181122387
1442296800,-0.3748559871735091
1442318400,-0.3745033305149389
1442340000,-0.37394794088191774
1442361600,-0.37323043131957073
1442383200,-0.3723645417774063
1442404800,-0.3713583488561672
1442426400,-0.37022380173444897
1442448000,-0.3689544671965874
1442469600,-0.36750016328997887
1442491200,-0.3657770370749255
1442512800,-0.36372290020718095
1442534400,-0.3613144254269634
1442556000,-0.3585404291836636
1442577600,-0.35539400318665887
1442599200,-0.35189431672234167
1442620800,-0.3480897525706456
1442642400,-0.3440400632551463
1442664000,-0.33979352423111797
1442685600,-0.33542051504141596
1442707200,-0.3310260915878934
1442728800,-0.3267282273159704
1442750400,-0.3226361997543572
1442772000,-0.3188059498022584
1442793600,-0.3152430605105396
1442815200,-0.31193622875577737
1442836800,-0.3088737662031009
1442858400,-0.3060447540136246
1442880000,-0.30343278307056565
1442901600,-0.30101011680640016
1442923200,-0.2987284709727392
1442944800,-0.2965518206883547
1442966400,-0.2945068418156652
1442988000,-0.2926415415429769
1443009600,-0.29099961107241074
1443031200,-0.28963190939250044
1443052800,-0.28857964612646486
1443074400,-0.28789395869716566
1443096000,-0.2876029242101104
1443117600,-0.2876503852338776
1443139200,-0.28790226520552087
1443160800,-0.28825573630154067
1443182400,-0.2886605324582486
1443204000,-0.28908430587854206
1443225600,-0.2895332980648041
1443247200,-0.29000888237473055
1443268800,-0.29051601608870375
1443290400,-0.29107260179942224
1443312000,-0.29167841553296664
1443333600,-0.29233386036992215
1443355200,-0.2930837447679884
1443376800,-0.29394663171153207
1443398400,-0.2949133996159306
1443420000,-0.2959963212106251
1443441600,-0.29721636805228213
1443463200,-0.2985814870744063
1443484800,-0.3000432540631256
1443506400,-0.30153862081161276
1443528000,-0.30302980737504676
1443549600,-0.3044881662793289
1443571200,-0.3058985768656129
1443592800,-0.3072868182231186
1443614400,-0.308693544543157
1443636000,-0.31012192850630604
1443657600,-0.3115396184262967
1443679200,-0.3129051085854237
1443700800,-0.31415084688332034
1443722400,-0.3152080965810826
1443744000,-0.31607083107815287
1443765600,-0.3168287540952079
1443787200,-0.31760597636488236
1443808800,-0.3184696790608195
1443830400,-0.31943270838988325
1443852000,-0.32051785787939074
1443873600,-0.3217532966968239
1443895200,-0.32311676652921645
1443916800,-0.32457452461505426
1443938400,-0.3261105331485208
1443960000,-0.32773572167315773
1443981600,-0.32945889357559727
1444003200,-0.33132096356635726
1444024800,-0.3333922356948882
1444046400,-0.3356743223015184
1444068000,-0.33813641084553153
1444089600,-0.3407671930129461
1444111200,-0.3435618096830595
1444132800,-0.34649402413297486
1444154400,-0.3495084352467453
1444176000,-0.35256225833016136
1444197600,-0.3556537287444746
1444219200,-0.3587584783229799
1444240800,-0.3618086148734034
1444262400,-0.3647406318646097
1444284000,-0.36751426641068424
1444305600,-0.37012544747114395
1444327200,-0.3725849982331038
1444348800,-0.37488563552119863
1444370400,-0.3769786623500396
1444392000,-0.3788217396201616
1444413600,-0.38041267682739044
1444435200,-0.3817622043901611
1444456800,-0.38286689582434597
1444478400,-0.38372421306321974
1444500000,-0.3843650535254659
1444521600,-0.38481528287747657
1444543200,-0.3850929862055568
1444564800,-0.38522350379466824
1444586400,-0.38523130269128153
1444608000,-0.38509417300829396
1444629600,-0.3847753903456597
1444651200,-0.38427710157919365
1444672800,-0.3836426227614035
1444694400,-0.38290752485522
1444716000,-0.3820793900161795
1444737600,-0.381154787197635
1444759200,-0.38009700420019094
1444780800,-0.37885259891521084
1444802400,-0.3773943143169305
1444824000,-0.3757276728591942
1444845600,-0.37386515495920675
1444867200,-0.371813096405675
1444888800,-0.3695304105134348
1444910400,-0.36696861574140127
1444932000,-0.36412799556742004
1444953600,-0.3610571785660763
1444975200,-0.3578383612009571
1444996800,-0.35461293015098533
1445018400,-0.35155599102868185
1445040000,-0.34880855559719076
1445061600,-0.3464214501074308
1445083200,-0.3443829492492705
1445104800,-0.34267338926523044
1445126400,-0.34126445175275166
1445148000,-0.3401234272255734
1445169600,-0.33922290674276495
1445191200,-0.3385706756707124
1445212800,-0.338170372573459
1445234400,-0.3380179080152458
1445256000,-0.3380913231622878
1445277600,-0.3383375377887092
1445299200,-0.33865185882680787
1445320800,-0.3389320548582044
1445342400,-0.33913708860718583
1445364000,-0.33925407930381557
1445385600,-0.3392599865735284
1445407200,-0.33913532169522675
1445428800,-0.33892550163630925
1445450400,-0.33869827856522866
1445472000,-0.3384938176412707
1445493600,-0.3383142422937373
1445515200,-0.33817153648551007
1445536800,-0.3380822214662549
1445558400,-0.33805029672320963
1445580000,-0.338090267357445
1445601600,-0.33820910263510107
1445623200,-0.33841360793198866
1445644800,-0.3386850622372175
1445666400,-0.33898957322445433
1445688000,-0.3393060400199423
1445709600,-0.33960366540676956
1445731200,-0.339812559795461
1445752800,-0.3398928269410704
1445774400,-0.33987002121072635
1445796000,-0.3397272489378525
1445817600,-0.3394209312619936
1445839200,-0.3389406620624885
1445860800,-0.33826244704695446
1445882400,-0.3373386649656371
1445904000,-0.33618435552743514
1445925600,-0.3348614894879234
1445947200,-0.3334175570830919
1445968800,-0.3318853565280243
1445990400,-0.33033423051159994
1446012000,-0.3288626565276036
1446033600,-0.3275471628009545
1446055200,-0.32645102214046723
1446076800,-0.32563622803870834
1446098400,-0.32514809149018575
1446120000,-0.32497093163624047
1446141600,-0.3250726122238887
1446163200,-0.3254375887580313
1446184800,-0.3260477372593718
1446206400,-0.32687502458516826
1446228000,-0.3278867235850852
1446249600,-0.32905108798962146
1446271200,-0.3303527804206663
1446292800,-0.3317745483062684
1446314400,-0.33334171408135366
1446336000,-0.3350573205717626
1446357600,-0.3368716273380904
1446379200,-0.33876898983060766
1446400800,-0.3407438768093225
1446422400,-0.3428067146042095
1446444000,-0.34495891296114706
1446465600,-0.34719155405413615
1446487200,-0.34948762475695544
1446508800,-0.3518219896834348
1446530400,-0.3541332848268341
1446552000,-0.3563425576711354
1446573600,-0.3583811514694675
1446595200,-0.36019195777769075
1446616800,-0.3617465546784753
1446638400,-0.3630560633402586
1446660000,-0.36415782669489144
1446681600,-0.3651028954127745
1446703200,-0.36596490870568527
1446724800,-0.3667765888145655
1446746400,-0.36754790418571753
1446768000,-0.3683177219286033
1446789600,-0.3691146937261273
1446811200,-0.36993951869065383
1446832800,-0.3707727228437028
1446854400,-0.3715414529203667
1446876000,-0.3721652071951998
1446897600,-0.37256989870664936
1446919200,-0.372688127560171
1446940800,-0.3725164191567956
1446962400,-0.37206517443433995
1446984000,-0.37134187626847864
1447005600,-0.3703679324332163
1447027200,-0.36920545244862146
1447048800,-0.367919752026298
1447070400,-0.3665332491079887
1447092000,-0.36507275732185085
1447113600,-0.3636159211396326
1447135200,-0.3622456115060177
1447156800,-0.36103377987307156
1447178400,-0.36007004945759047
1447200000,-0.359396405383256
1447221600,-0.3589855949791224
1447243200,-0.3588083093812954
1447264800,-0.3588827862603182
1447286400,-0.35918542966806166
1447308000,-0.3596521419470492
1447329600,-0.36025663102050487
1447351200,-0.36097802053104294
1447372800,-0.36176075004496555
1447394400,-0.36257588039106114
1447416000,-0.36347039169375134
1447437600,-0.36449076323208424
1447459200,-0.3656483253126358
1447480800,-0.36697969075627696
1447502400,-0.36853201035353006
1447524000,-0.370289176615981
1447545600,-0.372206206784372
1447567200,-0.37423847457993
1447588800,-0.3763286347763851
1447610400,-0.378365031417324
1447632000,-0.3802398178418456
1447653600,-0.38192129329042634
1447675200,-0.3833989987056173
1447696800,-0.38466586368699224
1447718400,-0.38570875990975906
1447740000,-0.3865299793221228
1447761600,-0.38714767228604663
1447783200,-0.38757674378818524
1447804800,-0.3878576665282029
1447826400,-0.38805236975326773
1447848000,-0.38817980592310974
1447869600,-0.38826888211101007
1447891200,-0.38839719598019745
1447912800,-0.3886042967315075
1447934400,-0.3888834878137154
1447956000,-0.3892172605449976
1447977600,-0.3895617734536923
1447999200,-0.38983539591340166
1448020800,-0.3899837441117921
1448042400,-0.3899838025477762
1448064000,-0.38980062393624254
1448085600,-0.3894212983467842
1448107200,-0.38890205096743946
1448128800,-0.38835471545865485
1448150400,-0.3879085887582556
1448172000,-0.38765420370849724
1448193600,-0.38765088252592
1448215200,-0.38793571640252456
1448236800,-0.38848550141278726
1448258400,-0.3892767796579525
1448280000,-0.39031245520595625
1448301600,-0.39159977592126655
1448323200,-0.39311415327784316
1448344800,-0.39481422782477565
1448366400,-0.3966933975403434
1448388000,-0.3987733929410264
1448409600,-0.4010429519569161
1448431200,-0.4035112265799488
1448452800,-0.40619890406458126
1448474400,-0.40906019995154025
1448496000,-0.41206486878995374
1448517600,-0.4152223686065272
1448539200,-0.41854578138156123
1448560800,-0.422002435173626
1448582400,-0.4255432692110734
1448604000,-0.42913734151704236
1448625600,-0.43275478928661604
1448647200,-0.4363607005171206
1448668800,-0.4399397749428323
1448690400,-0.4434130187293073
1448712000,-0.44666146632384446
1448733600,-0.449646296439899
1448755200,-0.45237362119258884
1448776800,-0.45484343999382093
1448798400,-0.45706412808566727
1448820000,-0.4591146243280885
1448841600,-0.4610673562413247
1448863200,-0.46293372588610987
1448884800,-0.4647240667623875
1448906400,-0.4664770802931338
1448928000,-0.46823213749709514
1448949600,-0.46999426089593754
1448971200,-0.47172645973055893
1448992800,-0.47334343343572194
1449014400,-0.47475242321241035
1449036000,-0.4758960782839537
1449057600,-0.4767503315816391
1449079200,-0.4773025124991942
1449100800,-0.4775082916614461
1449122400,-0.47733821453661296
1449144000,-0.47683886071689796
1449165600,-0.4760514391478809
1449187200,-0.47498903729376163
1449208800,-0.47370613154146923
1449230400,-0.472283294559167
1449252000,-0.4708265753345852
1449273600,-0.4694490066829187
1449295200,-0.46821204304004144
1449316800,-0.4671337380440366
1449338400,-0.4661971210911482
1449360000,-0.4653788635933858
1449381600,-0.4646644306112191
1449403200,-0.46400207836029755
1449424800,-0.46330936208833
1449446400,-0.46253012492048934
1449468000,-0.4616259824276773
1449489600,-0.4605695331476665
1449511200,-0.45938202044134907
1449532800,-0.45813136736348503
1449554400,-0.4568772346037184
1449576000,-0.4556540977329832
1449597600,-0.45449026979693546
1449619200,-0.4534351191564393
1449640800,-0.452501584505253
1449662400,-0.4516517451085225
1449684000,-0.450837883837575
1449705600,-0.44999760379662845
1449727200,-0.4490520354738555
1449748800,-0.44793577141683183
1449770400,-0.4466208284399933
1449792000,-0.44509021272823623
1449813600,-0.4433363213975979
1449835200,-0.44134439549607546
1449856800,-0.4391399995852561
1449878400,-0.4367756025927067
1449900000,-0.43427655087716727
1449921600,-0.4316385382770271
1449943200,-0.42886714618090654
1449964800,-0.42598598514871666
1449986400,-0.42307953509447555
1450008000,-0.42025724396089903
1450029600,-0.41757214976174434
1450051200,-0.41505192585113027
1450072800,-0.4126932991655023
1450094400,-0.41047399196293116
1450116000,-0.40834520462309637
1450137600,-0.40626863992003276
1450159200,-0.4042368692321703
1450180800,-0.4022083023368589
1450202400,-0.4001056982477198
1450224000,-0.3979133065620662
1450245600,-0.39566905821526194
1450267200,-0.3934179257540005
1450288800,-0.3912380111900897
1450310400,-0.3892223638916381
1450332000,-0.3874426633688887
1450353600,-0.38590990638901723
1450375200,-0.3846100918231735
1450396800,-0.38356731614027934
1450418400,-0.38280295085406774
1450440000,-0.38231525210547523
1450461600,-0.38211205613417304
1450483200,-0.38220059884971425
1450504800,-0.38255131967747363
1450526400,-0.38311678028706986
1450548000,-0.38381631525549864
1450569600,-0.38457292259181175
1450591200,-0.38536782681459736
1450612800,-0.38620603834861233
1450634400,-0.38714312753754526
1450656000,-0.3882723062667093
1450677600,-0.3896461148610973
1450699200,-0.39127519973778496
1450720800,-0.3931573693561735
1450742400,-0.3952549287684463
1450764000,-0.3975314807246766
1450785600,-0.39994459670801474
1450807200,-0.40243453695504294
1450828800,-0.40496981799912946
1450850400,-0.4075319595787317
1450872000,-0.41009729685623153
1450893600,-0.41265111231911633
1450915200,-0.41517607249909677
1450936800,-0.41765405480609313
1450958400,-0.4200806107143563
1450980000,-0.4224584517465544
1451001600,-0.4248196687977941
1451023200,-0.42719787255237973
1451044800,-0.4296465168965524
1451066400,-0.43222326689163854
1451088000,-0.43494154513532524
1451109600,-0.43778880754477395
1451131200,-0.4407371650104911
1451152800,-0.44372380544236995
1451174400,-0.44667385998010223
1451196000,-0.4495524539601837
1451217600,-0.452371847952714
1451239200,-0.45516594798471444
1451260800,-0.4579595088835128
1451282400,-0.46075671365687176
1451304000,-0.46355452030953265
1451325600,-0.4663382552494463
1451347200,-0.4690766118266528
1451368800,-0.4717137070207018
1451390400,-0.47416640815095035
1451412000,-0.4763842815419738
1451433600,-0.47835511264159086
1451455200,-0.4801023913161179
1451476800,-0.48168783134861054
1451498400,-0.4831615949601466
1451520000,-0.48449925129596594
1451541600,-0.4856488834495158
1451563200,-0.486575813084946
1451584800,-0.48726327256984897
1451606400,-0.4877429396470319
1451628000,-0.488042681121589
1451649600,-0.48820986599336874
1451671200,-0.48829410676368057
1451692800,-0.4882777790093448
1451714400,-0.48816348272185905
1451736000,-0.48799291812933204
1451757600,-0.487793987146524
1451779200,-0.48757665786370813
1451800800,-0.4873427457963482
1451822400,-0.48709837936151407
1451844000,-0.486843477239263
1451865600,-0.48654505693940736
1451887200,-0.48616424552532783
1451908800,-0.48567656113040275
1451930400,-0.4850468474705498
1451952000,-0.48421128130778907
1451973600,-0.48312261821550917
1451995200,-0.4817750335618512
1452016800,-0.4801672476726951
1452038400,-0.478340975444886
1452060000,-0.47636375732224767
1452081600,-0.4743077328727228
1452103200,-0.47223433093980577
1452124800,-0.4701643072716024
1452146400,-0.46811722678447154
1452168000,-0.46612642284869044
1452189600,-0.4641746918781627
1452211200,-0.46222983593649036
1452232800,-0.46033033671576856
1452254400,-0.45851606334112155
1452276000,-0.4567900407089362
1452297600,-0.45511804146045753
1452319200,-0.4534457189945671
1452340800,-0.45169399386130943
1452362400,-0.44979658013680884
1452384000,-0.44771969350478896
1452405600,-0.44542809384448423
1452427200,-0.4429044019241104
1452448800,-0.44016535439963644
1452470400,-0.43727960154424833
1452492000,-0.4343146495549656
1452513600,-0.4313125079573126
1452535200,-0.4283170667507973
1452556800,-0.42535458530181397
1452578400,-0.4224045443912212
1452600000,-0.4194390874648358
1452621600,-0.4164463837766358
1452643200,-0.4134192711706982
1452664800,-0.41040467105315565
1452686400,-0.4074890402328302
1452708000,-0.40474149441782226
1452729600,-0.40219411597549315
1452751200,-0.39979799632803553
1452772800,-0.3974803084460407
1452794400,-0.39522042048416045
1452816000,-0.3930251824404356
1452837600,-0.3909109250130292
1452859200,-0.38891592323957574
1452880800,-0.3871108047222539
1452902400,-0.38555144234338407
1452924000,-0.38428184214907063
1452945600,-0.38332014957550725
1452967200,-0.38266475283848356
1452988800,-0.38233959055936295
1453010400,-0.3823395417048882
1453032000,-0.38262289897693075
1453053600,-0.38315649984763417
1453075200,-0.38392127614320826
1453096800,-0.38489898523118843
1453118400,-0.3860558228471942
1453140000,-0.38732509602020615
1453161600,-0.38862034058964107
1453183200,-0.3898209962038413
1453204800,-0.3908338032632972
1453226400,-0.39165405294407657
1453248000,-0.39230042583963315
1453269600,-0.3927952275619861
1453291200,-0.39317867446741045
1453312800,-0.39349280288417976
1453334400,-0.3937421398991252
1453356000,-0.3939027181683295
1453377600,-0.39396261460581455
1453399200,-0.39394652199328156
1453420800,-0.39388815887445683
1453442400,-0.3938113158283884
1453464000,-0.393704368553395
1453485600,-0.39357354281592877
1453507200,-0.393456138345467
1453528800,-0.3933544491691441
1453550400,-0.39327408216692045
1453572000,-0.39323315963054767
1453593600,-0.3932758075264691
1453615200,-0.39343573225540956
1453636800,-0.39367503764083106
1453658400,-0.3939406087013122
1453680000,-0.39422400671888524
1453701600,-0.3945404969301649
1453723200,-0.3949387195610518
1453744800,-0.39545980174696527
1453766400,-0.39607365344667
1453788000,-0.39672205020917484
1453809600,-0.397347971053523
1453831200,-0.3979025855155341
1453852800,-0.39837927040043997
1453874400,-0.39882723633197287
1453896000,-0.39929554335304535
1453917600,-0.3998301949863803
1453939200,-0.40050091896429274
1453960800,-0.40135228721069793
1453982400,-0.4023972093528014
1454004000,-0.40363110049564166
1454025600,-0.40504503658034974
1454047200,-0.40664965519276247
1454068800,-0.4084416788079358
1454090400,-0.4103922341396808
1454112000,-0.4124599578778227
1454133600,-0.4146012196101303
1454155200,-0.4167881542359033
1454176800,-0.4189717745265265
1454198400,-0.4210774444702827
1454220000,-0.42302518229210195
1454241600,-0.42475229047528057
1454263200,-0.42623683137834323
1454284800,-0.42750995958792476
1454306400,-0.4286224758997373
1454328000,-0.4295773908866268
1454349600,-0.43032573277848274
1454371200,-0.4308144083998941
1454392800,-0.4310145246578474
1454414400,-0.4308895166334665
1454436000,-0.4304604976130625
1454457600,-0.42984040057106626
1454479200,-0.4291905705117891
1454500800,-0.4286508813542151
1454522400,-0.4282619302242369
1454544000,-0.4280125467577201
1454565600,-0.42788168515409286
1454587200,-0.4278247948382847
1454608800,-0.42780762277453555
1454630400,-0.4278235403789394
1454652000,-0.42787350654423756
1454673600,-0.4279462423229837
1454695200,-0.428042294070634
1454716800,-0.42821252692841705
1454738400,-0.4284887207690811
1454760000,-0.4288732070078137
1454781600,-0.42937826391217415
1454803200,-0.43001764975494006
1454824800,-0.43078596628739024
1454846400,-0.43166696244999064
1454868000,-0.432651410792859
1454889600,-0.43370629651286047
1454911200,-0.4348077176318415
1454932800,-0.4359706725778795
1454954400,-0.4372031555234037
1454976000,-0.4384862611928969
1454997600,-0.4398180641570275
1455019200,-0.44118366489628164
1455040800,-0.4425447524485932
1455062400,-0.44387900518285056
1455084000,-0.445178789820484
1455105600,-0.4464174604478397
1455127200,-0.4475532326114051
1455148800,-0.44857934530462173
1455170400,-0.44953533568720705
1455192000,-0.45046950476884073
1455213600,-0.45141320631194093
1455235200,-0.45234641195086556
1455256800,-0.45319331338606217
1455278400,-0.4539049490830477
1455300000,-0.45446851672539407
1455321600,-0.45489528832919274
1455343200,-0.45522973780133097
1455364800,-0.455529440993022
1455386400,-0.45583749528376666
1455408000,-0.45619275361522926
1455429600,-0.45661944199368226
1455451200,-0.45711685774293637
1455472800,-0.4576611688352091
1455494400,-0.4581847534114364
1455516000,-0.4586090686589991
1455537600,-0.45885688180450185
1455559200,-0.4588580369507401
1455580800,-0.45854916105968396
1455602400,-0.45788174774615453
1455624000,-0.45688798151459864
1455645600,-0.4556857467777806
1455667200,-0.4543919786598414
1455688800,-0.45309315913935705
1455710400,-0.45187792009905486
1455732000,-0.45078056290569396
1455753600,-0.44979220425830174
1455775200,-0.44890093219104166
1455796800,-0.44806664965549203
1455818400,-0.44725158583179386
1455840000,-0.4464395402170726
1455861600,-0.4456385386392576
1455883200,-0.44489611991323236
1455904800,-0.4442534394161677
1455926400,-0.44372495660251715
1455948000,-0.4433261964352824
1455969600,-0.4430766938765126
1455991200,-0.44294201018336465
1456012800,-0.4428177258301291
1456034400,-0.4425965443585493
1456056000,-0.44221957308306986
1456077600,-0.4416659778304118
1456099200,-0.4409178453408823
1456120800,-0.43998245607506564
1456142400,-0.43886584514392485
1456164000,-0.4375589604846218
1456185600,-0.4360675534853312
1456207200,-0.4344182659613343
1456228800,-0.4326726625979608
1456250400,-0.43091513387043
1456272000,-0.4292513301975039
1456293600,-0.4277616414759046
1456315200,-0.42645435492270994
1456336800,-0.42529771974882075
1456358400,-0.42426012648987577
1456380000,-0.42332035563885256
1456401600,-0.42249684196998266
1456423200,-0.4218211927087166
1456444800,-0.4212705490377805
1456466400,-0.4207349915100697
1456488000,-0.42009748945934033
1456509600,-0.41928495418777645
1456531200,-0.418261516526358
1456552800,-0.4170603514936372
1456574400,-0.41572612073397885
1456596000,-0.41430858587411024
1456617600,-0.4128477479039958
1456639200,-0.4113764074982411
1456660800,-0.40993056082720625
1456682400,-0.4085211672087101
1456704000,-0.4071458252015841
1456725600,-0.40579263768241547
1456747200,-0.4044077735458779
1456768800,-0.40293501079349975
1456790400,-0.4013814061465362
1456812000,-0.39977378591628937
1456833600,-0.3981600187798526
1456855200,-0.39659801506626996
1456876800,-0.39511581523750483
1456898400,-0.39373947037905455
1456920000,-0.3924843802721038
1456941600,-0.3913260115778905
1456963200,-0.39022610372852656
1456984800,-0.38913448756081365
1457006400,-0.3880197161829827
1457028000,-0.3869298441122208
1457049600,-0.38594140133731036
1457071200,-0.385132379589366
1457092800,-0.38456333244499735
1457114400,-0.38425628331650963
1457136000,-0.384221526183422
1457157600,-0.384436125509852
1457179200,-0.3847973003102136
1457200800,-0.38519137495713
1457222400,-0.3855521671314518
1457244000,-0.3858501443245245
1457265600,-0.38611195046554214
1457287200,-0.38638538284415336
1457308800,-0.3867035386035237
1457330400,-0.38710256608794535
1457352000,-0.3876154268688116
1457373600,-0.38825592374074763
1457395200,-0.38903086730723097
1457416800,-0.3899464372839392
1457438400,-0.3910071977980636
1457460000,-0.39220941737174664
1457481600,-0.3935400765450288
1457503200,-0.39496118434944266
1457524800,-0.3964266746480832
1457546400,-0.39789296296818144
1457568000,-0.3992922032499515
1457589600,-0.4005234428005865
1457611200,-0.4014999429974421
1457632800,-0.4021731638801029
1457654400,-0.40252883503178905
1457676000,-0.402596753823315
1457697600,-0.4024283040597253
1457719200,-0.4020730383182953
1457740800,-0.4015746046715454
1457762400,-0.4009987158140149
1457784000,-0.40039156858192426
1457805600,-0.3997334095045635
1457827200,-0.39900615229353975
1457848800,-0.3982598001356148
1457870400,-0.39757349273954184
1457892000,-0.3969645527022761
1457913600,-0.39639702627896656
1457935200,-0.395820582693805
1457956800,-0.3951864397732079
1457978400,-0.3944799620432311
1458000000,-0.3937401252383466
1458021600,-0.39300833983819666
1458043200,-0.3923194319857521
1458064800,-0.39172318806707757
1458086400,-0.39126142684749643
1458108000,-0.39097218981476367
1458129600,-0.3908740532549221
1458151200,-0.3909834175437814
1458172800,-0.3913162253395518
1458194400,-0.39185757966858414
1458216000,-0.3925720741931219
1458237600,-0.3934291627325475
1458259200,-0.39441551302858696
1458280800,-0.39553772996963615
1458302400,-0.39681406681455117
1458324000,-0.3982312720064701
1458345600,-0.3997546078097401
1458367200,-0.4013285571249533
1458388800,-0.4028940342669379
1458410400,-0.4044172567275155
1458432000,-0.40585385065360813
1458453600,-0.40714638074498
1458475200,-0.40828509019548515
1458496800,-0.40930684428113495
1458518400,-0.4102569925948052
1458540000,-0.4111626810189741
1458561600,-0.4120016937757046
1458583200,-0.4127503522590273
1458604800,-0.413403218939136
1458626400,-0.4139381087894002
1458648000,-0.41431896398898604
1458669600,-0.41450449460184635
1458691200,-0.41440579036406444
1458712800,-0.4139499590469907
1458734400,-0.41312842931834926
1458756000,-0.4119376954977918
1458777600,-0.4103682447209158
1458799200,-0.40842447658547754
1458820800,-0.40611187069655436
1458842400,-0.40344533461514787
1458864000,-0.40048817431996175
1458885600,-0.39734928301031197
1458907200,-0.39413467825809473
1458928800,-0.39094642321064577
1458950400,-0.3878558424694838
1458972000,-0.3848741172405258
1458993600,-0.3819830826064056
1459015200,-0.3791498623552978
1459036800,-0.3763600683600834
1459058400,-0.373615234071426
1459080000,-0.37090097883365003
1459101600,-0.36822689254917396
1459123200,-0.36566501853749633
1459144800,-0.363267216527513
1459166400,-0.3610573264879089
1459188000,-0.35908435514407566
1459209600,-0.35738401712589773
1459231200,-0.35594601924941505
1459252800,-0.35476145992318275
1459274400,-0.3538279352984979
1459296000,-0.3531025172926812
1459317600,-0.3525541525259436
1459339200,-0.35219347864784933
1459360800,-0.35201675802854426
1459382400,-0.35197065037048114
1459404000,-0.3519716472981297
1459425600,-0.351969055847399
1459447200,-0.35193990412195103
1459468800,-0.3518571083596105
1459490400,-0.35167735999443905
1459512000,-0.35135833313823134
1459533600,-0.3508916943174552
1459555200,-0.35030440410485636
1459576800,-0.34964602222588914
1459598400,-0.34896502047093153
1459620000,-0.348273830356683
1459641600,-0.3475427487452821
1459663200,-0.3467260818776731
1459684800,-0.34576658257298165
1459706400,-0.3446037323594293
1459728000,-0.3431919140258948
1459749600,-0.34153940595311316
1459771200,-0.33968647081708364
1459792800,-0.33765361681461104
1459814400,-0.3354424152550305
1459836000,-0.3330496933638928
1459857600,-0.3304697983431462
1459879200,-0.32768111225547597
1459900800,-0.32467466991765864
1459922400,-0.3214938631745846
1459944000,-0.3182217941639903
1459965600,-0.3149632706317243
1459987200,-0.31186139179533423
1460008800,-0.3090168642620171
1460030400,-0.30645735187829276
1460052000,-0.3042209848819586
1460073600,-0.3023437568145847
1460095200,-0.3008303760095731
1460116800,-0.2996579322124052
1460138400,-0.29879662704420873
1460160000,-0.2982182210120932
1460181600,-0.29789948980889963
1460203200,-0.29785189052457806
1460224800,-0.298142915812904
1460246400,-0.29885620703603
1460268000,-0.30001756765739374
1460289600,-0.3016094728359622
1460311200,-0.30361679309270867
1460332800,-0.30601102976341227
1460354400,-0.30877145111389215
1460376000,-0.31190416990475156
1460397600,-0.3153819709944322
1460419200,-0.31910943318638874
1460440800,-0.3229769558803988
1460462400,-0.32686081565886166
1460484000,-0.33063082244371844
1460505600,-0.3342294263522769
1460527200,-0.33766499196159006
1460548800,-0.34095395000358325
1460570400,-0.34410327512179106
1460592000,-0.34710155021153444
1460613600,-0.34995379754409967
1460635200,-0.35269012835954366
1460656800,-0.3553334127855455
1460678400,-0.35792789637353395
1460700000,-0.3605484582597131
1460721600,-0.3632173135241939
1460743200,-0.36590323226766575
1460764800,-0.36859858122096534
1460786400,-0.37131642688368627
1460808000,-0.3740548277000764
1460829600,-0.3767789520250274
1460851200,-0.379421545369382
1460872800,-0.38190385438242835
1460894400,-0.3841527105822858
1460916000,-0.38612587447964924
1460937600,-0.3878303291632599
1460959200,-0.389310845974774
1460980800,-0.39066895816035135
1461002400,-0.3920245161460972
1461024000,-0.3935090175578561
1461045600,-0.3952274939783489
1461067200,-0.39721595539875404
1461088800,-0.3994819721421281
1461110400,-0.40201490340371315
1461132000,-0.40477316357698906
1461153600,-0.4077213014409443
1461175200,-0.4108482361464974
1461196800,-0.414105219530008
1461218400,-0.41742821166069816
1461240000,-0.4207911656592927
1461261600,-0.42419803824512176
1461283200,-0.4276614934351561
1461304800,-0.4312347681857619
1461326400,-0.43497601307110023
1461348000,-0.4388809781232468
1461369600,-0.44293232563143886
1461391200,-0.44712803404745105
1461412800,-0.45149352862188047
1461434400,-0.45604719777513875
1461456000,-0.4607533132894421
1461477600,-0.46554525844547484
1461499200,-0.4703366937856571
1461520800,-0.47500865374334217
1461542400,-0.47945390736281623
1461564000,-0.4836316350815888
1461585600,-0.487523843560617
1461607200,-0.4911170298137407
1461628800,-0.4944208770221216
1461650400,-0.49743156312504144
1461672000,-0.5001411435801211
1461693600,-0.5025829547191519
1461715200,-0.5047847679577047
1461736800,-0.5067406352707463
1461758400,-0.508461812226946
1461780000,-0.5099313289514075
1461801600,-0.511119423006747
1461823200,-0.5120369855669852
1461844800,-0.5126905582365737
1461866400,-0.5130714497570784
1461888000,-0.5131865650534526
1461909600,-0.5130703687776674
1461931200,-0.5127410301955156
1461952800,-0.5121846533602964
1461974400,-0.5113851990748598
1461996000,-0.5103419597902008
1462017600,-0.5091021565340094
1462039200,-0.5077336708719437
1462060800,-0.506303703745949
1462082400,-0.5048750073838197
1462104000,-0.5034913816784755
1462125600,-0.5022182818672994
1462147200,-0.5011223428745857
1462168800,-0.5002355945904674
1462190400,-0.4995640292595341
1462212000,-0.49910233879417426
1462233600,-0.49882260149080804
1462255200,-0.498689571815223
1462276800,-0.4986577424642776
1462298400,-0.49867831244818545
1462320000,-0.4987067745111657
1462341600,-0.4987220578533819
1462363200,-0.4987501726058174
1462384800,-0.49883495711602027
1462406400,-0.4989971632053251
1462428000,-0.4992657187943598
1462449600,-0.49966868834033107
1462471200,-0.5002108720456481
1462492800,-0.5009470754953126
1462514400,-0.5019026823422338
1462536000,-0.5030209749199395
1462557600,-0.5042225512103446
1462579200,-0.5054375143535782
1462600800,-0.5065778010031345
1462622400,-0.507563503191384
1462644000,-0.5083635090382586
1462665600,-0.508961122757995
1462687200,-0.5093431668633528
1462708800,-0.5094716517604047
1462730400,-0.5093333034250996
1462752000,-0.5089505788687775
1462773600,-0.5083521156352316
1462795200,-0.5075728877352184
1462816800,-0.5065865019132996
1462838400,-0.505308382532395
1462860000,-0.5036981731257228
1462881600,-0.5017825993334231
1462903200,-0.4995870127226797
1462924800,-0.49712613656698834
1462946400,-0.4944196299531508
1462968000,-0.49148983136680874
1462989600,-0.4883475660298277
1463011200,-0.4850025019081672
1463032800,-0.48149820008528843
1463054400,-0.47787094370350985
1463076000,-0.4741799604957975
1463097600,-0.47048912300431495
1463119200,-0.46680419898130443
1463140800,-0.4631468432999117
1463162400,-0.45958238942221064
1463184000,-0.4561770777203574
1463205600,-0.45293150999967136
1463227200,-0.44982492153720227
1463248800,-0.446895708559086
1463270400,-0.44419164522349514
1463292000,-0.44172624119536674
1463313600,-0.4395310182372876
1463335200,-0.43764377534898985
1463356800,-0.43603302228320173
1463378400,-0.43465562034642347
1463400000,-0.4334903033912741
1463421600,-0.4324398985649228
1463443200,-0.4313698923878685
1463464800,-0.43021804168158906
1463486400,-0.42899472561644253
1463508000,-0.42774718421429103
1463529600,-0.4265433423060688
1463551200,-0.4254186952823555
1463572800,-0.42435493754267767
1463594400,-0.4232993151925704
1463616000,-0.4222025279773558
1463637600,-0.4210326091123882
1463659200,-0.419744993448979
1463680800,-0.4183010123630192
1463702400,-0.4166999712778065
1463724000,-0.41495551791746416
1463745600,-0.41307303267098006
1463767200,-0.4110425559995993
1463788800,-0.4088107643203014
1463810400,-0.4063584983429095
1463832000,-0.4037071098975163
1463853600,-0.40085834214489463
1463875200,-0.39782221453076
1463896800,-0.3946365702776074
1463918400,-0.3913472445412597
1463940000,-0.38799811166760056
1463961600,-0.3846199958134219
1463983200,-0.38124572770035664
1464004800,-0.3779300499870579
1464026400,-0.3746730722078709
1464048000,-0.3714547579712337
1464069600,-0.3682966882324407
1464091200,-0.3652220991761136
1464112800,-0.36228019606030715
1464134400,-0.3595588433430625
1464156000,-0.3571077778694068
1464177600,-0.35492770828235054
1464199200,-0.35301769613684136
1464220800,-0.3513783515077282
1464242400,-0.3500379758738106
1464264000,-0.349006633385306
1464285600,-0.34828309419020315
1464307200,-0.34790019604734934
1464328800,-0.3478716279596548
1464350400,-0.3482498085820515
1464372000,-0.3490965494277116
1464393600,-0.35039724361281077
1464415200,-0.35211995752002645
1464436800,-0.3542270717490546
1464458400,-0.3566627824852193
1464480000,-0.3593815663148413
1464501600,-0.36235763678154453
1464523200,-0.3655767324030436
1464544800,-0.36901763279860816
1464566400,-0.37262791401003054
1464588000,-0.37636160667950597
1464609600,-0.38014903823278473
1464631200,-0.38389821128859447
1464652800,-0.3875664108685284
1464674400,-0.39110689924769343
1464696000,-0.39446625390631646
1464717600,-0.39768195745378926
1464739200,-0.4008603725447575
1464760800,-0.4040745847410785
1464782400,-0.4073208074815692
1464804000,-0.4105469792825475
1464825600,-0.4136978656797166
1464847200,-0.41674816375814266
1464868800,-0.4196798764547912
1464890400,-0.42249797027032004
1464912000,-0.42520244181964983
1464933600,-0.4277079945224414
1464955200,-0.4299768514006851
1464976800,-0.43203240054649555
1464998400,-0.43387578360247336
1465020000,-0.4354991722671799
1465041600,-0.4368828389907931
1465063200,-0.43801831434851407
1465084800,-0.4389773901031143
1465106400,-0.4398865329200044
1465128000,-0.44082694433719016
1465149600,-0.4418348950783048
1465171200,-0.4429319309643332
1465192800,-0.4441082521218033
1465214400,-0.4453218272136728
1465236000,-0.44652221320611174
1465257600,-0.44766119700849466
1465279200,-0.44869398077790884
1465300800,-0.4496002181950207
1465322400,-0.4504244852551047
1465344000,-0.4512219758323167
1465365600,-0.45201188038998846
1465387200,-0.45282629995226753
1465408800,-0.4537130899727405
1465430400,-0.45467179044037714
1465452000,-0.45566727241402294
1465473600,-0.456689362661261
1465495200,-0.457739936053057
1465516800,-0.4588049587131899
1465538400,-0.4598509116735771
1465560000,-0.4608640909709572
1465581600,-0.46183298273058004
1465603200,-0.4627167932026707
1465624800,-0.46347126428723073
1465646400,-0.46401669492430025
1465668000,-0.4642439469471756
1465689600,-0.46410376680165066
1465711200,-0.4636074933597143
1465732800,-0.4627687339645373
1465754400,-0.4615974720215162
1465776000,-0.46010519111330256
1465797600,-0.45833927070691616
1465819200,-0.45634965480664047
1465840800,-0.45413886735474523
1465862400,-0.45171877813332
1465884000,-0.4490826513311814
1465905600,-0.44619945465258737
1465927200,-0.4430684611890053
1465948800,-0.43971017789987704
1465970400,-0.43618301992810554
1465992000,-0.4325749917443236
1466013600,-0.4289143093729503
1466035200,-0.4251715031020124
1466056800,-0.421317019737092
1466078400,-0.4173401511846446
1466100000,-0.41325971323225924
1466121600,-0.40911895106978396
1466143200,-0.40495752277591174
1466164800,-0.40082375543714865
1466186400,-0.39677714897249666
1466208000,-0.3928839024674102
1466229600,-0.38925698685543453
1466251200,-0.3859526629623943
1466272800,-0.3829451373160845
1466294400,-0.38019694825671324
1466316000,-0.377672804513408
1466337600,-0.3753719538411464
1466359200,-0.3733149703931116
1466380800,-0.3714770055305028
1466402400,-0.36982520958178694
1466424000,-0.36836223473798047
1466445600,-0.36711129610339854
1466467200,-0.36614604775122417
1466488800,-0.365538049630263
1466510400,-0.36532048948186663
1466532000,-0.36552510812653194
1466553600,-0.3661847902927668
1466575200,-0.3673081346633028
1466596800,-0.3688692653098484
1466618400,-0.370779534590846
1466640000,-0.3728871661422426
1466661600,-0.37507201582638805
1466683200,-0.3772623454834337
1466704800,-0.3793927118067846
1466726400,-0.3814676977591532
1466748000,-0.38353985567864035
1466769600,-0.3856332020920288
1466791200,-0.387778499955727
1466812800,-0.39002104602954357
1466834400,-0.3923854696185399
1466856000,-0.39487600952252516
1466877600,-0.397457077722014
1466899200,-0.4000454143706183
1466920800,-0.40252058006883806
1466942400,-0.40476472340956354
1466964000,-0.40675281101770877
1466985600,-0.40850069877600503
1467007200,-0.4100065680360269
1467028800,-0.41128876930835223
1467050400,-0.4123810188987436
1467072000,-0.41330043595237115
1467093600,-0.41405592547613623
1467115200,-0.4146693173076505
1467136800,-0.41519415015440514
1467158400,-0.41571829314726155
1467180000,-0.41620698032965464
1467201600,-0.41672011539103576
1467223200,-0.41731672383766877
1467244800,-0.4180058070701539
1467266400,-0.41878517983753344
1467288000,-0.41965509350839514
1467309600,-0.4206193705513534
1467331200,-0.4216814985902228
1467352800,-0.4228411897738404
1467374400,-0.4240984456501649
1467396000,-0.4254526465106543
1467417600,-0.426900012086255
1467439200,-0.4284358525653537
1467460800,-0.4300575438978684
1467482400,-0.43175691468201777
1467504000,-0.4335067045760049
1467525600,-0.4352678387598168
1467547200,-0.43703727749675514
1467568800,-0.43884612252265504
1467590400,-0.4407270131383429
1467612000,-0.4426945291468883
1467633600,-0.4447346650133965
1467655200,-0.44681315665092985
1467676800,-0.44890169251638873
1467698400,-0.45096507296858246
1467720000,-0.4529539982164649
1467741600,-0.45481723738245455
1467763200,-0.45645017983604674
1467784800,-0.4577458253379864
1467806400,
1467828000,
1467849600,
1467871200,
1467892800,
1467914400,
1467936000,
1467957600,
1467979200,
1468000800,
1468022400,
1468044000,
1468065600,
1468087200,
1468108800,
1468130400,
1468152000,
1468173600,
1468195200,
1468216800,
1468238400,
1468260000,
1468281600,
1468303200,
1468324800,
1468346400,
1468368000,
1468389600,
1468411200,
1468432800,
1468454400,
1468476000,
1468497600,
1468519200,
1468540800,
