timestamp,value
1222819200,0.00024713801424792846
1222840800,0.00024713801424792846
1222862400,0.00024713801424792846
1222884000,0.00024713801424792846
1222905600,0.00024713801424792846
1222927200,0.00024713801424792846
1222948800,0.00024713801424792846
1222970400,0.00024713801424792846
1222992000,0.00024713801424792846
1223013600,0.00024713801424792846
1223035200,0.00024713801424792846
1223056800,0.00024713801424792846
1223078400,0.00024713801424792846
1223100000,0.00024713801424792846
1223121600,0.00024713801424792846
1223143200,0.00024713801424792846
1223164800,0.00024713801424792846
1223186400,0.00024713801424792846
1223208000,0.00024713801424792846
1223229600,0.00024713801424792846
1223251200,0.00024713801424792846
1223272800,0.00024713801424792846
1223294400,0.00024713801424792846
1223316000,0.00024713801424792846
1223337600,0.00024713801424792846
1223359200,0.00024713801424792846
1223380800,0.00024713801424792846
1223402400,0.00024713801424792846
1223424000,0.00024713801424792846
1223445600,0.00024713801424792846
1223467200,-0.15104619786912318
1223488800,0.11775820916091839
1223510400,1.1443130625116746
1223532000,-0.256332391061796
1223553600,-0.28812373441417943
1223575200,1.067088174662815
1223596800,-0.2762424706894114
1223618400,1.1066620538953913
1223640000,0.5100925069546792
1223661600,-0.24862971947268406
1223683200,-0.1543039883041745
1223704800,-0.3191175871638575
1223726400,-0.32133065090439955
1223748000,0.48511977677432705
1223769600,-0.32327372962754364
1223791200,-0.30430081256534164
1223812800,-0.3089988095934298
1223834400,-0.2552137499569512
1223856000,-0.27366689937303645
1223877600,-0.3239475753232999
1223899200,0.4743902592059647
1223920800,-0.27463140664870933
1223942400,-0.24672987382140021
1223964000,-0.3131477100597963
1223985600,-0.292534644889168
1224007200,0.5235235589553198
1224028800,-0.2585329189529739
1224050400,-0.3515411321096665
1224072000,-0.21804276609196013
1224093600,-0.2873725823286112
1224115200,-0.2344143890901582
1224136800,0.523989327269834
1224158400,-0.23644186110323692
1224180000,-0.2881964678869672
1224201600,-0.17386632790547216
1224223200,-0.21403244593478238
1224244800,1.1344073385090705
1224266400,0.5588440797237656
1224288000,1.1001610888256406
1224309600,-0.18535183670486158
1224331200,-0.24492751779962732
1224352800,1.1373708764977548
1224374400,-0.24508945784676134
1224396000,0.4733748666076488
1224417600,-0.23703265321635983
1224439200,-0.2399405860224856
1224460800,-0.26306995274017975
1224482400,-0.2784437055696303
1224504000,0.5611283441568341
1224525600,-0.2566097234353263
1224547200,-0.2673823297271163
1224568800,-0.2603281310394993
1224590400,-0.1696506613477428
1224612000,-0.27522521587630433
1224633600,-0.19748227250312983
1224655200,-0.2211403681098406
1224676800,-0.3127191688962885
1224698400,-0.2342207020818916
1224720000,-0.2656119308153828
1224741600,0.47611850650534165
1224763200,-0.2463537963342878
1224784800,-0.2924110522185394
1224806400,-0.22198316244588695
1224828000,-0.26415504232028625
1224849600,0.4906181475013354
1224871200,-0.27437017047323714
1224892800,-0.2764385276310857
1224914400,-0.20829024504500007
1224936000,1.1472748293974204
1224957600,-0.24446376582250692
1224979200,1.0718128536676441
1225000800,-0.25032856079140864
1225022400,-0.306335184365566
1225044000,1.1308299856321211
1225065600,-0.1508670883467464
1225087200,-0.1524051706437305
1225108800,-0.2089566116213414
1225130400,-0.18460450120630098
1225152000,0.5495958710241368
1225173600,-0.24225519786868097
1225195200,0.10246264554511296
1225216800,-0.011668716506676433
1225238400,-0.21090670646046444
1225260000,1.0762636195826507
1225281600,-0.17336281855019198
1225303200,-0.20992896854440668
1225324800,-0.22912831668540645
1225346400,-0.3470202602886914
1225368000,0.5510562451301354
1225389600,-0.29100604065367985
1225411200,-0.23923541876986004
1225432800,-0.22268678754840307
1225454400,-0.07231075293478373
1225476000,-0.30180505497540444
1225497600,-0.16785390318180918
1225519200,-0.25233243708446274
1225540800,1.1078789697609517
1225562400,-0.22564092189505477
1225584000,-0.3121703639183424
1225605600,1.1178622077474598
1225627200,-0.29712956979863936
1225648800,0.5107112948321986
1225670400,-0.30756158959651814
1225692000,-0.31493030861213234
1225713600,-0.23516059456732052
1225735200,-0.24614836500807816
1225756800,0.48574578819089853
1225778400,-0.28245779686500494
1225800000,-0.20084274300101676
1225821600,-0.23216395243048754
1225843200,0.5275101259306444
1225864800,-0.26737505536578876
1225886400,-0.19119776912028263
1225908000,-0.23447828527978623
1225929600,-0.18112180215110057
1225951200,-0.2260765102225097
1225972800,-0.33602366670958705
1225994400,0.5524235478754719
1226016000,-0.22243306028734586
1226037600,-0.23924906395714696
1226059200,-0.18152257311407818
1226080800,-0.27696257588598866
1226102400,0.5717630780017572
1226124000,-0.256121245450387
1226145600,-0.24520209774263044
1226167200,-0.2751367238402089
1226188800,-0.2425351476231398
1226210400,1.1540076167961628
1226232000,0.5630892201063222
1226253600,1.1056346209483006
1226275200,-0.289162979803676
1226296800,-0.2468546813401039
1226318400,1.0808997645362166
1226340000,-0.23589134181719107
1226361600,0.4799334516241761
1226383200,-0.25350207001387864
1226404800,-0.2817938888782834
1226426400,-0.22618048082590866
1226448000,-0.2654745762278505
1226469600,-0.2738226951567065
1226491200,0.5024788498587305
1226512800,-0.2202919901436267
1226534400,-0.24755209351606255
1226556000,-0.32014996129837314
1226577600,0.5135347979740665
1226599200,-0.2611541853538449
1226620800,-0.2729338730678329
1226642400,-0.3579203551646739
1226664000,-0.2605114610166367
1226685600,-0.38022737892100583
1226707200,-0.30563992117450123
1226728800,0.45042884112383563
1226750400,-0.3162862145821947
1226772000,-0.37993912365736593
1226793600,-0.28421675657402334
1226815200,-0.3055742283118535
1226836800,0.43347938864761715
1226858400,-0.28806731468283514
1226880000,-0.3197208827409257
1226901600,1.1041884284175314
1226923200,-0.3450307413304031
1226944800,-0.26989025737366634
1226966400,1.0613105548772903
1226988000,-0.33540853049574826
1227009600,1.073231713235695
1227031200,-0.27292514502559756
1227052800,-0.34706128982623397
1227074400,0.43586007652273073
1227096000,-0.20338953286842926
1227117600,-0.2492315509259041
1227139200,-0.24346359268216894
1227160800,0.46107537402922794
1227182400,-0.2183001987988124
1227204000,-0.28110909168186227
1227225600,-0.13491721189273814
1227247200,1.0972185549794038
1227268800,0.4160312217497467
1227290400,1.1011884412499457
1227312000,0.19368089107962358
1227333600,-0.3055761563540745
1227355200,-0.2298626105642708
1227376800,0.4740588890861902
1227398400,-0.25943401923845416
1227420000,-0.21816539831609014
1227441600,-0.2582974554332175
1227463200,-0.3039138137218748
1227484800,-0.26864494700964475
1227506400,-0.2901413311726599
1227528000,-0.2692634995242855
1227549600,0.45058950252820984
1227571200,-0.33045970188043294
1227592800,1.0590570846692884
1227614400,-0.3119120332569
1227636000,1.0793053054046546
1227657600,0.4430544925122287
1227679200,-0.2871999635446633
1227700800,-0.241974977080105
1227722400,-0.22524454972113797
1227744000,-0.1999435565721127
1227765600,-0.23685824379510456
1227787200,-0.2568626924129646
1227808800,-0.2361553901130057
1227830400,-0.24090958240024268
1227852000,0.45150172565186486
1227873600,-0.2835805355892712
1227895200,-0.2405936313204652
1227916800,-0.23292523956436723
1227938400,-0.30590522592017244
1227960000,-0.18173308914750225
1227981600,-0.251803161155402
1228003200,-0.19004893082293167
1228024800,-0.2114104079997305
1228046400,-0.19385482009307523
1228068000,-0.27901101082961827
1228089600,-0.09946276098689577
1228111200,0.5579508911936287
1228132800,-0.239096369820623
1228154400,-0.2365117925935274
1228176000,1.0716767551056763
1228197600,-0.23523410744721407
1228219200,-0.27184068384393767
1228240800,1.1510479580548953
1228262400,-0.20429818994119892
1228284000,1.1002693426143468
1228305600,-0.20205638573257637
1228327200,-0.18155312646130564
1228348800,0.5521465430290213
1228370400,-0.2611666120901531
1228392000,-0.18417915478214583
1228413600,-0.23484643385628098
1228435200,-0.23601715049467759
1228456800,-0.25124981917052236
1228478400,0.6047800110985146
1228500000,-0.14742657358244898
1228521600,-0.09224466355853635
1228543200,-0.18475117868828786
1228564800,-0.27904147384608174
1228586400,-0.19329865051997622
1228608000,0.5459303213424999
1228629600,-0.24522400305970693
1228651200,-0.1802596497267837
1228672800,-0.2404621293292336
1228694400,-0.19716553227461392
1228716000,-0.27205167977403194
1228737600,0.4922507693599896
1228759200,-0.252095665028846
1228780800,-0.18152318688866137
1228802400,-0.20567847654260205
1228824000,0.5378902344133345
1228845600,-0.2614534382230821
1228867200,-0.26778739895653
1228888800,-0.29178220054191756
1228910400,-0.2906210928656832
1228932000,1.1223098962602915
1228953600,-0.24607324105119968
1228975200,-0.26997106853379077
1228996800,1.0956759066212505
1229018400,1.1541639570749844
1229040000,-0.2096435580852676
1229061600,-0.25353854828635286
1229083200,-0.2637039894165149
1229104800,-0.229103480954893
1229126400,-0.24278215644599999
1229148000,-0.3235746133273909
1229169600,-0.2403506026445404
1229191200,-0.1653401631939241
1229212800,-0.14765009766077103
1229234400,0.4385483433197321
1229256000,-0.24675312688811799
1229277600,0.032774923162732957
1229299200,0.06091143682244121
1229320800,-0.039245884203804905
1229342400,0.5036550476589967
1229364000,0.055460777995551075
1229385600,-0.16997330348392156
1229407200,-0.23410388750999023
1229428800,-0.14179271386524211
1229450400,0.5153182606641842
1229472000,-0.2975068982409385
1229493600,-0.2136315727207252
1229515200,-0.2719436211179721
1229536800,1.1261422863822703
1229558400,0.5052216975699744
1229580000,-0.33779621047250435
1229601600,1.1376034231612437
1229623200,-0.18091863790035848
1229644800,-0.24664659693272334
1229666400,-0.27951810681571143
1229688000,-0.1105902999877274
1229709600,-0.029014537667758158
1229731200,-0.15692204987116246
1229752800,0.5393650295971919
1229774400,-0.1468875395766376
1229796000,-0.10571427321093826
1229817600,-0.15661639786435355
1229839200,-0.058094244967927866
1229860800,0.46922475120857776
1229882400,-0.21008072526383606
1229904000,-0.23158467617852757
1229925600,-0.257300581571897
1229947200,-0.19589934171387527
1229968800,0.4982481818909486
1229990400,-0.186264408198261
1230012000,-0.25653395445828336
1230033600,-0.31492893259247007
1230055200,-0.2908599944723008
1230076800,-0.2602718892564822
1230098400,-0.25471370951164723
1230120000,-0.23852572943301495
1230141600,-0.28662807248318634
1230163200,-0.29860164520964194
1230184800,-0.2693922139799351
1230206400,1.075130037542676
1230228000,-0.2631244329401482
1230249600,-0.27687990247625915
1230271200,1.1679757443900214
1230292800,-0.245985491386537
1230314400,-0.20666020125840032
1230336000,-0.2369174431258524
1230357600,-0.25605933117062585
1230379200,-0.26682077124448994
1230400800,-0.1422313457205523
1230422400,-0.24938781241103813
1230444000,-0.32262424580490334
1230465600,0.5026374967786118
1230487200,0.5186728370427087
1230508800,-0.24693715420929802
1230530400,-0.29015561007881735
1230552000,1.143891555154813
1230573600,-0.28571337032415467
1230595200,0.5165732801679851
1230616800,1.1184795325404921
1230638400,-0.25936659223860575
1230660000,1.0506468034589689
1230681600,-0.19406350334680408
1230703200,-0.26267075858853334
1230724800,-0.29415165635728185
1230746400,-0.3073022691099966
1230768000,-0.3634704572598164
1230789600,-0.2827961884024279
1230811200,-0.336863002105103
1230832800,-0.30647669014513185
1230854400,0.4653755283902758
1230876000,-0.3223333319884082
1230897600,-0.25339176369252747
1230919200,-0.23197974193542248
1230940800,1.0911069243399716
1230962400,-0.2912971839052614
1230984000,-0.26909542509262924
1231005600,1.0878261776144325
1231027200,-0.24232538302277895
1231048800,1.0455697934353834
1231070400,0.5248739892693917
1231092000,-0.2073990574084368
1231113600,-0.2379191736743307
1231135200,-0.26831810667547173
1231156800,-0.35854436526095024
1231178400,-0.28575378492355563
1231200000,-0.28544347316273405
1231221600,-0.2836912435361686
1231243200,-0.18438340240802223
1231264800,-0.302659492809767
1231286400,0.5550619052774767
1231308000,-0.11562029390351246
1231329600,0.03541069972730943
1231351200,0.04700150378102041
1231372800,0.1526135190962493
1231394400,0.5385642354813744
1231416000,-0.15128576220909493
1231437600,-0.28299926876640513
1231459200,0.040170237152858064
1231480800,-0.27873165398302785
1231502400,-0.29552663453707945
1231524000,-0.2326891292483161
1231545600,-0.26237266679654325
1231567200,-0.2128894234106895
1231588800,-0.24701950055394972
1231610400,1.150877941548984
1231632000,-0.21429332972752224
1231653600,-0.24924828119583445
1231675200,1.1075354016328873
1231696800,-0.10362430223305566
1231718400,0.5451563840537463
1231740000,-0.23790597019613569
1231761600,-0.18847495319725882
1231783200,-0.2499124338772508
1231804800,0.5378234775347436
1231826400,-0.339825494565154
1231848000,-0.20076366134639176
1231869600,-0.2543095307034565
1231891200,-0.23011696376876856
1231912800,0.5282020258263689
1231934400,-0.2340930358881736
1231956000,-0.26497262434399554
1231977600,-0.2027576916517498
1231999200,-0.24946149767650133
1232020800,0.4993584800835769
1232042400,-0.24782558515049843
1232064000,-0.30626648921348987
1232085600,-0.2569005250657395
1232107200,-0.3345724871232132
1232128800,0.47389588046656406
1232150400,-0.31377780680532735
1232172000,-0.3470215697000347
1232193600,-0.261306423484187
1232215200,-0.311971050477209
1232236800,1.0496478859112868
1232258400,-0.304989808420551
1232280000,-0.27179117381698065
1232301600,1.087377168696284
1232323200,-0.23722419687218071
1232344800,1.0924236548433401
1232366400,0.5743974541553616
1232388000,-0.27910508606952655
1232409600,-0.20155827469287113
1232431200,-0.2503346839581983
1232452800,-0.2743045065107662
1232474400,-0.10700271569826295
1232496000,-0.2801553280367717
1232517600,-0.30428417815442715
1232539200,-0.24779773995262208
1232560800,-0.3026501160513027
1232582400,-0.24600796545141013
1232604000,-0.3082653635368601
1232625600,1.064184361558054
1232647200,0.44116820706275894
1232668800,-0.22839431384325856
1232690400,1.108022608096606
1232712000,-0.25721969416843105
1232733600,1.0583649596261728
1232755200,0.44984177022670313
1232776800,-0.2859915403529331
1232798400,-0.31764675952601745
1232820000,-0.2534797146868155
1232841600,-0.33860488491167917
1232863200,-0.25413870364487395
1232884800,0.4846274705971276
1232906400,-0.2303392821877324
1232928000,-0.24765290076274787
1232949600,-0.2922562647189488
1232971200,-0.26717209446014495
1232992800,-0.22822481807152298
1233014400,1.1427236676248695
1233036000,-0.2989887771025389
1233057600,-0.2615246385538976
1233079200,1.1189905284460089
1233100800,-0.26949815372769986
1233122400,0.4157066199997719
1233144000,-0.21089960921253356
1233165600,-0.27038250887354587
1233187200,-0.2334465215509444
1233208800,0.47588793298856424
1233230400,-0.24559768588135117
1233252000,-0.34901799130786926
1233273600,-0.25590615040575404
1233295200,-0.2569101096284176
1233316800,-0.320916636960862
1233338400,-0.22529769448171397
1233360000,-0.30901457971903007
1233381600,-0.03958329752892736
1233403200,-0.24530458234562946
1233424800,-0.14747863814236056
1233446400,-0.2696361217659581
1233468000,-0.30882036805328944
1233489600,-0.014361713972783926
1233511200,-0.21087873176583014
1233532800,0.5110062417971653
1233554400,-0.2702736405403451
1233576000,-0.12374255491604319
1233597600,-0.1713690276175918
1233619200,1.1143988037086938
1233640800,0.47048830512526363
1233662400,-0.22181458298254614
1233684000,1.1102256692566563
1233705600,-0.18966131113155055
1233727200,0.5099654349170962
1233748800,0.43001708361981283
1233770400,-0.24574645558599867
1233792000,-0.2502722698512271
1233813600,-0.199502910904686
1233835200,0.545155519561756
1233856800,-0.28065310262663723
1233878400,-0.22231464305643023
1233900000,-0.2885995905076028
1233921600,-0.28867606812517593
1233943200,0.46205747501403327
1233964800,-0.2778040845558844
1233986400,-0.25371709017112687
1234008000,-0.24657505349452233
1234029600,-0.348812890837102
1234051200,0.4296962626546623
1234072800,-0.3445746811342653
1234094400,-0.26757033471360747
1234116000,-0.3095778358225064
1234137600,-0.3731695446502258
1234159200,0.45078531088428936
1234180800,-0.31541494268678083
1234202400,-0.2723769769958869
1234224000,-0.29501988506341154
1234245600,1.0391047695730835
1234267200,0.44629171571579557
1234288800,1.0979378072232706
1234310400,-0.2709160834731246
1234332000,-0.3218403863912018
1234353600,1.1026680489065148
1234375200,-0.24611190228528454
1234396800,0.5086271356398206
1234418400,-0.37930309042471083
1234440000,-0.24007921790537587
1234461600,-0.28693178770669464
1234483200,-0.2763639990286939
1234504800,0.4686509338253901
1234526400,-0.34076505378412447
1234548000,-0.35625608822761257
1234569600,-0.2518892477808261
1234591200,-0.3027084984686615
1234612800,-0.32356302422978533
1234634400,-0.32701065115940126
1234656000,0.388114300244786
1234677600,1.0681372617898883
1234699200,-0.36039401765602663
1234720800,-0.3106746085345719
1234742400,1.044006892709801
1234764000,0.3937705635102991
1234785600,-0.14393218826928061
1234807200,-0.26232173833099826
1234828800,-0.3328484778527521
1234850400,-0.3594069648334005
1234872000,-0.2877514294085495
1234893600,-0.2916020225220751
1234915200,0.48603264756425496
1234936800,-0.29945163306336764
1234958400,-0.21185081470170286
1234980000,-0.2934049280251998
1235001600,-0.20311925283251953
1235023200,1.130821078264529
1235044800,-0.3016172828039143
1235066400,1.1234905873364123
1235088000,-0.2321732417734986
1235109600,-0.2624647360491971
1235131200,1.1187523874682563
1235152800,0.47301006573863413
1235174400,-0.26241194138904805
1235196000,-0.2860883545037678
1235217600,-0.284589979411435
1235239200,-0.30863193996121385
1235260800,0.5020175828237773
1235282400,-0.2945528988801889
1235304000,-0.181669409108322
1235325600,-0.2439594848207226
1235347200,-0.27682397600519254
1235368800,-0.32117256446089815
1235390400,-0.26570299180997387
1235412000,0.302502264191812
1235433600,0.09136814231278953
1235455200,-0.18874388466210906
1235476800,0.487382582527154
1235498400,-0.1921106126527984
1235520000,-0.11358553303076846
1235541600,-0.2414774650429654
1235563200,-0.2760907056243906
1235584800,0.5396172719648069
1235606400,-0.24230334106494172
1235628000,-0.32289408035879635
1235649600,-0.19083756763308704
1235671200,-0.2580161543777127
1235692800,1.103030878425541
1235714400,-0.24443312540019452
1235736000,1.1384398268056883
1235757600,-0.25339667569495616
1235779200,-0.2835287505241061
1235800800,-0.20609975958029392
1235822400,-0.21024186846819826
1235844000,0.041520090466714926
1235865600,-0.2020159600001422
1235887200,-0.1325661251630902
1235908800,-0.27418628429201397
1235930400,-0.20608996737641583
1235952000,-0.27019124581012083
1235973600,0.561164305759805
1235995200,-0.25675455976892125
1236016800,1.1354286062250127
1236038400,-0.21184839220628532
1236060000,-0.2380805044717214
1236081600,0.533845834481667
1236103200,-0.2126543550636306
1236124800,-0.2602059146896984
1236146400,-0.24350226405187383
1236168000,0.5753967081858194
1236189600,-0.22498334257591596
1236211200,-0.21774244891042763
1236232800,-0.23782044845720343
1236254400,-0.1448263912589457
1236276000,-0.10670473269014139
1236297600,1.1902687931362288
1236319200,-0.22564751766641108
1236340800,1.0521905231838127
1236362400,-0.23235415173114138
1236384000,-0.19750175377577042
1236405600,0.5076086701757614
1236427200,-0.19825386102041256
1236448800,-0.25471821315382887
1236470400,-0.21914398892384113
1236492000,-0.28935920962836115
1236513600,-0.27604714459014784
1236535200,-0.3074567627511788
1236556800,-0.26789587702617557
1236578400,-0.25235460045463354
1236600000,-0.24850980598319458
1236621600,-0.29702189917327415
1236643200,-0.30289584891357374
1236664800,-0.263030620819244
1236686400,-0.2986789717993587
1236708000,1.1308308107235234
1236729600,0.5007881010838338
1236751200,-0.20536824145761912
1236772800,-0.22256999832326035
1236794400,-0.18280940858303008
1236816000,-0.027294149339593874
1236837600,-0.2179018987280694
1236859200,-0.2369644645170348
1236880800,0.5807411883872362
1236902400,-0.20506991545639364
1236924000,-0.14927267909378067
1236945600,-0.19162488482369142
1236967200,1.1907618762942602
1236988800,0.5851979448240515
1237010400,1.0942182081044867
1237032000,-0.18081250958420408
1237053600,-0.29382077798083167
1237075200,1.1528242576308299
1237096800,-0.22446462569094197
1237118400,-0.24810946437903517
1237140000,-0.310609438832987
1237161600,-0.18881603378109793
1237183200,-0.24625824464954776
1237204800,-0.28018113945313666
1237226400,0.4955923483844932
1237248000,-0.3209382389883274
1237269600,-0.2228043651729002
1237291200,-0.28747474503747983
1237312800,-0.15624037919240474
1237334400,-0.3343130698154503
1237356000,-0.2836149648011329
1237377600,-0.26887276673982663
1237399200,-0.2713745506097356
1237420800,-0.32838263050530464
1237442400,0.4489416682185352
1237464000,-0.25037769957470796
1237485600,-0.28777596292539565
1237507200,-0.2550905371507033
1237528800,-0.30654209956243683
1237550400,-0.19797765759253994
1237572000,-0.2564025773386993
1237593600,-0.19193646446007695
1237615200,-0.2524568454837562
1237636800,1.018520237024674
1237658400,0.510608122285007
1237680000,1.0891432763502675
1237701600,-0.30092715772347883
1237723200,-0.20326650889809364
1237744800,1.0781370619736885
1237766400,0.5367720729294805
1237788000,-0.30413948870178287
1237809600,-0.2939365835311359
1237831200,-0.3474707862816949
1237852800,0.4994297872983141
1237874400,-0.27101766704791364
1237896000,-0.23038814907006153
1237917600,-0.1457277015906705
1237939200,-0.3226977376611671
1237960800,0.47464965589149655
1237982400,-0.28246555886500574
1238004000,-0.2570626523102944
1238025600,1.04911300862785
1238047200,-0.22126554784094854
1238068800,0.4713409218305419
1238090400,-0.16718916453011465
1238112000,-0.21404531921490416
1238133600,-0.28222691752834245
1238155200,0.47984604672184106
1238176800,-0.23273961632111842
1238198400,-0.23657855631601887
1238220000,-0.32212651875552445
1238241600,-0.2905304432292341
1238263200,1.0989670917641137
1238284800,0.5051163880805353
1238306400,1.0271191462172868
1238328000,-0.18205094266622013
1238349600,-0.2661708214039904
1238371200,0.4993469877681467
1238392800,-0.25939885449602
1238414400,-0.2668704425853164
1238436000,-0.35858890479713257
1238457600,-0.19794411750124577
1238479200,0.494223970211265
1238500800,-0.28201797673798634
1238522400,-0.3103988662807634
1238544000,-0.3142585290929113
1238565600,-0.21217040378760138
1238587200,-0.2878639618638267
1238608800,-0.15957602573849325
1238630400,-0.22834389158399487
1238652000,-0.26240149814947844
1238673600,-0.1919297271035217
1238695200,-0.21738153549635578
1238716800,-0.2466260770558552
1238738400,0.4993009155372884
1238760000,-0.2201528374342989
1238781600,-0.21188084605417745
1238803200,-0.22173197829020985
1238824800,-0.25350718184245397
1238846400,0.5977343487169191
1238868000,-0.22192039219753737
1238889600,-0.18336754425109586
1238911200,-0.203068480587478
1238932800,-0.29489735303359066
1238954400,1.1882905671851658
1238976000,-0.20202563043687122
1238997600,0.5603386119926297
1239019200,1.2253287460233038
1239040800,-0.14865165396868402
1239062400,1.2073994263900136
1239084000,-0.2645872974936815
1239105600,-0.24156115925466468
1239127200,0.5039592599189663
1239148800,-0.20693534727565235
1239170400,-0.24062653203452503
1239192000,-0.19776200993150447
1239213600,-0.24116636527171853
1239235200,-0.24206383636555753
1239256800,-0.2889617729894818
1239278400,-0.2619213207447452
1239300000,-0.2377894088425498
1239321600,-0.29863804497111146
1239343200,-0.25549260595813883
1239364800,0.47710806178463006
1239386400,-0.24415134612192582
1239408000,-0.20558182218962417
1239429600,-0.26768185507159076
1239451200,-0.28630970313952064
1239472800,0.5263943337736335
1239494400,-0.20913217152967845
1239516000,-0.2745939095150297
1239537600,-0.22748688423474675
1239559200,-0.25156001189255556
1239580800,0.5073967430178666
1239602400,-0.3453710040319445
1239624000,-0.20920464640324746
1239645600,-0.29150601326434844
1239667200,-0.15174497699591832
1239688800,1.1204296228039246
1239710400,-0.20596568471090054
1239732000,1.071153497707447
1239753600,-0.17938949971330911
1239775200,0.5301231377469428
1239796800,-0.22764685376151836
1239818400,-0.1557832851174488
1239840000,-0.26085513953288836
1239861600,-0.07835406632994843
1239883200,0.47329614686262356
1239904800,-0.23876476155805104
1239926400,-0.24654107137412834
1239948000,1.0446802827280999
1239969600,-0.2564349116794379
1239991200,0.5097820708519937
1240012800,-0.278288413099724
1240034400,-0.2812243171425267
1240056000,-0.020437361938158587
1240077600,0.5092491342860531
1240099200,-0.2614359884811369
1240120800,-0.28147472666953305
1240142400,-0.20765715299570447
1240164000,-0.24349411857458494
1240185600,0.5736479917937788
1240207200,-0.23300463644458883
1240228800,-0.31542129876721636
1240250400,-0.22318583683926596
1240272000,-0.23691319336544722
1240293600,1.092669620527743
1240315200,-0.20098606123545767
1240336800,1.1014851279717082
1240358400,-0.2402902578779902
1240380000,-0.24849160066065826
1240401600,0.5040632140214645
1240423200,-0.2922201548075796
1240444800,-0.21354237342363955
1240466400,-0.22133447993166203
1240488000,-0.20560532052873443
1240509600,0.48010356723730485
1240531200,-0.2758325707801152
1240552800,-0.2910405727016185
1240574400,-0.27604071872572716
1240596000,-0.22151144663522837
1240617600,0.49755761405199983
1240639200,-0.20471739182533027
1240660800,-0.2336785176784242
1240682400,-0.17640705448544475
1240704000,-0.19011063836557573
1240725600,0.5509030155237059
1240747200,-0.20700975359019874
1240768800,-0.20015222194408686
1240790400,-0.1705477662877773
1240812000,-0.23719481319797675
1240833600,-0.16380685572820558
1240855200,-0.10527292424468666
1240876800,-0.13594875463744488
1240898400,-0.24785668621398146
1240920000,-0.17225351311972223
1240941600,1.130822500112896
1240963200,-0.19277098576096752
1240984800,-0.19732913487133602
1241006400,1.191813715683445
1241028000,-0.2354213236390483
1241049600,1.2376878991401277
1241071200,-0.21415014813793704
1241092800,-0.23922943233865443
1241114400,0.5406615736454823
1241136000,-0.30443689812306585
1241157600,-0.2328541764788874
1241179200,-0.31579681764897716
1241200800,-0.25847484097318035
1241222400,-0.2664844166553185
1241244000,0.44813992991636264
1241265600,-0.25896242601858444
1241287200,-0.2460100168533805
1241308800,-0.26797108995914326
1241330400,-0.28005011702769184
1241352000,-0.24161350003040935
1241373600,-0.2357386705557083
1241395200,-0.23555779284285228
1241416800,-0.2787752618617629
1241438400,-0.19943819093313192
1241460000,-0.28613944081574516
1241481600,0.552301434522935
1241503200,-0.2400009978656781
1241524800,-0.34391664577469205
1241546400,-0.25571903403379537
1241568000,-0.27995453944047943
1241589600,0.4738688335363131
1241611200,-0.24519569358212165
1241632800,-0.2750477598286058
1241654400,-0.2544519556818982
1241676000,1.0532485397869413
1241697600,0.4775989548024826
1241719200,1.058521255884766
1241740800,0.15389178999400635
1241762400,-0.1934725889907943
1241784000,1.1327374409214432
1241805600,0.4824604363452418
1241827200,-0.21939178623997668
1241848800,-0.25958132941990947
1241870400,-0.28345445265647395
1241892000,0.5186427516791446
1241913600,-0.2763272369705285
1241935200,-0.25825771286228816
1241956800,-0.08930800392837018
1241978400,-0.2262431303292554
1242000000,-0.24362563467117265
1242021600,1.0984443676001354
1242043200,-0.2503998158409127
1242064800,0.5451285369767002
1242086400,-0.16409229016252952
1242108000,-0.28657908908640256
1242129600,-0.22995146217716675
1242151200,-0.21875437247346283
1242172800,0.5332637635151201
1242194400,-0.15542715978258664
1242216000,-0.1857754244755264
1242237600,-0.2895217737473389
1242259200,1.1299583154009705
1242280800,-0.20853511404612127
1242302400,1.109125924916153
1242324000,-0.28824984740985704
1242345600,-0.1640209532487128
1242367200,-0.2124539650387124
1242388800,-0.23018689210329893
1242410400,-0.17962151150941477
1242432000,-0.22446796980081757
1242453600,-0.20932489232093088
1242475200,-0.19766349319288418
1242496800,-0.1695027015878674
1242518400,-0.18708701272423472
1242540000,-0.22427074487736265
1242561600,-0.15815180485345173
1242583200,-0.20969063348610306
1242604800,0.5662745495523214
1242626400,-0.2021441186464026
1242648000,-0.17538314112488168
1242669600,-0.17479250564673376
1242691200,-0.18413148447704641
1242712800,-0.187906308456684
1242734400,-0.1020467488636691
1242756000,-0.15080568527495805
1242777600,-0.12878373477898464
1242799200,-0.14421937238237204
1242820800,0.5552624106605955
1242842400,-0.12574738814965303
1242864000,-0.14368249850437773
1242885600,-0.16797587237775508
1242907200,-0.09073108403477065
1242928800,-0.12917348628781222
1242950400,1.2901747127282235
1242972000,-0.1384190318086391
1242993600,-0.12386932586071656
1243015200,1.2177963926290136
1243036800,-0.10765991052620573
1243058400,-0.12138927409290827
1243080000,-0.13401256891350424
1243101600,0.5872408690113735
1243123200,-0.20118564790924845
1243144800,-0.1942520753155106
1243166400,-0.21604007563801095
1243188000,-0.1459625428196289
1243209600,-0.19029692881658064
1243231200,-0.1499445105982321
1243252800,-0.1838498030483122
1243274400,-0.1237371486174178
1243296000,-0.14036175389929034
1243317600,-0.16250913671731515
1243339200,0.5941972963373029
1243360800,-0.12840016055755793
1243382400,-0.17569863713478467
1243404000,-0.21427921984338466
1243425600,-0.17420390872322833
1243447200,-0.16362408671365627
1243468800,-0.16762998709714355
1243490400,-0.2550684130993497
1243512000,-0.13907080656434284
1243533600,-0.21841096723844164
1243555200,-0.18402546835258224
1243576800,0.587021171178562
1243598400,-0.1953389324532586
1243620000,-0.20893397809265588
1243641600,-0.09038916665678529
1243663200,-0.19902599910743318
1243684800,1.160363032506114
1243706400,-0.21815096319063032
1243728000,1.0976971244191576
1243749600,-0.15988738262034205
1243771200,-0.22671802626015297
1243792800,0.5633710723504887
1243814400,-0.24845375569170192
1243836000,-0.2535351691788777
1243857600,-0.1625451235873421
1243879200,-0.14376064195381286
1243900800,0.5467819234033681
1243922400,-0.2094209688468274
1243944000,-0.19508902676334489
1243965600,-0.20755791385587632
1243987200,-0.1789371892084924
1244008800,0.16483613132342956
1244030400,-0.07463312979539274
1244052000,-0.19607062044823428
1244073600,0.6178940571320912
1244095200,-0.20112212741478178
1244116800,-0.21642729803572244
1244138400,-0.13616472327039528
1244160000,-0.18583570762605847
1244181600,0.5358249373365486
1244203200,-0.1514328706910391
1244224800,-0.21152790859149212
1244246400,-0.1570412239686514
1244268000,0.544551837551426
1244289600,1.1512609896009613
1244311200,-0.25546112513662367
1244332800,1.172548818688502
1244354400,-0.2269881185495587
1244376000,-0.1969533019506367
1244397600,0.538250683089004
1244419200,-0.257753939817827
1244440800,-0.27228048562453855
1244462400,-0.24399174073615246
1244484000,-0.2078438236502915
1244505600,-0.28956678316565143
1244527200,-0.1485123329515936
1244548800,-0.223017180389417
1244570400,-0.16966350642668246
1244592000,-0.17302854044493648
1244613600,0.5523593451869298
1244635200,-0.24991415003097384
1244656800,-0.1643232331083456
1244678400,-0.18208992126310586
1244700000,-0.26605809168856187
1244721600,0.5755747202315571
1244743200,-0.19227904795566897
1244764800,-0.19951763688055163
1244786400,-0.29709914702282114
1244808000,-0.16635723451190546
1244829600,-0.22763062218022148
1244851200,-0.17688283451349865
1244872800,-0.22247224022398637
1244894400,-0.21062226509285925
1244916000,-0.2789313054840977
1244937600,-0.11825755673061594
1244959200,1.203267051964179
1244980800,-0.18904238705383525
1245002400,1.2059817502147439
1245024000,-0.2276547094848162
1245045600,-0.1488120499517055
1245067200,1.1530032402829644
1245088800,0.5759216136555325
1245110400,-0.21984436837058696
1245132000,-0.28555468558146657
1245153600,-0.24161808672429064
1245175200,-0.2356572665003818
1245196800,-0.24028955949540476
1245218400,-0.2510994815985066
1245240000,-0.2131203709921641
1245261600,-0.22060459752668246
1245283200,-0.18057654534347203
1245304800,-0.16565089659042673
1245326400,-0.15709015786080588
1245348000,-0.2436550526551681
1245369600,0.5947764899584657
1245391200,-0.19841895894779424
1245412800,-0.3175334806845814
1245434400,-0.19413603051580594
1245456000,-0.2493571603112609
1245477600,0.5229061018615047
1245499200,-0.17154539003343405
1245520800,-0.2681323989739242
1245542400,-0.17607887193260935
1245564000,-0.24435349094037048
1245585600,-0.23860061105664887
1245607200,0.4825638438051039
1245628800,-0.2064855739425193
1245650400,-0.20409439455515788
1245672000,-0.2550643086462788
1245693600,1.0728151139749869
1245715200,0.4635350906140491
1245736800,1.0889319567454894
1245758400,-0.26912804516453526
1245780000,1.1129507415286433
1245801600,0.47573686330204257
1245823200,-0.23843935537199068
1245844800,-0.2773706020974636
1245866400,-0.199373693051804
1245888000,-0.2229402878417586
1245909600,-0.2173890832546089
1245931200,-0.29216727864714015
1245952800,-0.18516792440497845
1245974400,-0.20423108280586083
1245996000,0.468040756258742
1246017600,-0.23808531891314066
1246039200,-0.24725470135242392
1246060800,-0.1612735856273203
1246082400,-0.2726119766372857
1246104000,-0.2303040080823607
1246125600,-0.2803046786446648
1246147200,-0.1655939466217195
1246168800,-0.19279072947553158
1246190400,0.5199009066845224
1246212000,-0.09208732334655079
1246233600,-0.21036924314978842
1246255200,1.1219935028025718
1246276800,-0.2728302594061419
1246298400,0.49646306563425546
1246320000,1.0200350924081716
1246341600,0.05225939505464929
1246363200,1.0625660611881682
1246384800,-0.2907493453262847
1246406400,-0.12641192246118443
1246428000,-0.27495506452478
1246449600,-0.2027475881021864
1246471200,-0.17313788253709325
1246492800,-0.19846290549077886
1246514400,-0.25429115071441605
1246536000,-0.16249306239866468
1246557600,-0.20924640317062188
1246579200,-0.1951040155688741
1246600800,-0.23964071658126618
1246622400,-0.1433374294288516
1246644000,-0.1944971488021495
1246665600,-0.1407697178241742
1246687200,-0.22598573411256714
1246708800,-0.33349308305017755
1246730400,-0.23791155484672588
1246752000,-0.2433428495899043
1246773600,-0.32536546691991575
1246795200,0.5298102988122354
1246816800,-0.2751154182806802
1246838400,-0.21363841170824
1246860000,-0.2719389836283557
1246881600,-0.31400519470631116
1246903200,1.064749646351328
1246924800,-0.1997391899311917
1246946400,1.1401985188163577
1246968000,-0.19552394314391475
1246989600,-0.29165449154417333
1247011200,1.1051948022615117
1247032800,-0.169473996762954
1247054400,0.4823892246028738
1247076000,-0.23014897853855626
1247097600,-0.2911660776884353
1247119200,-0.23070047115849796
1247140800,-0.2716501328799737
1247162400,0.5398478485844326
1247184000,-0.25229635612412393
1247205600,-0.2781332017508909
1247227200,-0.27679288219407433
1247248800,-0.2352915522430485
1247270400,-0.15483079092233193
1247292000,1.0485479046724566
1247313600,0.5060627642815263
1247335200,1.1182100399341102
1247356800,-0.2687406045432326
1247378400,-0.35461913291291985
1247400000,-0.24718757748125594
1247421600,-0.347706485014826
1247443200,0.49384503591415607
1247464800,-0.26704269060520813
1247486400,-0.31290533849999647
1247508000,-0.3340167097416955
1247529600,-0.2463487119144818
1247551200,-0.26839074508640826
1247572800,-0.2944403569497637
1247594400,-0.26859985963293864
1247616000,1.0504352006058368
1247637600,-0.26241090146617774
1247659200,-0.2873152477580876
1247680800,1.1097893953753657
1247702400,-0.306783675335341
1247724000,1.0310032760401615
1247745600,-0.19741079392137328
1247767200,-0.301735739019568
1247788800,0.4640058392501407
1247810400,-0.2948593629593078
1247832000,-0.23135166686680295
1247853600,-0.27915034231032954
1247875200,-0.30237441611311944
1247896800,0.46459150166653707
1247918400,-0.23129248894671928
1247940000,-0.27310323814903426
1247961600,-0.2403977720805145
1247983200,-0.2322708514531279
1248004800,0.46512942459488915
1248026400,-0.1873319120490184
1248048000,-0.2649599288218992
1248069600,-0.2535421164230347
1248091200,0.5744689115826898
1248112800,-0.21540412692084002
1248134400,-0.2161804620038827
1248156000,-0.24592997830877367
1248177600,-0.26345166032021045
1248199200,0.4819696962125333
1248220800,-0.23631145808666135
1248242400,-0.2388573198473475
1248264000,-0.23267141667965477
1248285600,-0.3100752787341705
1248307200,1.0525760140581943
1248328800,0.11423553652095536
1248350400,1.0354938147299466
1248372000,0.13984528112271707
1248393600,-0.007160168124356395
1248415200,0.33081721686361604
1248436800,-0.3011422803738907
1248458400,0.17641685116295827
1248480000,0.09211651955825556
1248501600,-0.28805104908412876
1248523200,-0.13338221210218887
1248544800,-0.19890858933666553
1248566400,-0.18241534164137319
1248588000,0.4885720169902579
1248609600,-0.24411790584646087
1248631200,-0.16798360125009534
1248652800,-0.21914562847231756
1248674400,-0.356759428394103
1248696000,-0.15949076611516136
1248717600,-0.22707573726029498
1248739200,-0.13239262248554745
1248760800,-0.31581057727301004
1248782400,-0.2824846112911236
1248804000,0.40325161166674406
1248825600,-0.25312273099702987
1248847200,-0.3068687412755662
1248868800,-0.2898160902790728
1248890400,1.0559684381891852
1248912000,-0.39435020940896487
1248933600,0.4833671006177707
1248955200,1.030666568078622
1248976800,-0.22789177876201044
1248998400,1.0729286051107743
1249020000,-0.36696619381321627
1249041600,-0.2611068141053386
1249063200,-0.26791578545501277
1249084800,-0.3002370345056245
1249106400,-0.31780905097188317
1249128000,-0.24558648765223348
1249149600,-0.28369724861266316
1249171200,-0.2799600917967803
1249192800,-0.2978241373259851
1249214400,-0.21754543571741847
1249236000,-0.27160944851131186
1249257600,-0.22549941823937147
1249279200,1.0987406190553566
1249300800,0.4179360648128124
1249322400,-0.25160084608918143
1249344000,1.0563815052709233
1249365600,-0.3332745620158725
1249387200,1.0782056660184012
1249408800,-0.3579804355992965
1249430400,0.46240997525751343
1249452000,0.39595087028151627
1249473600,-0.36989748618019186
1249495200,-0.3890974352789945
1249516800,-0.3328279503481887
1249538400,-0.31914305347268235
1249560000,-0.3034896202903148
1249581600,-0.3466738192245399
1249603200,-0.3522436742502801
1249624800,-0.32231011291112466
1249646400,0.988216485228328
1249668000,-0.3221857123833791
1249689600,0.9951751100181849
1249711200,-0.3299589832772512
1249732800,0.9978131788423168
1249754400,-0.34726729520399285
1249776000,-0.30917383691812134
1249797600,-0.28177391011043723
1249819200,-0.350346010637511
1249840800,-0.3629067572835242
1249862400,-0.32560400461243616
1249884000,0.35702833047932525
1249905600,-0.3269703162785126
1249927200,-0.30906610186056355
1249948800,-0.31989443266355866
1249970400,0.964441837142598
1249992000,0.483513067957809
1250013600,-0.3454797642011859
1250035200,1.071212360168962
1250056800,-0.17294636831394886
1250078400,0.4828779131532342
1250100000,-0.3395948027153115
1250121600,-0.2137757503777433
1250143200,-0.2640392374775313
1250164800,-0.28718411112327996
1250186400,-0.2863775730646659
1250208000,-0.3501738444064947
1250229600,-0.24801009317497114
1250251200,1.0209255226651557
1250272800,0.45051734070605626
1250294400,1.0335901925678743
1250316000,-0.3993006888592554
1250337600,1.0735888639287887
1250359200,-0.31361038451640944
1250380800,0.46700437173660203
1250402400,-0.32136364537463546
1250424000,0.07921412831488181
1250445600,0.014728718131792263
1250467200,-0.15232392942784145
1250488800,-0.19473631265900737
1250510400,-0.20959132553913745
1250532000,-0.26469913607488627
1250553600,-0.0846901344544383
1250575200,-0.22214798571296077
1250596800,-0.36050617373827776
1250618400,-0.16659422539341615
1250640000,-0.2166889670077755
1250661600,-0.2451753304626205
1250683200,-0.20591155128397529
1250704800,-0.2658798329301526
1250726400,-0.2174777987767883
1250748000,0.4930565495536901
1250769600,-0.26796480800419664
1250791200,-0.2845732286560072
1250812800,-0.15702684098730027
1250834400,-0.216093046809292
1250856000,-0.24229568423348455
1250877600,1.0687107063209595
1250899200,-0.2822638019780933
1250920800,1.1104013600709246
1250942400,-0.2524615063124724
1250964000,-0.2622422989975469
1250985600,0.48711262903969554
1251007200,-0.21088856163815817
1251028800,-0.2654140887956129
1251050400,-0.2275048506778645
1251072000,-0.2724896221123938
1251093600,-0.2645790072032492
1251115200,0.5029961766997859
1251136800,-0.2051509163930577
1251158400,-0.22945243924462466
1251180000,-0.3009413375505569
1251201600,-0.24997934217764006
1251223200,-0.2371065995994712
1251244800,-0.26501981174289496
1251266400,1.0365470136991968
1251288000,-0.22486090960271285
1251309600,1.0698713870117458
1251331200,-0.2572876204887096
1251352800,-0.26895781630431115
1251374400,0.5072940287641142
1251396000,-0.30700301209972125
1251417600,-0.1791850088822498
1251439200,-0.1944743861602879
1251460800,-0.27838048018220607
1251482400,0.5064330645880614
1251504000,-0.3387891219713776
1251525600,-0.2705312362775704
1251547200,-0.29115529823192465
1251568800,-0.25710628685462067
1251590400,1.0997869176492574
1251612000,0.4538247301373056
1251633600,1.117982832512668
1251655200,-0.2541199665632251
1251676800,1.0812182893785207
1251698400,0.46391440506531834
1251720000,-0.2264377686541101
1251741600,-0.2824759074250139
1251763200,-0.25632118021480205
1251784800,-0.27750398858311015
1251806400,-0.19460915272639273
1251828000,-0.2645173222814152
1251849600,0.5672253005523856
1251871200,-0.24578517833957983
1251892800,-0.3350099453772847
1251914400,-0.2348446531457884
1251936000,-0.23983384993346615
1251957600,-0.25035365084848593
1251979200,-0.18112254397900393
1252000800,-0.24105905100405006
1252022400,-0.14762137093686306
1252044000,-0.26191230657513476
1252065600,0.5416244570824437
1252087200,-0.24267026523474985
1252108800,-0.21793776748039825
1252130400,-0.1921107392257952
1252152000,0.5918990670514113
1252173600,-0.1125256113413935
1252195200,-0.2806886196904636
1252216800,1.1214418242118849
1252238400,-0.2785110681220033
1252260000,-0.18967231903511228
1252281600,1.1253845234573656
1252303200,-0.20548315174818782
1252324800,0.565362551919007
1252346400,-0.04885684164378266
1252368000,-0.1768650638054294
1252389600,-0.16827773321231781
1252411200,-0.1806464854622903
1252432800,-0.13552336585886224
1252454400,-0.14739528143089092
1252476000,-0.22219637702414913
1252497600,-0.16902146308356514
1252519200,-0.1477571784684958
1252540800,-0.1566555572183731
1252562400,-0.23645214606142684
1252584000,-0.13783759033091575
1252605600,-0.22972192573044162
1252627200,0.5956164561557871
1252648800,-0.20189847747284836
1252670400,-0.19732875542030728
1252692000,-0.2695694790036903
1252713600,-0.1351224401236133
1252735200,-0.22596713603425267
1252756800,-0.23356040613670428
1252778400,-0.2255948700601416
1252800000,-0.22330413707293723
1252821600,-0.08498133824132262
1252843200,1.1137787119191425
1252864800,-0.24116553691776474
1252886400,-0.1927687531111708
1252908000,1.1052341858056702
1252929600,-0.1712927320177216
1252951200,-0.21444022233550925
1252972800,0.5505213148516752
1252994400,-0.1906752953450128
1253016000,-0.15316333876396443
1253037600,-0.1901553735184535
1253059200,-0.2413847907362756
1253080800,-0.2362141070038758
1253102400,-0.20519576490953
1253124000,0.5439431936440958
1253145600,-0.1868237889994644
1253167200,-0.2226666678046567
1253188800,-0.30258462761849436
1253210400,-0.2394015873803409
1253232000,0.5305925193868628
1253253600,-0.25536192258392
1253275200,-0.206089223030439
1253296800,1.1126962505880404
1253318400,-0.20415197399380597
1253340000,-0.2611871320070163
1253361600,0.5137859900326518
1253383200,0.4873330879288195
1253404800,-0.2014972447402333
1253426400,-0.19146654835567395
1253448000,-0.21150222663664256
1253469600,-0.25525054774424166
1253491200,0.48738310135594076
1253512800,-0.27436963927557784
1253534400,-0.2936342578742727
1253556000,-0.22262519234091246
1253577600,1.1199973475866596
1253599200,-0.20604553511752322
1253620800,1.1222679510906974
1253642400,-0.1959574599333934
1253664000,-0.18312731635551768
1253685600,1.1038249169966188
1253707200,-0.2552236824900985
1253728800,0.5199982498805227
1253750400,-0.2972426223883869
1253772000,-0.3066673871296048
1253793600,-0.25719101948881046
1253815200,-0.24192131783310258
1253836800,-0.26117361718828114
1253858400,-0.3940700083712025
1253880000,0.5159305912533223
1253901600,-0.3040432672922449
1253923200,-0.2520858829160329
1253944800,-0.26200469222481426
1253966400,-0.26816563081745864
1253988000,-0.3099105675895605
1254009600,-0.2323526275019461
1254031200,-0.2612558155501744
1254052800,-0.2761859061774586
1254074400,-0.27181323552198094
1254096000,0.4393885706143741
1254117600,-0.2436223283160383
1254139200,-0.29383470827513436
1254160800,-0.25569598391911597
1254182400,-0.26193974779222373
1254204000,-0.31928600633593696
1254225600,-0.24546624340890238
1254247200,1.1149446722388274
1254268800,-0.19435228540624325
1254290400,0.47077604163649633
1254312000,1.1384472135437713
1254333600,-0.23692951045785796
1254355200,1.1127038913794784
1254376800,0.4933246796370093
1254398400,-0.09950059149586071
1254420000,-0.05923332746228617
1254441600,-0.005060812887168295
1254463200,-0.20716280797796824
1254484800,0.45534158275539716
1254506400,-0.2194408614966445
1254528000,-0.2618949910069231
1254549600,-0.1537056091185071
1254571200,-0.1942046827625493
1254592800,0.5206863896415661
1254614400,-0.18722466362988988
1254636000,-0.2717549612255056
1254657600,-0.23631231274591288
1254679200,0.49327382842170303
1254700800,-0.13839010313657982
1254722400,-0.22225827916645705
1254744000,-0.21751371396656538
1254765600,-0.28304387294919875
1254787200,-0.2723751959532608
1254808800,-0.22443074958678538
1254830400,-0.270611110140619
1254852000,-0.21251033497596414
1254873600,1.0849530626059953
1254895200,0.5460028157721376
1254916800,1.1211152438138878
1254938400,-0.1761431933745407
1254960000,-0.16612576153688527
1254981600,1.1675617580362068
1255003200,-0.22959679116081508
1255024800,-0.12979056030489855
1255046400,-0.1442583815175475
1255068000,-0.2181200137361496
1255089600,-0.21331875930503036
1255111200,-0.16796620495808423
1255132800,-0.17049065363146437
1255154400,-0.24732962236630235
1255176000,-0.14337602658880538
1255197600,-0.22793318355132933
1255219200,-0.17749282857214477
1255240800,-0.18520127034206643
1255262400,-0.21042210454305382
1255284000,-0.24524348419551062
1255305600,-0.12295206079226714
1255327200,-0.1669319529260737
1255348800,-0.1838344552957449
1255370400,-0.1952013131915464
1255392000,0.536694278020239
1255413600,-0.13798072473172174
1255435200,-0.21409697993843632
1255456800,-0.17288731105223973
1255478400,-0.18830518727295048
1255500000,-0.21110585697566336
1255521600,0.6204936097760148
1255543200,-0.11056233815399899
1255564800,-0.0987791493487244
1255586400,-0.15868127127959017
1255608000,-0.04270381789637836
1255629600,-0.0867746910869514
1255651200,1.2773232316780763
1255672800,-0.16276799298732472
1255694400,-0.06066751845865667
1255716000,1.231646051666216
1255737600,-0.08400467133077434
1255759200,-0.1278111910319893
1255780800,-0.22821773479896285
1255802400,-0.18367312235375585
1255824000,-0.16390978206584703
1255845600,-0.19076081654828853
1255867200,-0.1316752431669947
1255888800,0.5599546935628974
1255910400,-0.12750835893863122
1255932000,-0.19413226590707638
1255953600,-0.1970751212533313
1255975200,-0.22954715775696144
1255996800,-0.15403814457940168
1256018400,-0.13158282858290152
1256040000,-0.13686918658106623
1256061600,-0.19704251537629633
1256083200,-0.22549837898539382
1256104800,-0.1976645481378688
1256126400,-0.23187724614637564
1256148000,-0.22034118134686587
1256169600,-0.20474637790212696
1256191200,-0.19881056155981552
1256212800,-0.16590444784357009
1256234400,-0.07581593654202237
1256256000,-0.14565082270292587
1256277600,-0.13531632634302884
1256299200,1.1605488376193305
1256320800,0.6194333450626636
1256342400,0.5977993561446231
1256364000,1.1265704405125287
1256385600,-0.10835079270652823
1256407200,0.6094925605260421
1256428800,-0.060545208299235334
1256450400,0.03456326568904461
1256472000,0.010819381482255468
1256493600,-0.12592589621437647
1256515200,0.5807963710204326
1256536800,-0.2063988019759468
1256558400,-0.1333769440870601
1256580000,-0.12762430848277118
1256601600,-0.10593392435206087
1256623200,-0.17403580222956683
1256644800,-0.182028487074751
1256666400,-0.1797041149770711
1256688000,-0.261258298623294
1256709600,-0.1778134299970003
1256731200,-0.12329875925070777
1256752800,-0.12665157615534664
1256774400,-0.22184063988557362
1256796000,-0.21852417659605605
1256817600,-0.22700974907999713
1256839200,-0.15641471432036957
1256860800,-0.19256333440162218
1256882400,-0.1335501017825767
1256904000,-0.1765743819043618
1256925600,1.1387941556404406
1256947200,-0.24121269966696168
1256968800,-0.23740351972026297
1256990400,1.214994669407034
1257012000,-0.2255642499108927
1257033600,-0.11110254263091725
1257055200,-0.2210593024562479
1257076800,-0.2670143959829625
1257098400,-0.18597111218941645
1257120000,-0.2121659269213149
1257141600,0.5081124175610148
1257163200,-0.17914985019997678
1257184800,-0.2297395982848977
1257206400,-0.22149386805231386
1257228000,-0.2424474214581982
1257249600,-0.22748866027531295
1257271200,0.49611017687661624
1257292800,-0.20573794034249063
1257314400,-0.24570634256681037
1257336000,-0.2101853164394116
1257357600,-0.27081656160540213
1257379200,0.48498023386112743
1257400800,0.5092071732691161
1257422400,-0.2824470311890255
1257444000,-0.24438953496283383
1257465600,-0.2923031036525163
1257487200,-0.23604803040157446
1257508800,-0.28924868741829196
1257530400,0.5519778466830872
1257552000,-0.24914814918759703
1257573600,-0.2289878903187367
1257595200,1.1280887408356468
1257616800,-0.18072137338380168
1257638400,0.5640428757830486
1257660000,1.1035865719619686
1257681600,-0.21993908047865002
1257703200,1.1588476404569623
1257724800,-0.23529098394754777
1257746400,-0.3306395850156323
1257768000,1.1389584651537707
1257789600,0.46396097252970775
1257811200,-0.2715809360158649
1257832800,-0.2616480099612526
1257854400,-0.26737131134738035
1257876000,-0.33306794802950346
1257897600,-0.2204568167157591
1257919200,-0.27316885839125477
1257940800,-0.32723379441954126
1257962400,-0.2695141337112399
1257984000,-0.3770488493103985
1258005600,0.49728963059696246
1258027200,-0.3604614753306412
1258048800,-0.2737419746806792
1258070400,-0.27663087837088873
1258092000,-0.3334091375738753
1258113600,0.504194110332886
1258135200,-0.29170545178813
1258156800,-0.2773149405037748
1258178400,-0.23725438891641273
1258200000,-0.25724341363279224
1258221600,-0.22000840075546133
1258243200,-0.27496159225821165
1258264800,0.4992779524399633
1258286400,-0.18174755434488446
1258308000,-0.24183947682694387
1258329600,0.5604630035653562
1258351200,-0.2385772277597443
1258372800,1.0471220359601006
1258394400,-0.1931159766036062
1258416000,1.0998061086680038
1258437600,-0.2449484671460225
1258459200,0.5571317384622173
1258480800,-0.2561865791924135
1258502400,-0.0638553630114039
1258524000,-0.08970846630711378
1258545600,-0.20311686975451712
1258567200,0.46042369315442605
1258588800,-0.20690559048986515
1258610400,-0.22290024967940478
1258632000,-0.271701551889463
1258653600,0.46973785287141645
1258675200,-0.30347884412443504
1258696800,-0.26962250341522426
1258718400,-0.35325801249987693
1258740000,-0.25430630344974725
1258761600,-0.3337606783317715
1258783200,-0.26044883780560474
1258804800,-0.29200248735842754
1258826400,-0.22570764051445166
1258848000,0.5196829852626694
1258869600,-0.2795421908346805
1258891200,-0.2997191835271403
1258912800,0.16462763355679969
1258934400,1.120632265956391
1258956000,0.45664635568457157
1258977600,1.1124586287948515
1258999200,-0.23457537016474542
1259020800,-0.21056495520374469
1259042400,1.0444766573325455
1259064000,0.5533789456377178
1259085600,-0.28433488821185765
1259107200,-0.22233813552244752
1259128800,-0.2720821618247487
1259150400,-0.2614787818010252
1259172000,0.4493710576425236
1259193600,-0.21555091035924698
1259215200,-0.25768184765901747
1259236800,-0.27322530018891217
1259258400,-0.277539631161857
1259280000,-0.3293228292903284
1259301600,0.5264549616698919
1259323200,-0.2993219864662944
1259344800,-0.2625178211551621
1259366400,-0.26723990580184537
1259388000,-0.3252361668890418
1259409600,0.5138456451076046
1259431200,-0.2892919262810841
1259452800,-0.2794244714305898
1259474400,-0.3021934935106293
1259496000,-0.25238777565489373
1259517600,-0.20315222755622003
1259539200,-0.23243148264428398
1259560800,0.4842331917631344
1259582400,-0.19368118874467544
1259604000,-0.2257917227518058
1259625600,-0.1639719886039741
1259647200,-0.19073033092391833
1259668800,1.0966472854595786
1259690400,-0.17616665754484312
1259712000,1.1835753666903794
1259733600,-0.21270194364716968
1259755200,1.2026172673279747
1259776800,-0.22248406470457943
1259798400,-0.191835945756412
1259820000,0.5222068895393461
1259841600,-0.23861321464251228
1259863200,-0.24557017025409006
1259884800,-0.19436836847004146
1259906400,-0.2083402841088983
1259928000,0.5632800349281449
1259949600,-0.28877855512025286
1259971200,-0.2691582555231509
1259992800,-0.24161104726725172
1260014400,-0.27782013666081207
1260036000,-0.21741777276792507
1260057600,0.4995989286608551
1260079200,-0.2520077861217414
1260100800,-0.22901576424090808
1260122400,-0.20772494674591682
1260144000,-0.22469719482522957
1260165600,0.4983555766811097
1260187200,-0.262368831134495
1260208800,-0.19800255497026342
1260230400,-0.2595586724915319
1260252000,-0.2756258813020673
1260273600,-0.23408152088285905
1260295200,-0.23573338262525087
1260316800,-0.23266222993069524
1260338400,-0.21471978458072666
1260360000,1.1391301552802122
1260381600,0.46963655791861386
1260403200,-0.27085137789682084
1260424800,1.1247203477927736
1260446400,-0.24285654819907732
1260468000,-0.25810448178843204
1260489600,-0.20281304151712173
1260511200,-0.20709822165173708
1260532800,-0.16117308951691184
1260554400,-0.11642615248976836
1260576000,0.45410718531095784
1260597600,-0.1927361157893745
1260619200,-0.29000649724682137
1260640800,-0.25561543992488345
1260662400,0.49498458974231524
1260684000,-0.30965833623218114
1260705600,-0.12060278941254586
1260727200,1.1225212941931073
1260748800,-0.2518849055912962
1260770400,0.4789470819285181
1260792000,-0.1891633795135313
1260813600,-0.23778236252875
1260835200,-0.22067151132957707
1260856800,-0.267586361004996
1260878400,0.5770094703662212
1260900000,-0.24045793326805617
1260921600,-0.06548203326493633
1260943200,-0.23159922982621026
1260964800,1.0339553860422068
1260986400,-0.24706482238050614
1261008000,1.0939745701161334
1261029600,-0.31973357829268845
1261051200,-0.2243061518492552
1261072800,0.478931224497316
1261094400,-0.2261667376864968
1261116000,-0.32022325492574855
1261137600,-0.2792529073965543
1261159200,-0.3102778245420076
1261180800,0.48544242439558966
1261202400,-0.27947759642782705
1261224000,-0.23145050191059666
1261245600,-0.287307614745559
1261267200,0.4293751375242447
1261288800,-0.3041179978200125
1261310400,-0.3435912320130963
1261332000,-0.27199023432286984
1261353600,-0.3254739704160171
1261375200,0.5050702095405635
1261396800,-0.29147568951499575
1261418400,-0.22559138419848537
1261440000,-0.26878832684128967
1261461600,-0.25166301195748475
1261483200,-0.24945968007136263
1261504800,0.5446133090216296
1261526400,-0.2189787964013294
1261548000,-0.2770363811626149
1261569600,-0.2219643997095427
1261591200,-0.15852780733101932
1261612800,1.1424853050565529
1261634400,0.4695931101693341
1261656000,-0.15828383026931322
1261677600,1.1178536299170125
1261699200,-0.2073986298112549
1261720800,1.1656113006029782
1261742400,-0.21430644889055503
1261764000,0.4915139941133083
1261785600,0.6115230438896687
1261807200,-0.2081172879851143
1261828800,-0.27258921709500394
1261850400,-0.22635625192281683
1261872000,-0.30303349537819907
1261893600,0.554459488810887
1261915200,-0.273053499407763
1261936800,-0.23087156162935774
1261958400,-0.269274623385339
1261980000,-0.2880988184931714
1262001600,-0.2055887138590055
1262023200,0.5626059509727358
1262044800,-0.26302005762861685
1262066400,-0.2456866537882137
1262088000,-0.1850257512060005
1262109600,-0.2324092172147579
1262131200,-0.21280157961940557
1262152800,-0.26973850696531976
1262174400,-0.1567309791340523
1262196000,-0.21087724538263436
1262217600,-0.15835625184480173
1262239200,-0.22736279470048906
1262260800,0.48830911912940367
1262282400,-0.10223826088335136
1262304000,-0.14377445685968193
1262325600,-0.14046049278951106
1262347200,-0.1438755508258878
1262368800,-0.25457134793488323
1262390400,1.1948788358591664
1262412000,-0.1737656656689564
1262433600,-0.17060392519188544
1262455200,1.1134267850321455
1262476800,-0.19026988849624274
1262498400,-0.14946877216741883
1262520000,-0.18823230064100932
1262541600,-0.24614331237873455
1262563200,-0.26133238967976435
1262584800,-0.24119745957893166
1262606400,-0.30983511861104285
1262628000,-0.21813968296188213
1262649600,-0.27305100099349583
1262671200,-0.05332080793715206
1262692800,0.5251946931960856
1262714400,-0.19446218248557368
1262736000,-0.19971736321921646
1262757600,-0.23901010176419893
1262779200,-0.23173392034186668
1262800800,0.5648302079823357
1262822400,-0.15585799898127906
1262844000,-0.2778363441473333
1262865600,-0.1840565553145932
1262887200,-0.19741453424191904
1262908800,0.5442212230466273
1262930400,-0.21154837198689302
1262952000,-0.1718811125303364
1262973600,1.0827141845918518
1262995200,0.5123398857485918
1263016800,1.0900660733422434
1263038400,-0.31084073491126946
1263060000,-0.354742132729694
1263081600,1.1504817808205168
1263103200,-0.09184679633520901
1263124800,-0.32037634030423073
1263146400,0.10816061379638878
1263168000,-0.19729101488469125
1263189600,-0.2509931765786676
1263211200,0.44585927336952214
1263232800,-0.2848771624952897
1263254400,-0.24834210966600834
1263276000,-0.3110813355230527
1263297600,-0.2678689336400508
1263319200,0.4831586993072282
1263340800,-0.3350763181086763
1263362400,-0.3132320527141218
1263384000,-0.23709724783742456
1263405600,-0.3221836572109935
1263427200,0.4886064961149879
1263448800,-0.28209090356628197
1263470400,-0.20530208305938108
1263492000,-0.26133755557803096
1263513600,-0.22651500182090611
1263535200,-0.2627946407262628
1263556800,0.4234545330724052
1263578400,-0.2790428017464196
1263600000,-0.25546028054657877
1263621600,1.0713835646014749
1263643200,0.5554081760402862
1263664800,1.1136853918303058
1263686400,-0.18547864541565945
1263708000,-0.27250264646802685
1263729600,1.1103245954744372
1263751200,-0.280821474868142
1263772800,0.5383685173724958
1263794400,-0.2328257333783196
1263816000,-0.206883330597302
1263837600,-0.2529846201399233
1263859200,-0.2696704067329152
1263880800,-0.2649240058336207
1263902400,0.4780948676480238
1263924000,-0.24094404152085197
1263945600,-0.27843831768268873
1263967200,-0.22203137117337496
1263988800,-0.2569863410866063
1264010400,-0.19670931649860843
1264032000,0.5451047557676468
1264053600,-0.2588466746658409
1264075200,-0.2803223979199469
1264096800,-0.2024123892295337
1264118400,0.5570657818574696
1264140000,-0.28627238276641265
1264161600,-0.23840723065475591
1264183200,-0.24096029785639747
1264204800,-0.2336319124573638
1264226400,-0.31426667690917115
1264248000,0.5640897909370747
1264269600,-0.25975736636598523
1264291200,-0.20020267141187562
1264312800,-0.20478828892124995
1264334400,1.1500724761648868
1264356000,-0.2373882811616153
1264377600,-0.18999408699924822
1264399200,1.1587319295951806
1264420800,-0.26190130882306223
1264442400,-0.21853113130093035
1264464000,-0.3109329805412051
1264485600,-0.19535786989824327
1264507200,-0.24129528792803268
1264528800,-0.1852833628084805
1264550400,0.5277512740773033
1264572000,-0.2464798883419103
1264593600,-0.15510566927280744
1264615200,-0.19351620750198437
1264636800,-0.17048920411753396
1264658400,0.5157729042883527
1264680000,-0.18849283885855958
1264701600,-0.20166697362197786
1264723200,-0.2016200909747037
1264744800,-0.24239080603494415
1264766400,0.6187952968873245
1264788000,-0.19856064919707128
1264809600,-0.15185586364673875
1264831200,-0.09155484560690735
1264852800,0.49732477765787486
1264874400,-0.20895717066413483
1264896000,-0.1348012680838265
1264917600,-0.2135184767875965
1264939200,0.16691233880642536
1264960800,1.1243279737360898
1264982400,-0.2154540267258513
1265004000,1.1244323015761597
1265025600,-0.23348105907808128
1265047200,-0.08694779888553072
1265068800,0.569663656811013
1265090400,-0.17213815513412592
1265112000,-0.15073822710497226
1265133600,-0.22786095925666475
1265155200,-0.24960199396986127
1265176800,0.530833862547242
1265198400,-0.2761434383095412
1265220000,-0.21290234677546535
1265241600,-0.25678366187997426
1265263200,-0.13284224705284164
1265284800,-0.21611215590701421
1265306400,-0.1729815797850481
1265328000,-0.1843650463317594
1265349600,-0.27458196240695193
1265371200,0.5089276600438342
1265392800,-0.2100222359511932
1265414400,-0.232911100853679
1265436000,-0.30648510850883814
1265457600,-0.25226808038692267
1265479200,-0.23694513494056876
1265500800,-0.2522257200859262
1265522400,-0.32863930573784067
1265544000,-0.23768387760759682
1265565600,1.0734733321676804
1265587200,-0.23922935198760387
1265608800,1.1263898308696207
1265630400,-0.2239914293638049
1265652000,-0.31046959623377635
1265673600,1.2135907668283699
1265695200,-0.2110200029376902
1265716800,-0.2444271010653994
1265738400,-0.18607988541999618
1265760000,-0.35910504535999266
1265781600,-0.22452929550491416
1265803200,-0.3088216626751882
1265824800,-0.23717679858451834
1265846400,0.48174917852812094
1265868000,-0.3012607894720358
1265889600,-0.26882661164090466
1265911200,-0.2712098918702289
1265932800,-0.3072032446852435
1265954400,1.0443440153688273
1265976000,-0.2511605894139342
1265997600,1.0777580233009576
1266019200,-0.2739984272448433
1266040800,-0.3001773446250334
1266062400,1.1538795483859965
1266084000,-0.2669767813647047
1266105600,-0.2261838549168419
1266127200,0.5132029095431598
1266148800,-0.34621064012241565
1266170400,-0.2936135705968944
1266192000,-0.28330354824529047
1266213600,-0.2972251977318275
1266235200,-0.2235001051880792
1266256800,0.49462695981756916
1266278400,-0.23958137055641965
1266300000,-0.28169234634333035
1266321600,-0.24599591458185863
1266343200,1.0847239289460273
1266364800,0.5297698828727609
1266386400,1.1138533983958094
1266408000,-0.22467829905984746
1266429600,-0.34960687930643164
1266451200,1.0269345344944287
1266472800,-0.3076435111453729
1266494400,-0.22927534173966632
1266516000,0.014168456385680997
1266537600,-0.358015259293444
1266559200,-0.27347693667419815
1266580800,0.44732598545873703
1266602400,-0.19048796441819485
1266624000,-0.22601166753809374
1266645600,-0.29247346285594805
1266667200,-0.30062879672940207
1266688800,-0.2583426587309958
1266710400,-0.28861572288932086
1266732000,-0.3295784658614449
1266753600,-0.18303043458792184
1266775200,-0.2752091232188983
1266796800,0.4871913328641752
1266818400,-0.35899633833566574
1266840000,-0.27407490623730696
1266861600,-0.33236944650790434
1266883200,-0.2900988231847751
1266904800,0.4728652729637036
1266926400,-0.3284970092420633
1266948000,-0.35370594651299625
1266969600,-0.25893151281095317
1266991200,0.4799399674020175
1267012800,1.0604818558003062
1267034400,-0.2856690678085413
1267056000,1.0158325678860587
1267077600,-0.2836017916274719
1267099200,0.44440820112922186
1267120800,-0.3169743379231467
1267142400,-0.2692008441368731
1267164000,-0.3419387961444197
1267185600,-0.2676023040998792
1267207200,0.49956561286093315
1267228800,-0.2923508045098754
1267250400,-0.23938333442137846
1267272000,-0.20013164280698845
1267293600,1.1044194702237058
1267315200,0.5183551352905055
1267336800,-0.25870762065070496
1267358400,1.160605555243533
1267380000,-0.23024953958288077
1267401600,-0.17608711770356145
1267423200,0.514681341103076
1267444800,-0.3177994330363131
1267466400,-0.24174351546492118
1267488000,-0.2924283705035472
1267509600,-0.2820818653218613
1267531200,0.5348059439875108
1267552800,-0.2586106027903252
1267574400,-0.24872574577085232
1267596000,-0.27608484939853767
1267617600,-0.26552841376798736
1267639200,1.0590608929503076
1267660800,-0.2644076816169319
1267682400,1.1392068497842514
1267704000,-0.21645998910846811
1267725600,-0.3038617027202354
1267747200,1.0870444169283124
1267768800,-0.2424410737594862
1267790400,-0.281175742551362
1267812000,-0.25770124281111423
1267833600,-0.30168755992077945
1267855200,-0.2883193792465742
1267876800,-0.28213317380021935
1267898400,-0.23541061418224232
1267920000,-0.2756457994175892
1267941600,-0.2679214356838366
1267963200,-0.22274036914778425
1267984800,-0.20922268005148917
1268006400,0.5597548112050179
1268028000,-0.2193775518648698
1268049600,-0.23147930777014245
1268071200,0.031177286941698978
1268092800,-0.16966858304291454
1268114400,-0.2792932929501868
1268136000,0.5968387863351904
1268157600,-0.2530744207185519
1268179200,-0.2037940777789985
1268200800,-0.2089394758573172
1268222400,-0.20866797360126121
1268244000,-0.2925115479276377
1268265600,-0.14255674016613315
1268287200,0.5701849460314133
1268308800,-0.21055357983651127
1268330400,-0.18718174940132254
1268352000,1.1196272155014118
1268373600,-0.1966458579378503
1268395200,-0.20483670095216655
1268416800,1.1686515548140262
1268438400,-0.2078525725841623
1268460000,1.0935297196556224
1268481600,-0.2260085999581956
1268503200,-0.18292367417234356
1268524800,-0.19114704344107208
1268546400,-0.19680278061205117
1268568000,-0.07770011911929484
1268589600,-0.10164456563830251
1268611200,0.5609056081741415
1268632800,-0.2292773015507835
1268654400,-0.15412542305313884
1268676000,-0.13292579852263428
1268697600,-0.1842233040372796
1268719200,-0.1916747322012502
1268740800,-0.2642438272715464
1268762400,-0.22431082896737287
1268784000,-0.22829938752218468
1268805600,-0.27214967942450285
1268827200,0.5428493901434868
1268848800,-0.18215670703885295
1268870400,-0.22502124374232202
1268892000,-0.29017182976812456
1268913600,-0.30288837245809846
1268935200,0.46117916470712966
1268956800,-0.21215478636146684
1268978400,-0.2864358060692445
1269000000,-0.22278589209711844
1269021600,1.0672322045135025
1269043200,-0.25757766512108565
1269064800,1.0618735066106029
1269086400,-0.23876121628991231
1269108000,-0.275222729591316
1269129600,-0.2927207919736876
1269151200,-0.23743335525519066
1269172800,-0.2987524487338741
1269194400,-0.23077099136037119
1269216000,-0.2903958551466723
1269237600,0.47897216482324045
1269259200,-0.3208663735794684
1269280800,-0.25145852993153284
1269302400,1.1087945532105963
1269324000,-0.3279663925600924
1269345600,1.0953184046902533
1269367200,-0.24688896278219383
1269388800,-0.2519277660320761
1269410400,1.0221112575391784
1269432000,-0.2407169783253663
1269453600,0.45795561828900105
1269475200,-0.2536259167210581
1269496800,-0.2477509422995907
1269518400,-0.1908747941762757
1269540000,-0.29967989110512755
1269561600,-0.0796371360599242
1269583200,-0.27159721905817813
1269604800,-0.23415071858009476
1269626400,1.099841053452151
1269648000,-0.356006960379594
1269669600,0.539101607499397
1269691200,1.0872884189560434
1269712800,-0.24284846850606445
1269734400,1.124555374274336
1269756000,-0.32991904425300456
1269777600,0.5301545538999288
1269799200,-0.27832184100673585
1269820800,-0.26839822168778465
1269842400,-0.2925531930502576
1269864000,-0.22466509654513997
1269885600,-0.26874713667720074
1269907200,0.5250220830074876
1269928800,-0.2870599020053979
1269950400,-0.18700320233932705
1269972000,-0.22802561516886727
1269993600,-0.17464279000239824
1270015200,-0.23106148909043775
1270036800,-0.28279182410455433
1270058400,-0.19656132077383284
1270080000,-0.21322217864799584
1270101600,-0.22935460169771804
1270123200,-0.145606635112117
1270144800,-0.2299851316225906
1270166400,-0.15505838309696085
1270188000,-0.24125787728433454
1270209600,-0.23619377551362947
1270231200,-0.26361073854725187
1270252800,0.5699661043216478
1270274400,-0.19907439661236423
1270296000,-0.184410175919997
1270317600,-0.23166531272751564
1270339200,-0.22446285839362376
1270360800,-0.19697231114755764
1270382400,1.1301968651721606
1270404000,-0.17673606960788238
1270425600,1.1430388981194073
1270447200,-0.1780483922790551
1270468800,-0.24638643490388348
1270490400,0.5938342013639529
1270512000,-0.18957904040620324
1270533600,-0.2497045683164769
1270555200,-0.2108952646221064
1270576800,-0.17831818178644207
1270598400,-0.1975891222619091
1270620000,0.5092111074398092
1270641600,-0.21752071263158226
1270663200,-0.19540154422414888
1270684800,-0.20106850645109792
1270706400,0.4737144336509444
1270728000,-0.11250933039446007
1270749600,-0.29124923470167724
1270771200,-0.1883996766536935
1270792800,-0.1939958968371146
1270814400,0.5379971222711335
1270836000,-0.30066936138451483
1270857600,0.15708409954742147
1270879200,-0.11576759268260135
1270900800,-0.26416055309027847
1270922400,-0.06387815671397254
1270944000,-0.26252066470852825
1270965600,-0.20712667348663283
1270987200,-0.1809515282185956
1271008800,0.4967465182795298
1271030400,1.0846645945856628
1271052000,-0.3285055977042871
1271073600,1.1248784204673845
1271095200,-0.22186123495022556
1271116800,0.5134172047985663
1271138400,0.5059844677083317
1271160000,-0.16872925129091365
1271181600,-0.22549980284662033
1271203200,-0.21274692363428147
1271224800,0.5275413790603128
1271246400,-0.16007756484969637
1271268000,-0.18092249125671672
1271289600,-0.1707076209428539
1271311200,-0.2180601109590546
1271332800,0.48262920170461043
1271354400,-0.1733263449962278
1271376000,-0.20316487374886286
1271397600,-0.23076174970922086
1271419200,-0.16421838814368667
1271440800,-0.22104061494385524
1271462400,-0.138711317882729
1271484000,-0.13971186368345195
1271505600,-0.12230498641378018
1271527200,-0.1402809175736134
1271548800,-0.1426178016779936
1271570400,-0.1559604627136508
1271592000,1.2025418723845025
1271613600,-0.20773182318877068
1271635200,1.117472702282674
1271656800,-0.18602868236988052
1271678400,0.5190340400769158
1271700000,-0.21725894661861922
1271721600,-0.2593975872091231
1271743200,-0.19294975722872793
1271764800,-0.21403713901177598
1271786400,-0.1815219801844773
1271808000,-0.16190409235276612
1271829600,-0.19200000819763544
1271851200,-0.19350969461297468
1271872800,-0.14897355024720768
1271894400,-0.18499710121824436
1271916000,0.5449707543828943
1271937600,-0.1704594050223191
1271959200,-0.16177102318096317
1271980800,-0.170115061411042
1272002400,-0.26463727441937557
1272024000,-0.14466818033197734
1272045600,-0.21339285023028126
1272067200,-0.18144097632426048
1272088800,-0.18524507210325128
1272110400,-0.17355780733058024
1272132000,-0.2611995304481056
1272153600,-0.1486421042829661
1272175200,-0.21453977521801537
1272196800,-0.2388571418317372
1272218400,-0.2230533846663191
1272240000,-0.279357335958391
1272261600,1.1774059018619025
1272283200,-0.2545472404839908
1272304800,-0.22841988799968205
1272326400,1.124338677033216
1272348000,1.0812811461520384
1272369600,0.5466560802685453
1272391200,-0.22135821190659352
1272412800,-0.25493205433099325
1272434400,-0.27819011612521827
1272456000,-0.19928294460261045
1272477600,-0.22944065428063293
1272499200,0.5385258836067607
1272520800,-0.258500821967209
1272542400,-0.2081011599667188
1272564000,-0.22656822656291345
1272585600,-0.1847751836193014
1272607200,0.5368277369594227
1272628800,-0.3200336843427083
1272650400,-0.21420290237299
1272672000,-0.27491641469747946
1272693600,-0.2602147574655959
1272715200,0.5099672643857335
1272736800,-0.3004619493664699
1272758400,0.1829197676290617
1272780000,0.08492088005118728
1272801600,-0.16001853858954304
1272823200,0.41347123345782755
1272844800,-0.27433738154030746
1272866400,-0.3006218865496826
1272888000,-0.336583546186373
1272909600,1.0075111046345027
1272931200,0.400702970664394
1272952800,1.0082704862063165
1272974400,-0.3968518885722505
1272996000,-0.3574415859337419
1273017600,1.0050462453227296
1273039200,-0.2837367660763728
1273060800,-0.30675436433851827
1273082400,-0.30379588641506217
1273104000,-0.2813835640625255
1273125600,-0.30192463713838297
1273147200,-0.34721387567816764
1273168800,-0.2613867868170451
1273190400,-0.2559913960752339
1273212000,-0.3432206890040196
1273233600,1.060189435502502
1273255200,-0.21445211225343433
1273276800,-0.2899403449648573
1273298400,0.998573308037914
1273320000,0.5073267511182341
1273341600,0.42803225706377496
1273363200,-0.28798186911016604
1273384800,-0.29835992424253105
1273406400,-0.2951725658774034
1273428000,-0.37137370614963916
1273449600,0.5531978093918001
1273471200,-0.2700613957686813
1273492800,-0.29488732637538845
1273514400,1.0799900206119706
1273536000,-0.34238161385726845
1273557600,-0.23738660706858405
1273579200,1.0612598914582
1273600800,-0.2915608570091558
1273622400,1.1034864382207927
1273644000,0.4460854277435893
1273665600,-0.2817114103889853
1273687200,-0.2552499738647718
1273708800,-0.2882890603798933
1273730400,-0.33493497483816403
1273752000,0.5334757987926967
1273773600,-0.2751470624774567
1273795200,-0.2670767597221402
1273816800,-0.30231158896261734
1273838400,-0.24554166025151186
1273860000,-0.2747061496298018
1273881600,-0.21539444718575496
1273903200,-0.2757377226696493
1273924800,-0.33414096564070095
1273946400,-0.2347317468909193
1273968000,-0.23824355185351945
1273989600,0.5171091095827499
1274011200,-0.19126750379398288
1274032800,-0.2721153441987019
1274054400,-0.1988742530211901
1274076000,-0.2629782880723294
1274097600,-0.24540542834006854
1274119200,0.507628806239207
1274140800,-0.18925112322452517
1274162400,-0.20058851594354946
1274184000,-0.1911854031740452
1274205600,-0.24587412116864243
1274227200,1.1246139317123576
1274248800,-0.20796823190585337
1274270400,-0.253255927668147
1274292000,1.1949359049211639
1274313600,-0.21291731605196632
1274335200,1.190822338982909
1274356800,-0.22040267192838026
1274378400,-0.20076021392506543
1274400000,0.5823465293677591
1274421600,-0.20650538642054922
1274443200,-0.2001340965226271
1274464800,-0.14808921087987237
1274486400,-0.2118756241045146
1274508000,0.5186111009978345
1274529600,-0.17948360815733896
1274551200,-0.1641146109913278
1274572800,-0.1753089458470572
1274594400,-0.31452734604454013
1274616000,-0.19007838410243985
1274637600,0.4740227397171896
1274659200,-0.23346631593737022
1274680800,-0.24700835428805204
1274702400,-0.24814418115663336
1274724000,-0.3237397765217054
1274745600,-0.21643098488713305
1274767200,-0.24666908308342045
1274788800,-0.2541547769468699
1274810400,-0.27731659706303957
1274832000,0.43100208336406665
1274853600,-0.2673396632765072
1274875200,-0.3533500297313702
1274896800,-0.2772538188941671
1274918400,-0.23842787527961629
1274940000,1.0145886288006387
1274961600,-0.30010768810030425
1274983200,1.088895184903072
1275004800,-0.3193472265905142
1275026400,-0.02866612598792216
1275048000,0.5269981028039169
1275069600,-0.2695267513874936
1275091200,-0.2575028327893529
1275112800,-0.24834288476186495
1275134400,-0.2129020552637767
1275156000,-0.25756054259314054
1275177600,-0.16773973666149522
1275199200,-0.2186568289188995
1275220800,1.041948390717939
1275242400,0.5280191758841314
1275264000,1.1006220229645716
1275285600,-0.23865446051710523
1275307200,-0.24400689210026474
1275328800,-0.24411477786640226
1275350400,0.5478915395400423
1275372000,-0.1243106226782279
1275393600,-0.254805275747238
1275415200,-0.2634737425867451
1275436800,0.5170253041213823
1275458400,-0.22272581984195602
1275480000,-0.22438323983183037
1275501600,1.0768882098276746
1275523200,-0.28209721970133744
1275544800,-0.30455390755836853
1275566400,1.0501427203383038
1275588000,-0.21191982342615134
1275609600,1.062348464198807
1275631200,-0.28516011668272323
1275652800,-0.28391043996166826
1275674400,0.5333148998695203
1275696000,-0.2511755922844322
1275717600,-0.2694642497071072
1275739200,-0.26739617728316134
1275760800,-0.23497067644238348
1275782400,-0.29222163818732805
1275804000,-0.31456743651900954
1275825600,-0.26657974844695514
1275847200,-0.26704038435015637
1275868800,-0.2900586961393519
1275890400,0.4451940226172523
1275912000,-0.20181511161757262
1275933600,-0.3003915998282792
1275955200,-0.23486005784423286
1275976800,-0.2636080327036428
1275998400,0.5332237254592531
1276020000,-0.27796566366893566
1276041600,-0.15900100513300996
1276063200,-0.21352602843951757
1276084800,-0.225156282621564
1276106400,-0.21989082939337082
1276128000,-0.2747876889296367
1276149600,-0.18597700918519572
1276171200,-0.212620382113511
1276192800,-0.19144995397699094
1276214400,-0.2102474751416309
1276236000,1.110743232199778
1276257600,0.5877631030439566
1276279200,1.1961455624439854
1276300800,-0.21052460639962647
1276322400,-0.24562745385044826
1276344000,1.2048592182867157
1276365600,-0.2281037568362493
1276387200,0.5652878107190665
1276408800,-0.24505568924804408
1276430400,-0.16106136672439592
1276452000,-0.21368860976667026
1276473600,-0.17061529870810827
1276495200,-0.20739347578407855
1276516800,-0.2955723016778336
1276538400,-0.19200652454766082
1276560000,-0.20036745461997993
1276581600,0.5268772534354383
1276603200,-0.17481253214275166
1276624800,-0.22446956335400145
1276646400,-0.2158692193725416
1276668000,-0.2510230172110129
1276689600,-0.2513260676145556
1276711200,-0.33084303036941837
1276732800,-0.2311448772699264
1276754400,-0.24458805631361344
1276776000,-0.2493960187898637
1276797600,-0.31215985578647365
1276819200,0.43708987765913454
1276840800,-0.3178750530809989
1276862400,-0.39113595621987474
1276884000,1.0600357329190455
1276905600,-0.3166361615911394
1276927200,-0.22927836563328363
1276948800,1.0640157119302294
1276970400,-0.29205539039822687
1276992000,1.0891290883543256
1277013600,-0.320644203881219
1277035200,0.48090659735194063
1277056800,-0.14307865337434708
1277078400,-0.2773770916000085
1277100000,-0.30569720904188985
1277121600,-0.24209204081748714
1277143200,-0.23128522468767834
1277164800,-0.2757611794776202
1277186400,-0.3499138351240935
1277208000,0.5229052800763921
1277229600,-0.3023978939669451
1277251200,-0.22178949906550674
1277272800,-0.2714767443325088
1277294400,1.0918304552902514
1277316000,0.43649264412358857
1277337600,0.5504105973384446
1277359200,0.056740622787832956
1277380800,-0.29418543935618036
1277402400,0.06817136266304835
1277424000,0.416406354569213
1277445600,-0.12045999375370303
1277467200,0.10800024020938517
1277488800,-0.18776665715525306
1277510400,1.0621458400758388
1277532000,-0.38385188478125554
1277553600,-0.2745622877119765
1277575200,1.074778741268686
1277596800,-0.3166561455831898
1277618400,1.0336975135556974
1277640000,-0.22634115074509256
1277661600,-0.25456876006481943
1277683200,-0.2625672361331719
1277704800,-0.3219604719195641
1277726400,-0.1941077316323339
1277748000,-0.21378018024339032
1277769600,-0.2290433080410197
1277791200,-0.2841735724578231
1277812800,-0.3554217933138947
1277834400,0.5083160772520817
1277856000,-0.2603590479445113
1277877600,-0.27300398898358347
1277899200,-0.20925482704633055
1277920800,-0.31375776165938546
1277942400,-0.20803961814389316
1277964000,0.502356338787
1277985600,-0.1657387834199824
1278007200,-0.24940237290679088
1278028800,-0.22518205249828707
1278050400,-0.13763674463161654
1278072000,-0.17792641967807377
1278093600,-0.22756593300291897
1278115200,-0.23429098776823593
1278136800,-0.20206893437840412
1278158400,1.1193975212459812
1278180000,-0.19716711156453248
1278201600,0.5457796622084697
1278223200,1.1995987352001678
1278244800,-0.1941940553808861
1278266400,1.2408010723324805
1278288000,-0.14261966876127605
1278309600,-0.15475952586337283
1278331200,-0.17663121169946308
1278352800,-0.16312974945316114
1278374400,-0.17483996231759602
1278396000,-0.2608817160481311
1278417600,-0.2002928871627141
1278439200,-0.18238959374111394
1278460800,0.5784772664295259
1278482400,-0.26667698665431094
1278504000,-0.15047359242999814
1278525600,-0.25662009658350954
1278547200,-0.17495713714989067
1278568800,-0.17430294883516528
1278590400,-0.19143116618291042
1278612000,-0.2347394618696242
1278633600,-0.14504309370205978
1278655200,-0.17264909591921307
1278676800,-0.2016441194026281
1278698400,0.570906357806557
1278720000,-0.29112500976432304
1278741600,-0.1779698149776335
1278763200,-0.22946049970289117
1278784800,-0.19840988932124112
1278806400,-0.23965535807326577
1278828000,-0.24082652086810136
1278849600,0.5942252473904506
1278871200,-0.15369895576743647
1278892800,-0.17183859896401055
1278914400,-0.17487829160330864
1278936000,1.2364531394781533
1278957600,-0.19643951755603328
1278979200,1.1862437760230575
1279000800,-0.23870869243716308
1279022400,-0.11811067818622958
1279044000,0.592128879283392
1279065600,-0.1022246192702954
1279087200,-0.1599504295489062
1279108800,-0.14244109794689452
1279130400,-0.1811459909251498
1279152000,-0.12854393283031743
1279173600,-0.17795503907115504
1279195200,-0.08920539013729253
1279216800,-0.17499954323004896
1279238400,-0.13200281397311459
1279260000,-0.21933757865545433
1279281600,-0.212469888441716
1279303200,-0.24419405610021383
1279324800,0.5786479110704791
1279346400,-0.1883440936493274
1279368000,-0.08826356642735633
1279389600,-0.19652567998032475
1279411200,-0.23700941713002155
1279432800,0.5403566390777107
1279454400,-0.2683065097039673
1279476000,-0.1955141347492408
1279497600,0.1426358297123523
1279519200,1.1594586155524265
1279540800,-0.23947878827561714
1279562400,-0.2123542691202162
1279584000,1.15342387293756
1279605600,0.5303330670236835
1279627200,-0.22820705084344092
1279648800,-0.220034023623391
1279670400,-0.16685116712531445
1279692000,-0.29782546889237066
1279713600,-0.16889917967952564
1279735200,-0.17287001802334237
1279756800,-0.1676773652553895
1279778400,-0.26878543817140615
1279800000,-0.18693565013060293
1279821600,0.5045132396952682
1279843200,-0.21847933142265488
1279864800,-0.14517759470934194
1279886400,-0.177082388739521
1279908000,-0.2909948166153755
1279929600,-0.16367468915982192
1279951200,0.5012319272415622
1279972800,-0.2852306446038673
1279994400,-0.2640550543114921
1280016000,-0.30068345134428565
1280037600,-0.23651511796994207
1280059200,0.46103299828140276
1280080800,-0.2995033257535521
1280102400,-0.2684454050347259
1280124000,-0.31801708469867784
1280145600,1.1148474579943823
1280167200,-0.2721513650328261
1280188800,-0.25800793753082424
1280210400,1.0879389389574146
1280232000,-0.190949403404882
1280253600,1.151214666129292
1280275200,-0.2097121748940242
1280296800,-0.2685144754328952
1280318400,0.5956451015979531
1280340000,-0.24339845363924553
1280361600,-0.2172297802531925
1280383200,-0.24747344451850414
1280404800,-0.3508280672135199
1280426400,-0.25995821580300793
1280448000,0.475000772151887
1280469600,-0.28557340511416235
1280491200,-0.24717145790488756
1280512800,-0.31092961597303964
1280534400,1.1067172164558081
1280556000,0.44366945773781696
1280577600,0.45378708320549155
1280599200,-0.33894933548698913
1280620800,-0.31169496909129746
1280642400,-0.3061615793229504
1280664000,-0.3074750183676559
1280685600,-0.3551671836044724
1280707200,0.40368833840782353
1280728800,-0.33197358856293935
1280750400,-0.4116162771725517
1280772000,-0.2877858778259022
1280793600,-0.3398391169170457
1280815200,0.4746606949187581
1280836800,-0.33662940426778204
1280858400,-0.2724687003890454
1280880000,-0.2780416047916801
1280901600,-0.2908673866486143
1280923200,1.0608188949928752
1280944800,-0.28827350517160755
1280966400,0.4931570460075991
1280988000,1.013641869014349
1281009600,-0.3092070250002186
1281031200,1.0783814438442223
1281052800,0.47304645544103424
1281074400,-0.3311900021152375
1281096000,-0.2139033825794832
1281117600,-0.31737605494179716
1281139200,-0.2859266173011541
1281160800,0.4563466327743478
1281182400,-0.2242562393350381
1281204000,-0.3519917707039877
1281225600,-0.2238879294435904
1281247200,-0.2717026158339509
1281268800,1.0637926591058169
1281290400,0.4765323804153214
1281312000,-0.3420486262311332
1281333600,-0.23413867031636593
1281355200,0.4462667066004419
1281376800,-0.28790909471871046
1281398400,-0.2986722275719605
1281420000,-0.3460917320606983
1281441600,-0.2605223583604568
1281463200,0.5078228767231657
1281484800,-0.3092560993832168
1281506400,-0.25345990581551225
1281528000,-0.12114125772729037
1281549600,1.1032190788225407
1281571200,-0.22230172966883996
1281592800,-0.30551407475905384
1281614400,1.1728829919650408
1281636000,0.1297582526609267
1281657600,-0.19603900527912566
1281679200,-0.21722279479771398
1281700800,-0.2827543216539248
1281722400,0.21256454271111574
1281744000,-0.11216584481005283
1281765600,0.5255790230630758
1281787200,-0.20787808116245052
1281808800,0.012735718632854429
1281830400,-0.12221769477034926
1281852000,-0.270271682832494
1281873600,0.5325299721131064
1281895200,-0.23968656246416037
1281916800,-0.18752932971327732
1281938400,-0.18667136727372594
1281960000,-0.22618790019931964
1281981600,-0.242994350116688
1282003200,-0.26432055391556397
1282024800,-0.2101768833990794
1282046400,-0.26166687624416624
1282068000,-0.19226562455309898
1282089600,-0.28727051723707453
1282111200,-0.18285176033090683
1282132800,-0.21753393710341928
1282154400,-0.17147774257034565
1282176000,-0.18427656586073068
1282197600,-0.21400680119165408
1282219200,1.1595685441190893
1282240800,-0.16410525115631192
1282262400,-0.19075791092260036
1282284000,1.1402725313271593
1282305600,-0.18180734624343306
1282327200,-0.18176099893659614
1282348800,-0.22206044234229705
1282370400,0.4943728739289514
1282392000,-0.1929774041783591
1282413600,-0.23054171177613222
1282435200,-0.20874786904479262
1282456800,-0.20984944532807556
1282478400,-0.21706785809709783
1282500000,0.5056984832013219
1282521600,-0.12509151625464246
1282543200,-0.1802241688966854
1282564800,1.142207042197219
1282586400,-0.21841743739171937
1282608000,1.0908866793000158
1282629600,-0.19637537621571
1282651200,-0.2529223640155081
1282672800,-0.1991336163335713
1282694400,-0.22236384551367516
1282716000,-0.2665176413136993
1282737600,-0.1816577503920952
1282759200,-0.23432805552890115
1282780800,-0.2210098330539287
1282802400,-0.2334388075762553
1282824000,-0.17272388726773208
1282845600,0.5399676253889186
1282867200,-0.21141101005669688
1282888800,-0.2627933463642017
1282910400,-0.1466692181502992
1282932000,1.176256325671594
1282953600,-0.15037143743957787
1282975200,1.172352014658799
1282996800,-0.2826213045453423
1283018400,-0.2239753580245094
1283040000,1.1449150889131707
1283061600,-0.28445119827096604
1283083200,-0.15637070123011695
1283104800,-0.24860417049313685
1283126400,-0.18567737458880607
1283148000,-0.27019325026009633
1283169600,-0.2623291007012324
1283191200,0.4853347847778154
1283212800,-0.206257126523341
1283234400,-0.2049263776394809
1283256000,-0.2078334541009892
1283277600,-0.24616405561930235
1283299200,-0.25163600963800115
1283320800,-0.17668530116537498
1283342400,-0.27362084769482903
1283364000,-0.22415227112454456
1283385600,-0.2702284097221591
1283407200,0.5571184929628569
1283428800,-0.2528292917670508
1283450400,-0.16140823183342537
1283472000,-0.08304596753062843
1283493600,0.5288650541492507
1283515200,-0.23223623231047377
1283536800,-0.20311967970623326
1283558400,-0.21371976534845488
1283580000,-0.29244267947868285
1283601600,1.1256916161933495
1283623200,-0.18919243830391777
1283644800,-0.24922749643830622
1283666400,1.0443248835332615
1283688000,0.18299095828372297
1283709600,0.4950792593426458
1283731200,-0.23150275685675745
1283752800,-0.23564859687304104
1283774400,-0.2616125553418274
1283796000,0.47570440215813925
1283817600,-0.18861690440607157
1283839200,-0.21132048187817565
1283860800,-0.2401796750676136
1283882400,-0.22372922622117522
1283904000,0.4770024856780998
1283925600,-0.2279117385537881
1283947200,-0.2626151681271891
1283968800,-0.11836990818506446
1283990400,-0.2438211354932539
1284012000,0.46195381561605187
1284033600,-0.22636532148823457
1284055200,-0.20852030906007304
1284076800,0.5196290894353303
1284098400,-0.2527037375152307
1284120000,-0.18596651194702202
1284141600,-0.2488372032533756
1284163200,-0.20553738200076146
1284184800,1.1212196151547675
1284206400,-0.16442029242982203
1284228000,1.1538236011670655
1284249600,-0.15164493800907813
1284271200,-0.21350381285874537
1284292800,1.0878528780179233
1284314400,0.5793764352624347
1284336000,-0.21847166090449294
1284357600,-0.21783508995799092
1284379200,-0.15842261480399242
1284400800,-0.14305720698177818
1284422400,-0.17025145950638687
1284444000,-0.22411508139363845
1284465600,-0.20785805792217488
1284487200,-0.23938944001206203
1284508800,-0.1902979173978523
1284530400,-0.19756586427657416
1284552000,-0.17021530340785251
1284573600,-0.2441208106994665
1284595200,0.5317108926923911
1284616800,-0.15183841136862097
1284638400,-0.24243272614649103
1284660000,-0.03158013591990967
1284681600,-0.23904562132334276
1284703200,-0.12410220636900755
1284724800,-0.1784581571999769
1284746400,-0.150746232444669
1284768000,-0.16545146341217112
1284789600,-0.1933153560289682
1284811200,0.5678366785065173
1284832800,-0.182171890403858
1284854400,-0.1549847528574696
1284876000,-0.20847267817979526
1284897600,-0.14665474151982139
1284919200,-0.14344752713973016
1284940800,1.1907031442392608
1284962400,-0.28027619593164393
1284984000,-0.12959787617430943
1285005600,1.1396358815041545
1285027200,-0.19359681908534848
1285048800,-0.1936975682256978
1285070400,-0.2033080854476436
1285092000,-0.273377436206366
1285113600,-0.1440671182151338
1285135200,-0.22808394820087274
1285156800,0.5501680743786876
1285178400,-0.14553520069382853
1285200000,-0.22694170273754427
1285221600,-0.16305840437031172
1285243200,-0.2294706337973293
1285264800,-0.2247631651780107
1285286400,-0.12658531933079908
1285308000,-0.2541983164129676
1285329600,-0.21116080809717164
1285351200,-0.17620003955851207
1285372800,0.5437061345341271
1285394400,-0.21887242464244025
1285416000,-0.052943591948703204
1285437600,-0.20434584313294998
1285459200,0.5816996092200521
1285480800,-0.21193776480565088
1285502400,-0.061289259322202555
1285524000,-0.1409237426717299
1285545600,1.201990381607372
1285567200,0.5515143443090943
1285588800,1.0637054539093223
1285610400,-0.0365037201374831
1285632000,-0.2667746212501735
1285653600,1.1011076629444727
1285675200,-0.14037846525464362
1285696800,-0.2335546392608222
1285718400,-0.18605990946030726
1285740000,-0.2021360145083736
1285761600,-0.24057147618437474
1285783200,-0.3085620542898524
1285804800,-0.21511251612029827
1285826400,-0.22106368594722323
1285848000,0.07191614246295389
1285869600,-0.2820284049200886
1285891200,-0.31487468399954005
1285912800,-0.22690206066361934
1285934400,-0.32665465020025647
1285956000,-0.24854764520759254
1285977600,0.4762313203884392
1285999200,-0.27942251350468855
1286020800,-0.21921012094740644
1286042400,-0.2519989392540564
1286064000,-0.2367043616321189
1286085600,-0.2642012494113745
1286107200,-0.2871892595772133
1286128800,-0.19392654092921388
1286150400,-0.2573117989615891
1286172000,1.0717382072790271
1286193600,0.5397512094193773
1286215200,1.1695593725148972
1286236800,-0.19258924751128775
1286258400,1.0876693929822392
1286280000,-0.1612206370829715
1286301600,0.5119585583258611
1286323200,-0.1864433475482112
1286344800,-0.19722985153289246
1286366400,-0.23219472383398654
1286388000,0.4704582704969804
1286409600,-0.16801042060381988
1286431200,-0.26658793280058707
1286452800,-0.2358994215190581
1286474400,-0.24820945584617068
1286496000,-0.2067135516541599
1286517600,0.536335332392047
1286539200,-0.2660528784375209
1286560800,-0.2735925892553607
1286582400,-0.2651125485276636
1286604000,-0.3275582572077099
1286625600,-0.24951231591331613
1286647200,0.5367021632446033
1286668800,-0.22858723947904055
1286690400,-0.29036755228284283
1286712000,-0.21560230313265885
1286733600,-0.26078522586593494
1286755200,-0.2512084218900771
1286776800,0.49610766415127105
1286798400,-0.205201403620143
1286820000,-0.27066126139616686
1286841600,-0.18723939169976217
1286863200,-0.2132016522002355
1286884800,1.0804105224874645
1286906400,-0.21821646904457379
1286928000,1.1496819162186271
1286949600,-0.2492062922908038
1286971200,-0.18039442190100857
1286992800,1.1140824280408343
1287014400,0.5660328133295647
1287036000,-0.2393383830488431
1287057600,-0.2339129106365076
1287079200,-0.2758430405036271
1287100800,-0.24139116482292525
1287122400,0.5515168921844131
1287144000,-0.1942888600324998
1287165600,-0.2259929296592811
1287187200,-0.24656310705557255
1287208800,-0.20998197290999387
1287230400,-0.2809317532341334
1287252000,-0.22182117857507472
1287273600,-0.30144289573431404
1287295200,-0.20082810052585487
1287316800,0.5162903051202394
1287338400,-0.18323505504252263
1287360000,-0.2251146331112855
1287381600,-0.23031846359663685
1287403200,-0.2343785466527189
1287424800,-0.19212736628017377
1287446400,0.5492204254717339
1287468000,-0.24669872571634355
1287489600,-0.23292433368029175
1287511200,-0.19802673439220103
1287532800,1.124763499098421
1287554400,0.44675226036026877
1287576000,-0.15685212316071181
1287597600,1.0864796642226238
1287619200,-0.24625654629763033
1287640800,0.5430382429694848
1287662400,-0.21484660228489186
1287684000,-0.21493440193536736
1287705600,-0.16847229981653264
1287727200,-0.16324480007101183
1287748800,-0.20862587272424024
1287770400,-0.21743603577161866
1287792000,-0.278842464148191
1287813600,-0.1775228680016912
1287835200,0.5214312645901666
1287856800,-0.18099613858299757
1287878400,-0.21923539739101383
1287900000,-0.30871470629911185
1287921600,-0.1973402053917897
1287943200,0.5592874622718682
1287964800,-0.1668075373942676
1287986400,0.2329842812513849
1288008000,-0.18995024997021723
1288029600,-0.17062146919326404
1288051200,0.564055247032875
1288072800,-0.2122734204424633
1288094400,-0.13592856105322354
1288116000,-0.17375966722356517
1288137600,-0.15853146099369747
1288159200,1.1859833768971777
1288180800,-0.2533719661691605
1288202400,1.2191905473183844
1288224000,-0.173347435368953
1288245600,-0.20398424119724046
1288267200,-0.1381698582870123
1288288800,-0.19267415071772728
1288310400,-0.14186917575512187
1288332000,-0.2255712220833445
1288353600,-0.2539711381016386
1288375200,-0.261528536058292
1288396800,0.5662414272388882
1288418400,-0.20590792559244506
1288440000,-0.2291399210421253
1288461600,-0.25767802750867874
1288483200,-0.26714803069781295
1288504800,-0.24202304120530904
1288526400,0.4921472859344722
1288548000,-0.2504410758639146
1288569600,-0.26648333811331204
1288591200,-0.1970022527219596
1288612800,-0.2319745324979333
1288634400,0.5989794145258068
1288656000,-0.17764499834646394
1288677600,-0.22637568169698624
1288699200,-0.1880007393415472
1288720800,-0.16300303720793485
1288742400,-0.18117871321587165
1288764000,-0.25984401249780886
1288785600,-0.19889262087384374
1288807200,-0.16938351205966332
1288828800,-0.15314615982836127
1288850400,-0.2567130529800481
1288872000,1.240343631481639
1288893600,0.5521164595058732
1288915200,1.1742732443376758
1288936800,-0.2009475902600494
1288958400,-0.2451584242455627
1288980000,1.0853878227601272
1289001600,-0.15921661994822647
1289023200,0.5231998993729229
1289044800,-0.26888507894087643
1289066400,-0.28167316667914594
1289088000,-0.31145527502344084
1289109600,-0.23881655868505258
1289131200,0.4699528655650401
1289152800,-0.27451063778047996
1289174400,-0.26683546449773876
1289196000,-0.28199300344604533
1289217600,-0.21964629231029037
1289239200,-0.26958106499454004
1289260800,-0.25668110255105125
1289282400,-0.2219357098469326
1289304000,-0.1883757610817625
1289325600,-0.2731594229017188
1289347200,0.5325675135073779
1289368800,-0.23832707161575545
1289390400,-0.18298456828501508
1289412000,-0.24532221955857778
1289433600,-0.21302951571936557
1289455200,-0.24768518095546457
1289476800,-0.33238017095874917
1289498400,-0.25359450488758134
1289520000,1.09588687883783
1289541600,0.47247350251729187
1289563200,1.1382367534026951
1289584800,-0.299567317550323
1289606400,0.06341314007536245
1289628000,1.0640720987130108
1289649600,0.4818548271153776
1289671200,0.018407804896592078
1289692800,-0.21958278316755206
1289714400,-0.21198978770730834
1289736000,-0.2666175463139475
1289757600,0.4775570582546367
1289779200,-0.2909037102836335
1289800800,-0.2643653549095289
1289822400,-0.33262479566722175
1289844000,-0.24377384169841787
1289865600,-0.11222119066970196
1289887200,-0.22695380945499977
1289908800,-0.270682920834151
1289930400,-0.2385974857104883
1289952000,0.5420236843950762
1289973600,-0.2542802730019115
1289995200,-0.2520221483193298
1290016800,-0.22776645253057695
1290038400,-0.2404857329222822
1290060000,0.4929916224642713
1290081600,-0.23423813913073988
1290103200,-0.22317382391742394
1290124800,-0.24544651018847208
1290146400,1.0542429250456167
1290168000,0.5732001010389599
1290189600,1.102952864747887
1290211200,-0.17055784202089502
1290232800,-0.23436604496363367
1290254400,1.1315174303117042
1290276000,0.4846455992615325
1290297600,-0.1644631155565423
1290319200,-0.2128771161822557
1290340800,-0.21626391782058504
1290362400,-0.26765034558603906
1290384000,-0.31288837377283985
1290405600,-0.22009431904398202
1290427200,-0.29386228441547657
1290448800,-0.23341959554234845
1290470400,-0.24037739249306384
1290492000,-0.29524609116928263
1290513600,-0.23828416726808171
1290535200,-0.24171548496877535
1290556800,-0.2618509818244419
1290578400,-0.2735277834224741
1290600000,-0.20170161427804892
1290621600,-0.23859293246913185
1290643200,-0.21910888888741736
1290664800,-0.25797098774976934
1290686400,-0.18981497835213468
1290708000,-0.21121236385029504
1290729600,0.5926383043203519
1290751200,-0.20719175029152068
1290772800,-0.3032829347766118
1290794400,-0.19692306077901145
1290816000,-0.17416565205286444
1290837600,1.1519166975378357
1290859200,-0.12565886319331118
1290880800,0.5674948922462091
1290902400,1.2308748167625934
1290924000,-0.19504119895380206
1290945600,1.1752441794568735
1290967200,-0.22816221047718105
1290988800,-0.1817931573573186
1291010400,0.5812231487072607
1291032000,-0.18950873182387684
1291053600,-0.2809769969313889
1291075200,-0.2561057025542303
1291096800,-0.2703461264258837
1291118400,-0.26227477192922805
1291140000,0.5480871616251185
1291161600,-0.28949697973061395
1291183200,-0.18855328315047892
1291204800,-0.2841269690280616
1291226400,-0.19645353461059636
1291248000,0.5246768604267253
1291269600,-0.2736736139353321
1291291200,-0.2804472647449268
1291312800,-0.2988330472739751
1291334400,-0.28725362543540567
1291356000,0.39764574183424384
1291377600,-0.3457919844224433
1291399200,-0.2512098774828166
1291420800,-0.2835670561378529
1291442400,-0.3819372932965769
1291464000,-0.2952655285104843
1291485600,0.4010955417430497
1291507200,-0.3055816889519587
1291528800,-0.33409083406581036
1291550400,-0.2979747494404276
1291572000,1.0023346669573467
1291593600,-0.2702531747796436
1291615200,1.064204478363837
1291636800,-0.1256941880172655
1291658400,-0.039962332054317845
1291680000,0.39331530108955576
1291701600,-0.2923061508229309
1291723200,-0.34845722003482893
1291744800,-0.2888928674256807
1291766400,-0.31037793376115486
1291788000,-0.3823371274158588
1291809600,-0.10393494790691483
1291831200,-0.291800658563865
1291852800,1.0353396738115732
1291874400,0.41805373469719964
1291896000,-0.26219770304930046
1291917600,1.0557604114871977
1291939200,0.03147707150612269
1291960800,1.0366287821175393
1291982400,0.5219471783270826
1292004000,-0.28463053794921855
1292025600,0.3401687550559973
1292047200,-0.21351874638205068
1292068800,-0.0037974756329286694
1292090400,0.48390034522752845
1292112000,-0.29914084721733175
1292133600,-0.3029490600219742
1292155200,-0.23441222278305449
1292176800,-0.29093229450595665
1292198400,1.111569930177727
1292220000,-0.265143569052255
1292241600,1.0541808917600068
1292263200,-0.34372412874781216
1292284800,-0.2806711784836728
1292306400,0.49350227757192533
1292328000,-0.26896757475950916
1292349600,-0.33708722767439836
1292371200,-0.33792489365472483
1292392800,-0.3400903996015814
1292414400,0.3859355749844271
1292436000,-0.3279603081433255
1292457600,-0.36331740539084845
1292479200,-0.29677667270491453
1292500800,-0.3132344667054157
1292522400,0.5088741733535008
1292544000,-0.2661795926390742
1292565600,-0.2629271755051942
1292587200,-0.25622195734681336
1292608800,-0.24593631466647978
1292630400,-0.19057303540368759
1292652000,0.48859213914308874
1292673600,-0.20911143700714602
1292695200,-0.19417334722583124
1292716800,-0.22077141048148052
1292738400,-0.3114511644405787
1292760000,-0.1603791295916411
1292781600,-0.24013518964588973
1292803200,-0.2048044682877767
1292824800,-0.2250167674680323
1292846400,-0.22937717939847485
1292868000,1.1003307953528894
1292889600,-0.11004556052211542
1292911200,1.1745422242837573
1292932800,-0.2308147220059077
1292954400,-0.22466379359036998
1292976000,1.0790300431398774
1292997600,-0.1654380764073905
1293019200,0.4959329455769508
1293040800,0.515607179371128
1293062400,-0.26320243429573154
1293084000,-0.3134167072613186
1293105600,-0.2524535008251032
1293127200,-0.2575477938735244
1293148800,-0.29054952012232244
1293170400,-0.2806184275321403
1293192000,-0.20995316865381744
1293213600,-0.26541802745480275
1293235200,-0.26316642026901327
1293256800,-0.31628222001112033
1293278400,0.5248412093171857
1293300000,-0.29907117478337875
1293321600,-0.25775143505717574
1293343200,-0.28223080291556374
1293364800,0.3836071260262659
1293386400,-0.3302856319533925
1293408000,-0.2602405906097076
1293429600,-0.2307532221784647
1293451200,-0.2607765618026563
1293472800,0.42164641166622535
1293494400,-0.2564055844977682
1293516000,-0.32960356899380777
1293537600,-0.4041813295569343
1293559200,0.9661634488066076
1293580800,-0.33415802488040525
1293602400,1.0125230588324026
1293624000,-0.3419899377315412
1293645600,-0.42382977707351377
1293667200,0.970891570816046
1293688800,0.4083715704806116
1293710400,-0.13530988103176472
1293732000,-0.009668186410360848
1293753600,-0.2600783912672767
1293775200,0.44613472429227746
1293796800,-0.26719430125150884
1293818400,-0.08110172298810828
1293840000,-0.21375058196123897
1293861600,1.0082121729570872
1293883200,0.40972831169117657
1293904800,-0.3130466482105221
1293926400,1.0461426938592449
1293948000,-0.3048975311342548
1293969600,0.42721044729216995
1293991200,-0.23835707907034345
1294012800,-0.31932787949747937
1294034400,-0.36119496604303314
1294056000,-0.3077604429070147
1294077600,0.38388635216174355
1294099200,-0.3475341476853024
1294120800,-0.33324073139356564
1294142400,1.0269431595703697
1294164000,0.3665319001037841
1294185600,1.0665684205690487
1294207200,-0.36178342543566605
1294228800,0.9904910662285941
1294250400,-0.3956138264979922
1294272000,0.3536024992083978
1294293600,-0.3241349673346948
1294315200,-0.3652002535707969
1294336800,-0.279350123861899
1294358400,-0.32528145905520894
1294380000,-0.37932965308999855
1294401600,-0.2948886330707855
1294423200,-0.3022561410348641
1294444800,-0.3291491267708936
1294466400,0.42159823277170716
1294488000,-0.270387880467162
1294509600,-0.285342398368872
1294531200,-0.29860925588760073
1294552800,-0.25907070095499424
1294574400,-0.15198419402528596
1294596000,0.5194231263256378
1294617600,-0.18329299933038246
1294639200,-0.2180881415497545
1294660800,-0.2952656952785492
1294682400,0.5400152316542078
1294704000,-0.23355260120955187
1294725600,-0.22541855422325185
1294747200,-0.1640511179343828
1294768800,-0.24115100591322033
1294790400,-0.14029974388776445
1294812000,1.1081572734123104
1294833600,0.5373809309763974
1294855200,-0.25157672799293057
1294876800,1.1889861186179973
1294898400,-0.18707763058457144
1294920000,-0.18133584814773954
1294941600,0.5323528685062693
1294963200,-0.1786634168391027
1294984800,-0.23844567686580015
1295006400,-0.27437124661722195
1295028000,-0.2353074220474838
1295049600,-0.255103492717476
1295071200,-0.21815754255557634
1295092800,0.5149069422452707
1295114400,-0.19443384433463648
1295136000,-0.21500907313705156
1295157600,-0.24387017460768343
1295179200,-0.2787285570950168
1295200800,0.5618055602209427
1295222400,-0.2149651550080674
1295244000,-0.2813257125606094
1295265600,-0.22491616360741448
1295287200,-0.2341303787850134
1295308800,-0.18125937548262655
1295330400,0.48082219728188386
1295352000,-0.11211782826644479
1295373600,-0.1922650351749717
1295395200,-0.237488758977254
1295416800,-0.11399130138083652
1295438400,0.5518271393267946
1295460000,-0.20313577685531278
1295481600,-0.03398021282325919
1295503200,-0.20250575244394386
1295524800,-0.15782656438311407
1295546400,1.182358902676375
1295568000,-0.28738800601606457
1295589600,1.1896624700576488
1295611200,-0.07399918222548815
1295632800,-0.13146324497749584
1295654400,0.5524089875529522
1295676000,-0.18683003387073893
1295697600,-0.0880928174749676
1295719200,-0.1606840049886713
1295740800,-0.21661647922843563
1295762400,0.5481960372504099
1295784000,-0.15517254869809702
1295805600,-0.18948343198374362
1295827200,0.1853003546892307
1295848800,-0.20972157755408588
1295870400,-0.07090146194925259
1295892000,-0.14433403177929627
1295913600,-0.12401517738041522
1295935200,-0.15708391282463463
1295956800,-0.24547152249935864
1295978400,-0.15271339812919207
1296000000,-0.17693981526855757
1296021600,-0.23433789348554446
1296043200,-0.14541588544397668
1296064800,0.00611408795008575
1296086400,-0.1751558143785399
1296108000,-0.21403477219610414
1296129600,-0.170453490928791
1296151200,-0.24859111029471892
1296172800,1.192657028650019
1296194400,-0.18265227718887622
1296216000,1.1968619122883601
1296237600,-0.21621748235270202
1296259200,-0.25105727264163313
1296280800,0.5612020637555604
1296302400,-0.28693915300940925
1296324000,-0.16714853430953042
1296345600,-0.2514647459320164
1296367200,-0.20598192478081645
1296388800,-0.17417014745173254
1296410400,-0.17725221028266339
1296432000,-0.17154549147011602
1296453600,-0.24593544140414508
1296475200,-0.22164545029558466
1296496800,0.5984095495261532
1296518400,-0.18323547836747434
1296540000,-0.2506855888546153
1296561600,-0.21045583772076468
1296583200,0.5839398395010889
1296604800,-0.19613250258234693
1296626400,-0.30763492994758723
1296648000,-0.16433811507125895
1296669600,-0.2419500531349037
1296691200,-0.23962781958356882
1296712800,0.5508248030668398
1296734400,-0.22894074150845597
1296756000,-0.2867326903535259
1296777600,-0.18875885989034688
1296799200,-0.2195356219369961
1296820800,1.1320283717745474
1296842400,-0.22477642169022827
1296864000,1.097233583838665
1296885600,-0.17192419640173257
1296907200,-0.24545182756904116
1296928800,1.147998722959643
1296950400,0.5263010860466432
1296972000,0.4643458851726511
1296993600,-0.23771344158946367
1297015200,-0.26129589558188016
1297036800,-0.2946567563622354
1297058400,-0.31181537016060423
1297080000,0.5332332950804745
1297101600,-0.26702705921667336
1297123200,-0.21068181567400623
1297144800,-0.28123133674973033
1297166400,-0.20209723100376004
1297188000,-0.24775294108104348
1297209600,-0.23371543665050132
1297231200,0.5304187237132718
1297252800,-0.32586844003298254
1297274400,-0.23896610769726956
1297296000,-0.2665312406541811
1297317600,-0.31391930943389296
1297339200,0.5465162513965824
1297360800,-0.2846114452339842
1297382400,-0.21971202813284613
1297404000,-0.2898245730086288
1297425600,-0.2832239092794032
1297447200,-0.29870252563412186
1297468800,0.5151024987652241
1297490400,-0.2758615012577723
1297512000,-0.238455668565948
1297533600,-0.3216987868922223
1297555200,1.056345674744185
1297576800,0.4753162916614074
1297598400,1.0378239517858634
1297620000,-0.14400874852593631
1297641600,1.0502150628803752
1297663200,-0.26798428214804876
1297684800,0.472566565729382
1297706400,-0.2481298452095194
1297728000,-0.25970126872177934
1297749600,-0.2740989066196433
1297771200,-0.2628981224884654
1297792800,-0.25558355194903903
1297814400,-0.2525326725838221
1297836000,-0.2700949392896106
1297857600,-0.014299705533547358
1297879200,-0.25443041667465466
1297900800,0.5069965619577412
1297922400,-0.36102913769746886
1297944000,-0.2412725220839407
1297965600,-0.32419825008197445
1297987200,-0.27093586391951285
1298008800,0.4977184933550181
1298030400,-0.08702190556583575
1298052000,-0.29187498836121606
1298073600,-0.2369092217030758
1298095200,0.49904917258030806
1298116800,-0.2631992371072746
1298138400,-0.23239907337869656
1298160000,1.0343305678581691
1298181600,-0.2652085915208363
1298203200,0.4503708992288663
1298224800,1.0910468198257612
1298246400,0.026338199305918603
1298268000,1.0358397559781285
1298289600,-0.28063264529556886
1298311200,-0.20208773066037458
1298332800,-0.29490351634192363
1298354400,-0.2799419591186161
1298376000,-0.20527768492479756
1298397600,-0.2798684063893471
1298419200,0.5293368050242842
1298440800,-0.30617756248205075
1298462400,-0.19271310712821327
1298484000,-0.23087552847015505
1298505600,-0.2334085862393782
1298527200,0.5314280876214617
1298548800,-0.2680045327290963
1298570400,-0.19393435292366837
1298592000,-0.2581529129617929
1298613600,0.4680915249338208
1298635200,-0.23512946047070002
1298656800,-0.283242262381601
1298678400,-0.2512015420129541
1298700000,-0.2881023529990517
1298721600,-0.2744270310748603
1298743200,-0.30240801306421
1298764800,-0.23892807759831483
1298786400,-0.23687776376621436
1298808000,-0.26091467875743346
1298829600,1.0934836981429774
1298851200,-0.27319711839413335
1298872800,1.1166386065981866
1298894400,-0.28554096539173873
1298916000,1.1420299856787657
1298937600,-0.27853017695612764
1298959200,-0.2130182705801762
1298980800,0.5126879942251201
1299002400,-0.21919313138077315
1299024000,-0.23777731957583909
1299045600,-0.2611975539003731
1299067200,-0.25600535688708925
1299088800,0.5412816446494177
1299110400,-0.23031485999484447
1299132000,-0.3109656808894127
1299153600,-0.25084884621362524
1299175200,-0.24286307271915195
1299196800,-0.2499075748132248
1299218400,1.0378618208895403
1299240000,0.5460339041069567
1299261600,-0.2990216655219193
1299283200,-0.25407616281331685
1299304800,-0.25908754687683627
1299326400,-0.272339796527012
1299348000,0.4415273677526391
1299369600,-0.226103623272111
1299391200,-0.2883559767593345
1299412800,-0.2954312982926804
1299434400,-0.2896099487075027
1299456000,-0.39421144643079964
1299477600,-0.26672725925557256
1299499200,0.43671229850934146
1299520800,-0.2707937631732737
1299542400,1.0793237166613854
1299564000,-0.3674729433065874
1299585600,-0.24826283681532635
1299607200,1.0890405446630567
1299628800,-0.24961756302952973
1299650400,1.035892067460179
1299672000,-0.25272132030143
1299693600,-0.337508837167684
1299715200,0.47083168293361527
1299736800,-0.2924432197891077
1299758400,-0.20598444298762236
1299780000,-0.25913941046280486
1299801600,-0.25310139721959735
1299823200,0.47979038324780005
1299844800,-0.3889838668138369
1299866400,-0.26279716935873454
1299888000,-0.2739298996179638
1299909600,-0.2897253470518435
1299931200,0.5382530758601147
1299952800,-0.2608981020611923
1299974400,-0.23005048606921036
1299996000,1.0744068805286149
1300017600,-0.17886075530677545
1300039200,0.4670156508537187
1300060800,-0.20322877075575255
1300082400,-0.20118349989923293
1300104000,-0.1953102173177725
1300125600,0.47588418428227575
1300147200,-0.2732642482910441
1300168800,-0.19254140889481774
1300190400,-0.30947892088299156
1300212000,1.1097071024104175
1300233600,0.46635753021409376
1300255200,-0.02665108375621318
1300276800,1.0840526551092535
1300298400,-0.2233025753799365
1300320000,0.5249531656503025
1300341600,-0.25698861482346513
1300363200,-0.25114210258676145
1300384800,-0.17241699864870105
1300406400,-0.20351284836276307
1300428000,0.464068959542822
1300449600,-0.26665315585620664
1300471200,-0.23745962348346036
1300492800,-0.25670050229260866
1300514400,-0.3415723809940729
1300536000,-0.25211918383469745
1300557600,-0.314397946289299
1300579200,-0.30070891162081076
1300600800,-0.2805694517092349
1300622400,-0.2956769825131402
1300644000,-0.349848326365625
1300665600,-0.25783488441476554
1300687200,-0.25969678533552726
1300708800,-0.32338901154847927
1300730400,-0.27483880927596194
1300752000,-0.33608714828252595
1300773600,-0.2134520488135837
1300795200,-0.26513684232487345
1300816800,-0.25854117189819875
1300838400,1.0717756998462422
1300860000,0.43649960097004203
1300881600,-0.2734500578123019
1300903200,1.1337637191005538
1300924800,-0.2544373601602641
1300946400,1.105010322107656
1300968000,-0.20270134072302737
1300989600,-0.2570133798638372
1301011200,0.5437448611111714
1301032800,-0.2706010316155184
1301054400,-0.19463385132798233
1301076000,-0.25007381509894955
1301097600,-0.19773497948323493
1301119200,0.5213957015183043
1301140800,0.436471410937217
1301162400,-0.2338374145978802
1301184000,-0.2623469558085184
1301205600,-0.28963797443652095
1301227200,1.1274422697368423
1301248800,-0.3006546620368049
1301270400,0.5285938200994524
1301292000,1.0586327384069867
1301313600,-0.31248790822513833
1301335200,-0.3430104429452612
1301356800,-0.2843613863751971
1301378400,0.4871358627509743
1301400000,-0.30280034070171813
1301421600,-0.3211717629844023
1301443200,-0.34905579620861404
1301464800,-0.3297758518590406
1301486400,-0.3530213507876008
1301508000,-0.2754273132981615
1301529600,-0.32131585398257656
1301551200,-0.259394374434233
1301572800,-0.2443415281502378
1301594400,1.1344383253198476
1301616000,-0.2337757771723532
1301637600,-0.30792196375209985
1301659200,1.0793663163930618
1301680800,-0.23595468819863
1301702400,1.0903387624001863
1301724000,-0.3811391660715961
1301745600,0.4717466063710377
1301767200,-0.2631048330537216
1301788800,-0.2809167222154758
1301810400,-0.35491900419247197
1301832000,-0.2838381801776551
1301853600,0.44105138395092464
1301875200,-0.23229166083375885
1301896800,-0.22692061707005398
1301918400,-0.2742870133824661
1301940000,-0.26525168701107216
1301961600,0.6018482364205628
1301983200,-0.16947715951394732
1302004800,-0.20941460508097487
1302026400,-0.2531048495216261
1302048000,-0.07052931079377366
1302069600,0.5541209359712929
1302091200,-0.2689501074821543
1302112800,-0.19870350362260267
1302134400,-0.28065801372159066
1302156000,-0.2959374194613772
1302177600,0.540794645921775
1302199200,-0.20395692636252272
1302220800,-0.215021132598497
1302242400,0.5007292514761195
1302264000,-0.2227002166323739
1302285600,1.1316023565813396
1302307200,-0.22070600624187883
1302328800,1.1123566405408882
1302350400,0.5975897276162159
1302372000,-0.20540294305969445
1302393600,-0.16709194774004094
1302415200,-0.190035142218691
1302436800,-0.2869359011640692
1302458400,0.5717932440490244
1302480000,-0.22574334596769124
1302501600,-0.2538372969861102
1302523200,-0.1820688571949172
1302544800,-0.23848395722530044
1302566400,-0.18433221816611517
1302588000,-0.274128410812131
1302609600,-0.23374361975662677
1302631200,-0.24662164157842886
1302652800,-0.18237478830389814
1302674400,0.5797292866811128
1302696000,-0.21473537708747814
1302717600,-0.19821118655276201
1302739200,-0.19418819657962086
1302760800,-0.20093444475789773
1302782400,-0.2887753573313153
1302804000,-0.17375721439868894
1302825600,-0.21044824717622715
1302847200,-0.15687418515693163
1302868800,-0.1980923426662886
1302890400,1.2052291685817047
1302912000,-0.14007046880254395
1302933600,-0.21507433083089592
1302955200,1.1791279448845855
1302976800,-0.1167929456461464
1302998400,1.2182338788168978
1303020000,-0.2277348037804387
1303041600,-0.20892711191899366
1303063200,-0.17807879742275362
1303084800,-0.2067755946163119
1303106400,-0.2837381080669692
1303128000,0.5976705436001483
1303149600,-0.2549533942032235
1303171200,-0.1934056609444497
1303192800,-0.21212286874737715
1303214400,-0.22839190042666896
1303236000,-0.2757871876514444
1303257600,-0.16242240285949802
1303279200,-0.21324197084495206
1303300800,-0.22680487018744516
1303322400,-0.21916690819443316
1303344000,-0.29244492164451147
1303365600,-0.2293544859932869
1303387200,0.5032629349085505
1303408800,-0.23799467538402275
1303430400,-0.25011059069089153
1303452000,-0.32958170693136923
1303473600,-0.2255300109989023
1303495200,0.5383977546537035
1303516800,-0.2613381363865145
1303538400,-0.25088643412744216
1303560000,-0.17718960558451333
1303581600,-0.23276900425569708
1303603200,1.1606064220588115
1303624800,0.5340725733470412
1303646400,-0.1838864430239363
1303668000,1.1727930112427587
1303689600,-0.13719206056870958
1303711200,1.1566367421588677
1303732800,0.4746956289715305
1303754400,-0.23630100968850476
1303776000,-0.2323951218702873
1303797600,-0.254348020148319
1303819200,-0.19243300194108873
1303840800,-0.24940247454530232
1303862400,-0.20659671597666396
1303884000,0.5105574534529081
1303905600,-0.2632590599737365
1303927200,-0.28920226145808803
1303948800,-0.12388758771102014
1303970400,-0.2654622170641297
1303992000,0.49850509070794013
1304013600,-0.3207974554177362
1304035200,-0.3004095949581744
1304056800,-0.33034412225911636
1304078400,-0.2908729313273109
1304100000,0.4888032532232625
1304121600,-0.21245031199527578
1304143200,-0.2566318317041624
1304164800,-0.2862003334547366
1304186400,-0.2641239999499268
1304208000,0.5150955451545695
1304229600,-0.2582606657468429
1304251200,-0.26159223508629187
1304272800,1.1270266167078304
1304294400,-0.17116410068267796
1304316000,-0.27620578370469956
1304337600,1.0905725291405757
1304359200,-0.2549133816283159
1304380800,-0.2677159008588939
1304402400,0.43056282624296627
1304424000,-0.23189699849103387
1304445600,-0.28772622872963904
1304467200,-0.13068127475089975
1304488800,-0.2649334802937515
1304510400,-0.22054253628701476
1304532000,-0.3350390278419718
1304553600,-0.21267254773104702
1304575200,1.1017352569288088
1304596800,0.48357134805613755
1304618400,1.085053416859933
1304640000,-0.33988361365801417
1304661600,-0.2463483072890107
1304683200,-0.30494938695404494
1304704800,-0.3040555455067915
1304726400,-0.27467068923636445
1304748000,-0.31782266872664805
1304769600,-0.2538886359602519
1304791200,-0.2886510772360874
1304812800,-0.09322393768760981
1304834400,-0.2888954924290589
1304856000,-0.21783962644754437
1304877600,-0.23267763921656504
1304899200,1.1120475448636926
1304920800,0.49691922327699134
1304942400,1.1883114134400663
1304964000,-0.25277093115857063
1304985600,1.1720577067995528
1305007200,0.5393082132513531
1305028800,-0.36026542195848366
1305050400,-0.24149025164644256
1305072000,-0.25850567747944025
1305093600,-0.2942062475639948
1305115200,-0.2644751032650807
1305136800,-0.2876304405822397
1305158400,0.5301606964254403
1305180000,-0.2902007929780275
1305201600,-0.29926552085281627
1305223200,-0.31389852772628274
1305244800,-0.2656705983639496
1305266400,0.5447082034588163
1305288000,-0.22091412197418564
1305309600,-0.2755379764201106
1305331200,-0.2849536547583207
1305352800,-0.2775652927477206
1305374400,-0.3049879471243605
1305396000,0.5217016902044693
1305417600,-0.29761666501355555
1305439200,-0.23707633349274532
1305460800,-0.28514188495716714
1305482400,-0.20764159398410145
1305504000,-0.25826427328863477
1305525600,0.502052231540358
1305547200,-0.2642103820545969
1305568800,-0.18302914442015508
1305590400,-0.19653665011157273
1305612000,1.1172025653732516
1305633600,-0.1948617166077543
1305655200,1.2063730916613737
1305676800,-0.16726818250781134
1305698400,-0.2852151064839295
1305720000,1.2027030651822541
1305741600,-0.2381092365819242
1305763200,0.5494863089196104
1305784800,-0.2124096380562883
1305806400,-0.21973523168704504
1305828000,-0.27227653142955965
1305849600,-0.15527887638480364
1305871200,-0.20926994131343446
1305892800,-0.28683464589887436
1305914400,0.5264076981565764
1305936000,-0.28006231875242377
1305957600,-0.24767123220271792
1305979200,-0.2897321374920342
1306000800,-0.2963454277524783
1306022400,0.4761600039209419
1306044000,-0.3612569506743437
1306065600,-0.26916359840238485
1306087200,-0.2499178054929543
1306108800,-0.3072281460204966
1306130400,0.4589820952688929
1306152000,-0.24996091220532177
1306173600,-0.21243962627255372
1306195200,-0.22063356977996582
1306216800,-0.277338189756048
1306238400,-0.011242444053679065
1306260000,-0.2345524297327519
1306281600,0.2588173924675983
1306303200,-0.27250140491512537
1306324800,-0.2828321338708969
1306346400,1.1232107181359563
1306368000,-0.14786406531583607
1306389600,1.0837939639820051
1306411200,-0.01120452014806951
1306432800,-0.2851540072790158
1306454400,0.5560807246594317
1306476000,-0.26675898711450696
1306497600,-0.24423239915104905
1306519200,0.47210165645188845
1306540800,-0.1820118897466046
1306562400,-0.16065892070553292
1306584000,0.0027618323098613645
1306605600,-0.12452463606443626
1306627200,1.0788079860936186
1306648800,-0.1109879435882729
1306670400,1.067797930916584
1306692000,-0.16167958853511583
1306713600,-0.2508919117100114
1306735200,-0.18968168461601104
1306756800,-0.2839379777088314
1306778400,-0.18690438282222235
1306800000,-0.17775819886380398
1306821600,-0.20884404948753632
1306843200,-0.26265737042795373
1306864800,-0.13479168376143646
1306886400,-0.16428268681823283
1306908000,0.4939330712922204
1306929600,1.1479218917696068
1306951200,-0.22949674362262837
1306972800,-0.1770626200161749
1306994400,1.0769269890202886
1307016000,-0.16572992074398277
1307037600,0.513348620438977
1307059200,-0.20688057569078905
1307080800,-0.24070932446258123
1307102400,-0.20889133009081412
1307124000,-0.2530390425040335
1307145600,-0.12763027479398056
1307167200,-0.1781691688223715
1307188800,-0.18607584015142378
1307210400,-0.18008681687630826
1307232000,-0.22785031908568448
1307253600,-0.20563978703794455
1307275200,-0.17689910706747633
1307296800,-0.14985132341594776
1307318400,-0.15487348503839837
1307340000,-0.18116772771055395
1307361600,-0.1787298617562983
1307383200,-0.1308306528928575
1307404800,-0.19609348249448938
1307426400,-0.18558009880458082
1307448000,-0.14443893646533293
1307469600,-0.16260628216695963
1307491200,-0.13718920668071719
1307512800,0.5791194034101631
1307534400,-0.10859026227337029
1307556000,-0.17598694372035587
1307577600,-0.0949107061222292
1307599200,-0.12852606856011595
1307620800,-0.21425407388879936
1307642400,1.2439061644776601
1307664000,-0.15128859609978937
1307685600,1.1941006806878964
1307707200,-0.1088552540489896
1307728800,-0.14545323151470968
1307750400,-0.13528539939185208
1307772000,0.5518305058604865
1307793600,-0.21627292022652386
1307815200,-0.23795840712678942
1307836800,-0.17948679215493857
1307858400,-0.1725373720283453
1307880000,-0.2014568550752829
1307901600,-0.2234403254565645
1307923200,-0.2333797125640269
1307944800,-0.21138784601562557
1307966400,-0.2532862098064558
1307988000,0.5651737258624833
1308009600,-0.2409319269218429
1308031200,-0.24435249736686
1308052800,-0.20430007394228678
1308074400,-0.20668643630902045
1308096000,0.522461293991786
1308117600,-0.2600528169092284
1308139200,-0.27745170960847654
1308160800,-0.27142523140852115
1308182400,-0.23922504068454203
1308204000,0.444042828328932
1308225600,-0.25975738073726895
1308247200,-0.2660181908917421
1308268800,-0.2977519326282073
1308290400,1.0073611964647669
1308312000,0.5150178454049079
1308333600,-0.3586691435399959
1308355200,1.091420404099341
1308376800,-0.26887497434420365
1308398400,1.0761380450221727
1308420000,-0.16133027395623784
1308441600,-0.2150686016520079
1308463200,-0.27113017198321016
1308484800,-0.3255674088972114
1308506400,-0.26210683834547693
1308528000,-0.35279550132598064
1308549600,-0.24604021352280925
1308571200,-0.3115247044571626
1308592800,-0.21866124808489915
1308614400,-0.294067777027957
1308636000,1.0083735107459202
1308657600,-0.11573727777505642
1308679200,1.0887853974621378
1308700800,0.051107005380864705
1308722400,0.4515420523463214
1308744000,0.19978713604426326
1308765600,0.32939290285015854
1308787200,-0.2092620813607926
1308808800,-0.1743164438782791
1308830400,0.5603341089125411
1308852000,-0.29076208554549166
1308873600,-0.1807571669275279
1308895200,-0.2836096580989262
1308916800,1.029522814942242
1308938400,-0.2179677547993575
1308960000,1.117872263181088
1308981600,-0.21410993826793498
1309003200,-0.17125657672888644
1309024800,-0.3026494557830642
1309046400,0.5615792834660435
1309068000,-0.24668110536496984
1309089600,-0.2530059617139757
1309111200,-0.2630874018530106
1309132800,-0.24324147770919194
1309154400,-0.23246991597973424
1309176000,-0.24593296824444708
1309197600,-0.30657445688199947
1309219200,0.4509616381401178
1309240800,-0.289336254848223
1309262400,-0.32838482992050744
1309284000,-0.25719363459721006
1309305600,-0.2791819482355219
1309327200,-0.2217427409621675
1309348800,-0.2435941080102699
1309370400,-0.21458040379578577
1309392000,-0.1849592045511717
1309413600,-0.19811001134341058
1309435200,-0.08124736383440975
1309456800,-0.17893434706501662
1309478400,-0.1661567418750497
1309500000,0.5444374312585588
1309521600,-0.1651488324710885
1309543200,-0.14552243278652152
1309564800,-0.14936503162060943
1309586400,-0.22872952169037264
1309608000,1.2446807041214765
1309629600,-0.15131961803730085
1309651200,1.224816976145939
1309672800,-0.1340011957284329
1309694400,-0.15489330572682444
1309716000,1.1524490229034183
1309737600,-0.10857219140446919
1309759200,0.5959301345228458
1309780800,-0.20590484526780273
1309802400,-0.21635780497685364
1309824000,-0.2522482044255518
1309845600,-0.17403147618324405
1309867200,0.5535149791665172
1309888800,-0.1871895794828965
1309910400,-0.23104343776539238
1309932000,-0.2550463046641147
1309953600,-0.17966962694238733
1309975200,-0.18349852947592776
1309996800,-0.21393397275469084
1310018400,-0.22977864366404588
1310040000,-0.18799015534675742
1310061600,-0.18805874223611843
1310083200,-0.1912091252204645
1310104800,-0.2276746730139177
1310126400,-0.18660630112420012
1310148000,-0.19188001920112996
1310169600,-0.14044216007256327
1310191200,-0.1733530371413824
1310212800,0.4955842629575551
1310234400,-0.18936534122717633
1310256000,-0.18699081727678585
1310277600,-0.15769488011923233
1310299200,-0.093151560970063
1310320800,1.1443446561290944
1310342400,-0.18608292532822895
1310364000,-0.24193479241960256
1310385600,1.1412942529027934
1310407200,-0.2495823872718916
1310428800,-0.2096270345070319
1310450400,-0.1720587076209296
1310472000,-0.1351298029127878
1310493600,-0.2339595278155525
1310515200,-0.2336167730891838
1310536800,0.5602963224593127
1310558400,-0.27671944112723845
1310580000,-0.19955618936199154
1310601600,-0.09264545951749945
1310623200,0.5765099088879766
1310644800,-0.13884142806594188
1310666400,-0.20338068820284072
1310688000,-0.027574065308235755
1310709600,0.0052087222761598405
1310731200,0.5386217002239849
1310752800,-0.061152085875649964
1310774400,-0.2151402658800483
1310796000,-0.02447922013375063
1310817600,-0.13054662260284886
1310839200,-0.031250349941765884
1310860800,-0.2420541685273444
1310882400,1.07905508053084
1310904000,-0.1766577165216867
1310925600,1.0999882972003108
1310947200,-0.1723295600831313
1310968800,-0.25350892677819487
1310990400,1.1228252074035998
1311012000,-0.274028751297521
1311033600,-0.05819738239216418
1311055200,-0.2791148815984704
1311076800,-0.22106063145836535
1311098400,-0.22433011518518312
1311120000,-0.3627761297670079
1311141600,-0.23065784696341163
1311163200,-0.26536232094071155
1311184800,-0.12496248179309598
1311206400,-0.21479455841869904
1311228000,0.43693053261635983
1311249600,-0.26075410004658606
1311271200,-0.1873765781404985
1311292800,-0.264236712741083
1311314400,-0.25341967530463194
1311336000,0.552844191676248
1311357600,-0.2847936582475127
1311379200,-0.23461427117503197
1311400800,-0.2587552612836487
1311422400,-0.17512240824988073
1311444000,-0.2266812772735566
1311465600,0.5782247758853872
1311487200,-0.2525008139320936
1311508800,-0.27648985661204684
1311530400,-0.18227264416509772
1311552000,-0.21122614567137632
1311573600,1.1300156005130844
1311595200,-0.1861049459159132
1311616800,0.5461219480017954
1311638400,1.2092505552234318
1311660000,-0.21520424845724903
1311681600,1.1423312845001075
1311703200,-0.25115116792073294
1311724800,-0.19565111816725567
1311746400,0.5555651005290696
1311768000,-0.22522779273451274
1311789600,-0.2967819010018261
1311811200,-0.310712726095509
1311832800,-0.2863672787263008
1311854400,0.44874159325890406
1311876000,-0.25662415543345624
1311897600,-0.2842379687940232
1311919200,-0.2687261301656611
1311940800,-0.26583458190749293
1311962400,-0.22129527840197397
1311984000,0.5301608434912426
1312005600,-0.2683025184559285
1312027200,-0.26949439672020054
1312048800,-0.22321340089436972
1312070400,-0.22998083113240964
1312092000,0.4635984408371855
1312113600,-0.2551060169492061
1312135200,-0.23496360652243012
1312156800,-0.24855212330521703
1312178400,-0.32945436137782924
1312200000,-0.21579048537084602
1312221600,0.48523282777889515
1312243200,-0.2570843761282486
1312264800,-0.208698616112601
1312286400,-0.2259563326930696
1312308000,1.0808435115708777
1312329600,-0.16737657722974417
1312351200,-0.2628566375892421
1312372800,1.112888582934135
1312394400,-0.2258611176371819
1312416000,1.0614225725898083
1312437600,0.5492809417363039
1312459200,-0.2604224952558113
1312480800,-0.24191827809416058
1312502400,-0.2543738382541369
1312524000,-0.1112461746672067
1312545600,-0.2114776829423343
1312567200,-0.24838753639608144
1312588800,-0.23518961797155535
1312610400,0.24185382285469606
1312632000,0.22202681118000955
1312653600,-0.2333329243285509
1312675200,-0.22337265768632564
1312696800,-0.2406451432971826
1312718400,-0.1436574002714578
1312740000,0.5537598644757464
1312761600,-0.1522383415670986
1312783200,0.028517048308742573
1312804800,-0.32264329349315235
1312826400,-0.06579874791083976
1312848000,-0.22533707580811252
1312869600,-0.24383402002036703
1312891200,-0.1745609502225934
1312912800,-0.2314803456970253
1312934400,1.1932342605799569
1312956000,0.5298222601569971
1312977600,1.1299535926027966
1312999200,-0.18597118963385129
1313020800,-0.20461845733330047
1313042400,0.5574195352689876
1313064000,-0.21957952075868506
1313085600,-0.2343460870442994
1313107200,-0.17309067112559096
1313128800,-0.23965438733659414
1313150400,-0.2746619968440348
1313172000,-0.24575803604103885
1313193600,-0.2416357781811919
1313215200,-0.14996628588539668
1313236800,-0.22028016723649096
1313258400,0.5839061447640066
1313280000,-0.1892361553302263
1313301600,-0.25057089579518216
1313323200,-0.21590013391946156
1313344800,-0.16417402253772503
1313366400,-0.17429209903816534
1313388000,0.5181688546031167
1313409600,-0.2192940005012234
1313431200,-0.1595929456764534
1313452800,-0.1748033527718048
1313474400,-0.2688576921987204
1313496000,-0.17245936501106748
1313517600,-0.24468072962279241
1313539200,-0.20069390809183307
1313560800,-0.2039420506136544
1313582400,-0.22399331951483975
1313604000,1.1328348692112085
1313625600,0.6743466597055476
1313647200,-0.15249840090534522
1313668800,1.2023174416596605
1313690400,-0.153097052082925
1313712000,1.1511434257544135
1313733600,-0.1304631686249079
1313755200,-0.15429254149086716
1313776800,-0.14677707251887437
1313798400,-0.17726076999504764
1313820000,-0.24244775828831328
1313841600,-0.1336738121428087
1313863200,-0.16601969359563595
1313884800,-0.20571756222519272
1313906400,0.5476179421528926
1313928000,-0.14961735693691441
1313949600,-0.20937356668408985
1313971200,-0.17364590289260007
1313992800,-0.22022372694964518
1314014400,-0.13548856707980422
1314036000,-0.13405912965989095
1314057600,-0.18720865933802544
1314079200,-0.19730884127212903
1314100800,-0.2899101716697418
1314122400,0.5348537043533785
1314144000,-0.2488306790967483
1314165600,-0.2783740353034378
1314187200,-0.25390655124918626
1314208800,-0.27418912765939046
1314230400,-0.1984600582278761
1314252000,-0.2537037529608471
1314273600,-0.29941069401216075
1314295200,-0.22899571432524554
1314316800,-0.19106279070260443
1314338400,-0.16913830563532425
1314360000,1.1535502924241772
1314381600,-0.2598024762390999
1314403200,-0.3192138363640005
1314424800,1.1012009850903917
1314446400,-0.23723591477600484
1314468000,0.5249687808183154
1314489600,-0.2542482221062604
1314511200,-0.2447577774408256
1314532800,-0.26923488646877036
1314554400,-0.20524207066224073
1314576000,-0.18578268858905078
1314597600,-0.25042196585477455
1314619200,-0.22944527943002
1314640800,1.155482808917731
1314662400,-0.2458561089333441
1314684000,0.47467723225720604
1314705600,1.1239343951854468
1314727200,-0.0551614968318898
1314748800,1.129542579110905
1314770400,0.45204592581715025
1314792000,-0.17154989214517205
1314813600,-0.2357188118350931
1314835200,-0.2668508387106638
1314856800,-0.22885515723898042
1314878400,0.5171586310665722
1314900000,-0.2418539680383206
1314921600,-0.18799297282985086
1314943200,-0.24500559050932058
1314964800,-0.28061395483875856
1314986400,1.0790468413456968
1315008000,-0.27263067442440214
1315029600,1.1151307775147594
1315051200,-0.33701555431744
1315072800,-0.26706935062051224
1315094400,-0.2869122877802317
1315116000,-0.3645900341322046
1315137600,-0.24718718330377082
1315159200,-0.22205736259552347
1315180800,-0.26298645061104453
1315202400,-0.3132767601870845
1315224000,0.021589575215346234
1315245600,-0.248479425893889
1315267200,-0.2665592967928703
1315288800,0.4806176418608595
1315310400,-0.22576897738693863
1315332000,-0.17508477497605499
1315353600,-0.13913760019135818
1315375200,-0.192382344549834
1315396800,-0.31673752903209706
1315418400,0.590775334422948
1315440000,-0.20185951415762962
1315461600,-0.20557299083780572
1315483200,-0.139231579325874
1315504800,-0.24157170784198276
1315526400,-0.1474653746675303
1315548000,-0.24874588261226585
1315569600,-0.16185974056033353
1315591200,-0.2442033164407322
1315612800,1.1836121267221555
1315634400,1.1872463123217192
1315656000,-0.17534607174355626
1315677600,-0.23229953302678305
1315699200,1.1637615053499477
1315720800,-0.17867911649576637
1315742400,0.5221823942307712
1315764000,-0.20088400987048427
1315785600,-0.26413798415159984
1315807200,-0.21058333002040736
1315828800,-0.26949361604140365
1315850400,-0.19016016294846283
1315872000,0.5473636423948166
1315893600,-0.23433568294336224
1315915200,-0.2217277524445678
1315936800,-0.2040533112373222
1315958400,-0.21030824092632622
1315980000,-0.27376493291130266
1316001600,-0.2428926700290261
1316023200,0.5681529507549777
1316044800,-0.21620023558261386
1316066400,-0.2997988111988654
1316088000,-0.22909262272101735
1316109600,-0.2858251673543887
1316131200,-0.2480396123251587
1316152800,0.5087366295304291
1316174400,-0.28536870290759336
1316196000,-0.3433210812276295
1316217600,-0.22411183942229193
1316239200,-0.26381791527379633
1316260800,0.4680465800499409
1316282400,-0.30265426464515427
1316304000,-0.28444963261075534
1316325600,-0.22631364248115438
1316347200,-0.33174751460808527
1316368800,1.1029108873062567
1316390400,0.48799404888529
1316412000,1.0304919068250036
1316433600,-0.2548493814104623
1316455200,-0.241943217301243
1316476800,1.0769718573371048
1316498400,-0.2865528780794677
1316520000,-0.20399027113558446
1316541600,-0.2481494837512649
1316563200,-0.24616577816485413
1316584800,-0.27954882876509846
1316606400,-0.1966529981235558
1316628000,-0.2833527548400485
1316649600,-0.18930518677159297
1316671200,-0.187718916495939
1316692800,-0.25032123530388606
1316714400,1.118404494543022
1316736000,-0.18722856454863834
1316757600,1.0735066688623682
1316779200,-0.22768887006493424
1316800800,0.4896185087909697
1316822400,0.5513397201565051
1316844000,-0.03376150472912812
1316865600,-0.24655650553893946
1316887200,-0.27261646199103634
1316908800,0.5337521983365986
1316930400,-0.25817310148668543
1316952000,-0.2204123801696423
1316973600,-0.2685571942065012
1316995200,1.0661584069387544
1317016800,-0.28026926995512513
1317038400,1.0560938629962944
1317060000,-0.2500256769464536
1317081600,-0.274899035453673
1317103200,-0.20243454405580585
1317124800,-0.25640969043036965
1317146400,-0.05968794504823172
1317168000,-0.21278871358304116
1317189600,-0.17550805293082836
1317211200,0.547641862848558
1317232800,-0.19132430239803955
1317254400,-0.18518638662777548
1317276000,-0.2489215366059775
1317297600,0.553788259207958
1317319200,-0.19650855089147284
1317340800,-0.1612602155871386
1317362400,-0.28158294348761204
1317384000,-0.15522077346942445
1317405600,-0.21496580044033123
1317427200,-0.16726817485040546
1317448800,-0.1689699363032415
1317470400,-0.19780917439430953
1317492000,-0.20963445433093075
1317513600,-0.09084020657226555
1317535200,-0.15289660648527426
1317556800,-0.16275171230157842
1317578400,-0.141808548750007
1317600000,-0.1907021594460941
1317621600,-0.15299322460997367
1317643200,1.1935187364510593
1317664800,-0.10717476924574063
1317686400,1.240983164773121
1317708000,-0.16197389733214174
1317729600,-0.13151571936908868
1317751200,-0.11736163941671057
1317772800,-0.15679848111794414
1317794400,-0.1312043531020616
1317816000,-0.08994564184940598
1317837600,-0.15729126204085742
1317859200,-0.15198404365774287
1317880800,-0.17542583776086196
1317902400,0.6834651521112145
1317924000,-0.11629568553088587
1317945600,-0.08383938864638539
1317967200,-0.13427538454022941
1317988800,-0.20393921585437375
1318010400,0.6454081369294379
1318032000,-0.14726854638112527
1318053600,-0.1675191849743997
1318075200,-0.11240786982694365
1318096800,-0.16853489551345613
1318118400,-0.12955373845039364
1318140000,-0.20216222125575045
1318161600,-0.23131365911397694
1318183200,-0.24325330674725187
1318204800,-0.21558777708656374
1318226400,-0.18741265094856335
1318248000,-0.16873995314016238
1318269600,-0.21402265540407497
1318291200,-0.2511365367267923
1318312800,-0.2582527065048021
1318334400,-0.2623203499964529
1318356000,-0.22263480711734665
1318377600,1.1329822651837647
1318399200,-0.18406444686078832
1318420800,1.1290893547748868
1318442400,-0.22610740203382954
1318464000,-0.19994806533754605
1318485600,1.117542294567789
1318507200,-0.2319233506533301
1318528800,-0.21270089502334497
1318550400,-0.25339236363675305
1318572000,-0.2636126154688412
1318593600,-0.2056237717768999
1318615200,-0.2606634792451723
1318636800,0.5257126962837876
1318658400,-0.3123147727978303
1318680000,-0.1813065244612056
1318701600,-0.22258484929049285
1318723200,-0.24669369373412503
1318744800,-0.1791575439454184
1318766400,1.1024118982623914
1318788000,-0.28208192218463024
1318809600,1.1569362646078896
1318831200,-0.24998618477721363
1318852800,0.4784655644266837
1318874400,-0.22940136977899725
1318896000,-0.24672092759966519
1318917600,0.1250570587811741
1318939200,0.4524791159972068
1318960800,-0.10673704568415987
1318982400,-0.060232747079079066
1319004000,-0.35070814239112685
1319025600,-0.23016604607939684
1319047200,1.0861695222124688
1319068800,-0.30676367740376803
1319090400,1.0565617229204578
1319112000,-0.24216132353804057
1319133600,-0.2941506807332329
1319155200,0.49196557655204287
1319176800,-0.3121678527749112
1319198400,-0.24195786990830664
1319220000,0.019481071712043926
1319241600,0.5320296832828557
1319263200,-0.28364336682003743
1319284800,-0.326807937710053
1319306400,-0.2413717471895288
1319328000,-0.30398009808985893
1319349600,0.46255122508372004
1319371200,-0.10469551158309506
1319392800,-0.2996702678608064
1319414400,-0.19110152304054928
1319436000,0.43769122425677914
1319457600,-0.3092387738764535
1319479200,-0.34909753144820355
1319500800,-0.24019340372012818
1319522400,-0.2861892160503975
1319544000,-0.25842436037954053
1319565600,-0.3124193868304126
1319587200,-0.3138412865545854
1319608800,-0.29543638956060353
1319630400,-0.32753021190865894
1319652000,1.0974605163495494
1319673600,-0.2833123948757723
1319695200,1.1223705567689946
1319716800,-0.2902243768768257
1319738400,-0.2047252572560958
1319760000,1.149323765868407
1319781600,0.5141654192944008
1319803200,-0.2603944508326285
1319824800,-0.2257951038248013
1319846400,-0.23512452000025402
1319868000,-0.2873457998810059
1319889600,0.530484291906592
1319911200,-0.22349181135742005
1319932800,-0.22571165779697772
1319954400,-0.297230500523213
1319976000,-0.17537782782057795
1319997600,-0.2855423625832104
1320019200,1.1321745242008148
1320040800,-0.2429026971359515
1320062400,1.124150305900899
1320084000,-0.2947031971929825
1320105600,-0.13273949612013589
1320127200,0.5502186209053451
1320148800,-0.2664734570825932
1320170400,-0.22406329358560528
1320192000,-0.28924498643263263
1320213600,-0.1439543521634907
1320235200,-0.28574737869665356
1320256800,-0.2729591247196479
1320278400,0.5049337188109181
1320300000,-0.3160796534957826
1320321600,-0.22974005572370643
1320343200,-0.2583195503268304
1320364800,-0.2336772697809381
1320386400,-0.25833513342556785
1320408000,1.1615514225101689
1320429600,-0.2063361507802023
1320451200,1.1304490080840748
1320472800,-0.2976315085785286
1320494400,-0.16035419813167284
1320516000,-0.20578108853171054
1320537600,-0.1435796750323451
1320559200,-0.20031642402887295
1320580800,-0.29731034388298183
1320602400,-0.21214909123914033
1320624000,-0.24926211241421606
1320645600,0.4779705154308578
1320667200,-0.18200440806234028
1320688800,-0.2504035862581997
1320710400,-0.17754751805312613
1320732000,-0.24470044317641174
1320753600,-0.241899854122166
1320775200,-0.26513858433401816
1320796800,-0.2324193063705665
1320818400,-0.21136051044189816
1320840000,-0.19718800888147525
1320861600,0.5097014595237493
1320883200,0.0642180408063577
1320904800,-0.2390508529706788
1320926400,-0.05197032715455007
1320948000,0.5549522790911885
1320969600,0.13704014604817277
1320991200,-0.11542511553718786
1321012800,-0.29211192674178654
1321034400,1.1369521797538715
1321056000,0.5249028645532873
1321077600,1.0954003876541618
1321099200,-0.29853465574499316
1321120800,-0.18306140949761468
1321142400,1.1323333666605582
1321164000,-0.2788662408271636
1321185600,-0.19457754475417882
1321207200,-0.1753896114549046
1321228800,-0.21839759271128406
1321250400,0.43705880861662866
1321272000,-0.23479813118350226
1321293600,-0.2982874916181511
1321315200,-0.27496403194783137
1321336800,-0.23841873489405085
1321358400,-0.22946239751379158
1321380000,-0.2914821168339067
1321401600,-0.259928384935436
1321423200,-0.28730225003542825
1321444800,0.4262710194540714
1321466400,-0.36063369770397646
1321488000,-0.34402944540797586
1321509600,-0.3313733385229294
1321531200,-0.39317285640380584
1321552800,-0.3535055506464696
1321574400,-0.3671413023384488
1321596000,-0.4008120765303723
1321617600,1.0393436646397283
1321639200,-0.3613813587666661
1321660800,0.41481589955090015
1321682400,1.0094746102864762
1321704000,-0.24554366655195795
1321725600,1.0683813674855012
1321747200,-0.27685883283910034
1321768800,-0.3338510582929025
1321790400,0.5119624164838057
1321812000,-0.3240735165606097
1321833600,-0.2861818817729883
1321855200,-0.34147535624544334
1321876800,-0.40541125965448777
1321898400,0.469598017881524
1321920000,-0.32139683966595045
1321941600,-0.35550258969748855
1321963200,-0.29509210901684146
1321984800,-0.3462412479009756
1322006400,1.0784586108910912
1322028000,0.41544357760329825
1322049600,0.42500298093807143
1322071200,0.9955079293090389
1322092800,-0.31162523825873817
1322114400,1.0656446332795784
1322136000,-0.2990372217714945
1322157600,0.4084997280826088
1322179200,-0.3683101263961266
1322200800,-0.34547974730780995
1322222400,-0.34230409627881975
1322244000,-0.31182891217975806
1322265600,0.40652689349206395
1322287200,-0.3054502494983706
1322308800,-0.3427594299438547
1322330400,-0.30028951328670594
1322352000,-0.29456897756965
1322373600,1.0533767216046708
1322395200,-0.31062818670380066
1322416800,1.080245699821565
1322438400,1.0750520937596741
1322460000,0.4101010357802404
1322481600,-0.3415644487398342
1322503200,-0.29680904521047774
1322524800,-0.2922741678349887
1322546400,-0.36312676965802027
1322568000,0.4905983624184015
1322589600,-0.34821138290429743
1322611200,-0.3429928658347572
1322632800,-0.3223371603954091
1322654400,-0.32114737142158717
1322676000,-0.3599604155916588
1322697600,-0.22155375666968677
1322719200,-0.30725974209422724
1322740800,-0.27887100557409067
1322762400,-0.24017054608443159
1322784000,0.4418582679783384
1322805600,-0.22236858213158314
1322827200,-0.27660744861777287
1322848800,-0.2016492043381021
1322870400,-0.1096235729878299
1322892000,-0.3618288248399339
1322913600,-0.04706320823714146
1322935200,-0.010679661572591507
1322956800,0.2146253621233378
1322978400,-0.32988596024793415
1323000000,1.1223244498657943
1323021600,0.017854930254676164
1323043200,1.1073679383649124
1323064800,-0.10300525687367054
1323086400,-0.1661306686871613
1323108000,0.5644099396295452
1323129600,-0.17873336424284414
1323151200,-0.1750071874971026
1323172800,-0.22689937536661242
1323194400,-0.1837211138074336
1323216000,0.5568198088943476
1323237600,-0.20058171463608565
1323259200,-0.1752793905733659
1323280800,0.5429197682592608
1323302400,0.11491500032660036
1323324000,-0.15287910916522268
1323345600,-0.23519809485802096
1323367200,-0.29847273773713373
1323388800,0.5604997496237576
1323410400,-0.24476762515962666
1323432000,-0.2045052990642085
1323453600,-0.23857955717081164
1323475200,-0.2963948375244495
1323496800,0.5245685148026366
1323518400,-0.3111242740729835
1323540000,-0.20314208952060614
1323561600,-0.23165431060290032
1323583200,-0.24838279946882647
1323604800,1.122868964335033
1323626400,-0.22087673633496516
1323648000,1.1636989715280486
1323669600,-0.23530682287716792
1323691200,-0.22894626768567117
1323712800,-0.17607182595109794
1323734400,-0.18806512384239016
1323756000,-0.2587860895149891
1323777600,-0.20099939683401738
1323799200,-0.17438194036412547
1323820800,0.5428721505536919
1323842400,-0.2952592328987965
1323864000,-0.18942838045539528
1323885600,-0.260848259886215
1323907200,-0.21258765916245378
1323928800,-0.21374279797294043
1323950400,0.5363812735540506
1323972000,-0.2725291595722911
1323993600,-0.1605543313376553
1324015200,-0.22344655716194017
1324036800,-0.2369899158940168
1324058400,0.5489305607809519
1324080000,-0.2628928962712037
1324101600,-0.21827794626820682
1324123200,-0.25462766184510416
1324144800,-0.21407203656848411
1324166400,-0.23874661697576005
1324188000,0.48623749949987316
1324209600,-0.2289363049685397
1324231200,-0.2219006517119666
1324252800,-0.23538961244993808
1324274400,-0.2313531200097922
1324296000,1.2163375905718123
1324317600,0.5822295246558566
1324339200,-0.2233670095696161
1324360800,1.1245090013467698
1324382400,-0.15824804338743942
1324404000,1.1344981134339
1324425600,-0.1917991369226475
1324447200,-0.27061369978150146
1324468800,0.443820057987776
1324490400,-0.22352215503375977
1324512000,-0.23675286847955238
1324533600,-0.25209783482171677
1324555200,-0.2438308801764282
1324576800,0.5015542077412642
1324598400,-0.17994167474700706
1324620000,-0.25337355783777576
1324641600,-0.3015938259902557
1324663200,-0.25452284520953444
1324684800,-0.28169324673522195
1324706400,-0.21935631178613801
1324728000,-0.22625449506721282
1324749600,-0.3019757635530329
1324771200,-0.35363022663364463
1324792800,0.4686586268679861
1324814400,-0.3424798082759845
1324836000,-0.31606881439803153
1324857600,-0.08127237077396607
1324879200,-0.26190901982685877
1324900800,-0.28039770038888784
1324922400,-0.27469881605106816
1324944000,-0.27425557736345585
1324965600,1.0496386110798765
1324987200,0.4458598078193712
1325008800,1.0867304149446781
1325030400,-0.31144668644719775
1325052000,1.0075255989678136
1325073600,-0.29707964353766075
1325095200,0.48998426577718707
1325116800,-0.27728444637831845
1325138400,-0.3380435376997524
1325160000,-0.24298020714244287
1325181600,-0.3183221833568079
1325203200,-0.24911466200914206
1325224800,-0.2818859092593156
1325246400,-0.2684076826992707
1325268000,-0.01088536236577213
1325289600,1.1552625948416024
1325311200,-0.26497289653993195
1325332800,-0.2524353452938534
1325354400,1.0834180780280824
1325376000,-0.3387410007897165
1325397600,-0.2548776399245529
1325419200,-0.3101970263073601
1325440800,-0.30406783048871927
1325462400,0.10546398311136529
1325484000,0.4377964026267548
1325505600,-0.2013526692735232
1325527200,-0.19978256490282895
1325548800,1.0730965722054366
1325570400,0.4627719538088316
1325592000,-0.2681253668806784
1325613600,1.094095829535011
1325635200,-0.2909627200935043
1325656800,1.0750098772035863
1325678400,0.5604279088357207
1325700000,-0.2406605523788192
1325721600,-0.23259665359626702
1325743200,-0.23578818557039558
1325764800,-0.3320208502394253
1325786400,-0.24952152683638257
1325808000,-0.2659904646415641
1325829600,-0.28788272407236365
1325851200,-0.1579223473038396
1325872800,-0.27713489431758465
1325894400,-0.2533776088311816
1325916000,-0.2813957493137703
1325937600,-0.3073927462277142
1325959200,-0.25142745349369044
1325980800,-0.19961502935746225
1326002400,-0.21837940169638503
1326024000,-0.2475880842082707
1326045600,-0.2662217504383889
1326067200,-0.26955723919864266
1326088800,-0.2630307467331446
1326110400,-0.29859151372259224
1326132000,-0.22672838651078142
1326153600,0.5050271146248004
1326175200,-0.2086958362153088
1326196800,-0.22297973206748853
1326218400,-0.1723071120860655
1326240000,-0.14998066532291707
1326261600,1.168003407534352
1326283200,0.5714543950788666
1326304800,1.2211015606634186
1326326400,-0.15454445882450235
1326348000,-0.21835326694439072
1326369600,1.1971973172490507
1326391200,-0.1730982744523307
1326412800,0.5834530816912398
1326434400,-0.2969132220265038
1326456000,-0.16753518397524672
1326477600,-0.2417409963777928
1326499200,-0.2232223050968965
1326520800,-0.19286778800224968
1326542400,-0.2294389223802972
1326564000,0.5081348786099945
1326585600,-0.14832017388835458
1326607200,-0.17356444356753165
1326628800,-0.24020517893754928
1326650400,-0.1981254439478024
1326672000,0.48477638544340096
1326693600,-0.20558090931622136
1326715200,-0.2602094047329258
1326736800,-0.235217347687387
1326758400,-0.20984463104335094
1326780000,-0.333856750656254
1326801600,-0.20228479375299552
1326823200,-0.05285349784193788
1326844800,-0.2798064715040085
1326866400,-0.11088687995168607
1326888000,-0.18116258935766724
1326909600,0.5294529658602648
1326931200,0.08503385449736316
1326952800,-0.24817518735935493
1326974400,-0.13101910404977343
1326996000,1.1499234735802295
1327017600,-0.190379417211325
1327039200,1.1570193917759177
1327060800,-0.30885057934020427
1327082400,-0.17583374369979293
1327104000,-0.22445087324447283
1327125600,-0.25625404853538913
1327147200,-0.10963078183798883
1327168800,-0.26859532123740165
1327190400,-0.20690310645367965
1327212000,0.5063372315357164
1327233600,-0.23234803287117697
1327255200,-0.2832495709254344
1327276800,-0.25370653312103747
1327298400,-0.21911360692783724
1327320000,0.5532987821097924
1327341600,-0.24793422870388548
1327363200,-0.29462560588642445
1327384800,0.5190349785440848
1327406400,-0.2744116111184972
1327428000,-0.24238099652170714
1327449600,-0.1705642171429573
1327471200,-0.21069254767802997
1327492800,0.5098128490621009
1327514400,0.5633723732459865
1327536000,-0.21750544641110817
1327557600,-0.22866050506590238
1327579200,-0.22574246014774502
1327600800,1.1811557385460314
1327622400,0.5744248410414192
1327644000,-0.21902996758179033
1327665600,1.156604572983198
1327687200,-0.17681309202330792
1327708800,0.5650234601710552
1327730400,-0.2646604988092103
1327752000,-0.17216305442221191
1327773600,-0.2763614282277396
1327795200,-0.24215709251376927
1327816800,0.523903612900357
1327838400,-0.25573513871747217
1327860000,-0.3011010771673488
1327881600,-0.20159777105856588
1327903200,-0.21941505551710838
1327924800,0.507560456107315
1327946400,-0.25628175544242876
1327968000,-0.3150550535252955
1327989600,-0.2531120964224777
1328011200,-0.2951953087353537
1328032800,-0.24431919193809185
1328054400,-0.2753334941425603
1328076000,0.4689887639038338
1328097600,-0.23694337231024998
1328119200,-0.23617549209387592
1328140800,-0.2551302439127926
1328162400,-0.28070589042825644
1328184000,-0.17417942361941974
1328205600,-0.24010534475537856
1328227200,-0.1998663408867039
1328248800,-0.22046259183925862
1328270400,-0.13688627963958439
1328292000,1.197148042644615
1328313600,-0.11126754281428715
1328335200,1.2215986366813096
1328356800,-0.2209763564166525
1328378400,-0.1702457889640424
1328400000,1.1974832708370362
1328421600,-0.21150274539524413
1328443200,0.6026084684065345
1328464800,-0.2346585157588076
1328486400,-0.20166574490297628
1328508000,-0.18336146114685778
1328529600,-0.22364271901462962
1328551200,-0.24642339062640778
1328572800,0.565818090491974
1328594400,-0.23444606235998147
1328616000,-0.1911847925692974
1328637600,-0.24949140951113088
1328659200,-0.2947815911715788
1328680800,-0.23035486264436666
1328702400,-0.32389940634338354
1328724000,0.5381513661136997
1328745600,-0.25814592583821594
1328767200,-0.20786371834737288
1328788800,-0.2499192176609582
1328810400,-0.22563819630612195
1328832000,-0.21614274599959474
1328853600,-0.23589628256540848
1328875200,-0.2174597465767509
1328896800,-0.22846301506457453
1328918400,-0.15808020887457574
1328940000,0.49262087503012475
1328961600,-0.2176573737856407
1328983200,-0.21608186424855091
1329004800,1.1472011560544964
1329026400,-0.26320059338880075
1329048000,-0.1846394473699311
1329069600,1.0796724483225262
1329091200,1.1224424596736904
1329112800,-0.25858001536445724
1329134400,0.5207674319915421
1329156000,-0.3061043555479903
1329177600,-0.1523745635096749
1329199200,-0.25480225898959513
1329220800,0.5134426723007497
1329242400,-0.21705159515534292
1329264000,-0.1785797439546491
1329285600,-0.25699668936004394
1329307200,-0.27653780055593613
1329328800,0.5176204277020089
1329350400,-0.2519371507523644
1329372000,-0.33639606283728485
1329393600,-0.19254186593825257
1329415200,-0.21167733572915562
1329436800,-0.23900910106316256
1329458400,-0.28040595666579626
1329480000,-0.10431882059013761
1329501600,-0.1885529954057021
1329523200,-0.21539714788113085
1329544800,-0.3101775076866033
1329566400,-0.1833435101515299
1329588000,1.1152966227519885
1329609600,0.5571431758261675
1329631200,-0.2629402461172658
1329652800,1.0217646992363534
1329674400,-0.24658316103047045
1329696000,1.1048372535610536
1329717600,0.48644112252021887
1329739200,-0.18570925408333522
1329760800,-0.20532374351403357
1329782400,-0.15440465714910112
1329804000,-0.18664621851287747
1329825600,-0.20304017885387993
1329847200,-0.24069298821745716
1329868800,-0.19389930851901874
1329890400,0.5638453634351723
1329912000,-0.19608309813339464
1329933600,-0.2830049910569228
1329955200,-0.27514919780370883
1329976800,-0.25541943924084615
1329998400,-0.2766189366750576
1330020000,-0.2465402297391071
1330041600,0.5102075352976883
1330063200,-0.23775648198578175
1330084800,-0.24294976715628208
1330106400,-0.19696061456934938
1330128000,0.5549984280464475
1330149600,-0.23635034389243736
1330171200,-0.23182596770230532
1330192800,-0.20070710119715174
1330214400,-0.21602934490316444
1330236000,1.0899629839274303
1330257600,-0.2065423197559281
1330279200,1.1815237545867001
1330300800,-0.1734271033609311
1330322400,-0.2772500994070415
1330344000,-0.14239781025371598
1330365600,0.5424965269178598
1330387200,-0.19266537514594986
1330408800,-0.2143546173683095
1330430400,-0.2145367651997817
1330452000,-0.2653389568631248
1330473600,-0.13914206857289454
1330495200,0.5702416837667269
1330516800,-0.2330706030055947
1330538400,-0.24727880340753736
1330560000,-0.2788514220789366
1330581600,-0.19259748702475898
1330603200,0.5191763647465271
1330624800,-0.2227873662728086
1330646400,-0.2728316398761694
1330668000,-0.2733507418757948
1330689600,-0.13098153518411304
1330711200,-0.1733142189224104
1330732800,0.5268582875299913
1330754400,-0.255128069478001
1330776000,-0.1812128586899439
1330797600,-0.24897783599585172
1330819200,-0.19330137580349413
1330840800,0.5338748094375624
1330862400,-0.16596925393514209
1330884000,-0.07061795448748565
1330905600,-0.16892549218926778
1330927200,-0.17939909715410493
1330948800,1.108402310343981
1330970400,-0.14624443569266427
1330992000,-0.14786713161506526
1331013600,1.1354057403939033
1331035200,-0.16379855776099866
1331056800,0.5386147155886245
1331078400,-0.16750595429023596
1331100000,-0.2507199330307781
1331121600,-0.19011274754307123
1331143200,-0.21977626897628524
1331164800,0.5697239391635679
1331186400,-0.21343552761461124
1331208000,-0.14253905697642127
1331229600,-0.23315783150534844
1331251200,-0.20889170422825204
1331272800,0.5316736784395131
1331294400,-0.31071719084885774
1331316000,-0.20473501596496269
1331337600,0.10490803045086089
1331359200,-0.19702181134472158
1331380800,0.5265089290361343
1331402400,-0.1804371347429334
1331424000,-0.16382042454684204
1331445600,-0.20905135264609304
1331467200,-0.21952706945177852
1331488800,-0.18129472294327872
1331510400,-0.2010929390301569
1331532000,-0.22435878721953345
1331553600,-0.2116914856554106
1331575200,1.1738241073292506
1331596800,-0.20157057808722062
1331618400,-0.20026110861753144
1331640000,1.1892103363355584
1331661600,-0.22607455194709783
1331683200,0.5617135911530297
1331704800,-0.21835482523524694
1331726400,-0.23371666022075832
1331748000,-0.3133921829389298
1331769600,-0.17504261743079674
1331791200,0.5400439346077641
1331812800,-0.27475537331416716
1331834400,-0.2363419176504608
1331856000,-0.29265659967720153
1331877600,-0.20502339325729013
1331899200,0.4926950631040621
1331920800,-0.2154113837052136
1331942400,-0.22550294272972454
1331964000,-0.318743312401575
1331985600,-0.20120116031693883
1332007200,0.5547234394831625
1332028800,-0.24661946826193062
1332050400,-0.25806505884808706
1332072000,-0.18171285564799014
1332093600,-0.211893984390443
1332115200,-0.20472518200292736
1332136800,0.5243601208021217
1332158400,-0.19132022252979675
1332180000,-0.2085359003246394
1332201600,-0.1593822598626633
1332223200,-0.18784015785261565
1332244800,1.0924215723105795
1332266400,-0.18894846755859043
1332288000,-0.18330386301676735
1332309600,1.1548021291465316
1332331200,-0.10027404977351434
1332352800,1.145630472723642
1332374400,-0.18796559140731234
1332396000,0.5194279194863965
1332417600,-0.24252840940460968
1332439200,-0.2900664050221645
1332460800,-0.24462153135350087
1332482400,-0.2485792384931386
1332504000,-0.23853547179898346
1332525600,0.4730916049397087
1332547200,-0.3089629742850139
1332568800,-0.28125536886432057
1332590400,-0.3064255861596607
1332612000,-0.2599566782454996
1332633600,-0.3040063792448253
1332655200,0.5280636130042115
1332676800,-0.2896083713339453
1332698400,-0.24101994572846655
1332720000,-0.25964018003653233
1332741600,-0.28181590972252474
1332763200,0.4927679948606241
1332784800,-0.24832849633875623
1332806400,-0.22927631067502402
1332828000,-0.28145380715874607
1332849600,-0.2902758256712985
1332871200,-0.21889623577060124
1332892800,0.521935567714503
1332914400,-0.30178472657531397
1332936000,-0.2212186937199557
1332957600,-0.2939561388868094
1332979200,1.1227745428687228
1333000800,0.5252633902636539
1333022400,-0.2810298043910616
1333044000,1.0672952350935618
1333065600,-0.1760832430722595
1333087200,1.106946078018056
1333108800,0.4809798636830385
1333130400,-0.22261459646877188
1333152000,-0.17477902419957625
1333173600,-0.2620027103665859
1333195200,-0.2417898636482417
1333216800,-0.2942517963075925
1333238400,-0.04945677897644722
1333260000,-0.32222977973514977
1333281600,-0.04415414649863086
1333303200,-0.25713526088247085
1333324800,0.4723413397027553
1333346400,-0.3147073972042084
1333368000,0.04187068569937737
1333389600,-0.280574025336407
1333411200,-0.295956944415948
1333432800,0.47243496073680546
1333454400,-0.08792864088855779
1333476000,-0.2906088564896644
1333497600,0.09361891501721117
1333519200,-0.2841789149348524
1333540800,-0.2592417367732356
1333562400,-0.22688540928677253
1333584000,-0.22099480116028908
1333605600,1.0821192758123488
1333627200,-0.19669558658378125
1333648800,1.0954382881955342
1333670400,-0.2141229636263085
1333692000,-0.2794871253051208
1333713600,1.0999571637807035
1333735200,0.4764893055266262
1333756800,-0.22795380312885746
1333778400,-0.10625764011657006
1333800000,-0.20397608098459652
1333821600,-0.2619338583317654
1333843200,0.49301280183834084
1333864800,-0.2823203980542334
1333886400,-0.2688436256503777
1333908000,-0.21061655374202232
1333929600,-0.26610880672121817
1333951200,0.5442665753365413
1333972800,-0.22851746637847337
1333994400,-0.22600596251527869
1334016000,-0.1960684254609161
1334037600,-0.21081120808468087
1334059200,0.5245565595785886
1334080800,-0.1856808049885906
1334102400,-0.20051789968316103
1334124000,-0.263703535973382
1334145600,-0.20209747541710602
1334167200,-0.2334547733532045
1334188800,-0.2049695156022462
1334210400,-0.29422510663480067
1334232000,-0.15820869193991113
1334253600,-0.25186665597638846
1334275200,1.164513064774145
1334296800,-0.19575944051485056
1334318400,-0.2261521924267867
1334340000,1.1191547566446887
1334361600,-0.11454129359702758
1334383200,1.199308092967782
1334404800,-0.22573261111592915
1334426400,-0.1852007918110583
1334448000,-0.2608745673659495
1334469600,-0.1637709727262503
1334491200,-0.24845345116121037
1334512800,-0.22263530031194118
1334534400,-0.22480258850761176
1334556000,0.5005928871854434
1334577600,-0.20026436053270166
1334599200,-0.19512862177118095
1334620800,-0.21273792779434594
1334642400,-0.24378669841001335
1334664000,0.6042063266428797
1334685600,-0.20379007839796537
1334707200,-0.19244235443980204
1334728800,-0.24442628009453293
1334750400,-0.13420879250650952
1334772000,-0.19258154989070944
1334793600,0.6106229765525085
1334815200,-0.23134271131057907
1334836800,-0.2714581688295966
1334858400,-0.17032854550834245
1334880000,-0.2115729881825605
1334901600,-0.25020823875042564
1334923200,0.5918538125370211
1334944800,-0.23191142285841274
1334966400,-0.1767637229062775
1334988000,-0.23352036399831577
1335009600,-0.22373770882494137
1335031200,1.1133842578990771
1335052800,-0.1880039022850093
1335074400,-0.20135229836056598
1335096000,1.1577673218566187
1335117600,-0.26946373302712157
1335139200,0.48362991807705025
1335160800,-0.26448891372729966
1335182400,-0.2009360467628761
1335204000,-0.25307469118826714
1335225600,-0.27260662682042014
1335247200,0.5358365174636165
1335268800,-0.2936841073270615
1335290400,-0.1168810486852985
1335312000,-0.22708985777138668
1335333600,-0.243169242864094
1335355200,0.5244618646838867
1335376800,-0.22580235515613714
1335398400,-0.08645547562255888
1335420000,0.0401197705334853
1335441600,0.642513177563788
1335463200,-0.08625005175838797
1335484800,-0.22154907602850887
1335506400,-0.23634430736110634
1335528000,-0.1778780681946101
1335549600,-0.2840213460797841
1335571200,0.5493185966813418
1335592800,-0.21982367511078263
1335614400,-0.21258078837155522
1335636000,-0.2612871806006455
1335657600,1.181433712867086
1335679200,0.5195882798781081
1335700800,-0.266622135229332
1335722400,1.103437774882176
1335744000,-0.29106548557692985
1335765600,0.5302415389888866
1335787200,-0.26072062469358603
1335808800,-0.23034221572116143
1335830400,-0.251206837705065
1335852000,-0.2719083459378557
1335873600,0.5202599322805325
1335895200,-0.22875126697904077
1335916800,-0.2586138566780699
1335938400,-0.28692086841865894
1335960000,-0.19859015568937297
1335981600,-0.23392918945211694
1336003200,-0.2530045736659989
1336024800,-0.23879014753810077
1336046400,-0.16730845647036305
1336068000,-0.23951287300398197
1336089600,0.5771456205420659
1336111200,-0.23276141901778732
1336132800,-0.31287914528316885
1336154400,-0.2694561956198029
1336176000,-0.25232508032646406
1336197600,-0.27596469991422
1336219200,-0.20169865263656303
1336240800,-0.24313171727948424
1336262400,-0.2243971430468225
1336284000,1.0807823738884825
1336305600,0.49850137902242914
1336327200,1.0803528605801784
1336348800,-0.20379692903901334
1336370400,-0.20453176992231076
1336392000,1.17340913378734
1336413600,-0.2565255521142625
1336435200,0.5028865236850139
1336456800,-0.2737047507685073
1336478400,-0.30158563031991026
1336500000,-0.25694011034796405
1336521600,-0.2959623080035181
1336543200,-0.25281461894879276
1336564800,-0.2904123444605213
1336586400,-0.22867373598662652
1336608000,-0.26999065038779535
1336629600,-0.28261208260063675
1336651200,-0.30278185122781115
1336672800,-0.2608171378569849
1336694400,0.5102803869636517
1336716000,1.0394182548357482
1336737600,-0.24264399025664884
1336759200,-0.2425495783953779
1336780800,1.1087703295946627
1336802400,-0.3457000401954114
1336824000,0.5325791905071174
1336845600,-0.32260291911345645
1336867200,-0.28600907339585296
1336888800,-0.25964126189112186
1336910400,-0.2857937796846658
1336932000,-0.3228998447960868
1336953600,0.5701526500314578
1336975200,-0.25423246226983437
1336996800,-0.25742588310407366
1337018400,-0.27416994817061285
1337040000,-0.27738843471542723
1337061600,1.1546199113447178
1337083200,-0.2660034871455919
1337104800,-0.2629738918376861
1337126400,1.1079671236184665
1337148000,-0.30729689434729346
1337169600,1.1127489815270215
1337191200,0.5098494443639925
1337212800,-0.26426082744667895
1337234400,-0.27266111880438715
1337256000,-0.22138787023110315
1337277600,0.47690577241505255
1337299200,-0.30608600349968573
1337320800,-0.3204769976458338
1337342400,-0.23366642840330243
1337364000,-0.2757422193239678
1337385600,-0.24643297268274578
1337407200,-0.21006608915980884
1337428800,-0.13920925121587097
1337450400,-0.19423540221350427
1337472000,-0.1952650406845708
1337493600,0.4932919432970323
1337515200,-0.24142399056441302
1337536800,-0.22304403394983008
1337558400,-0.18042548491763882
1337580000,-0.2487345198499169
1337601600,0.5039756767846132
1337623200,-0.3146937657936759
1337644800,-0.19762444720099312
1337666400,-0.2463216731728948
1337688000,-0.26909194895300814
1337709600,1.0790216360155915
1337731200,-0.29761557797664506
1337752800,-0.2923946336728587
1337774400,1.029760864760739
1337796000,-0.22906346076172987
1337817600,0.47383453438354994
1337839200,-0.13884111231841412
1337860800,-0.09242323082738564
1337882400,-0.019483097652462
1337904000,0.5430468751902999
1337925600,0.5231826054666032
1337947200,-0.18126902150865945
1337968800,-0.2269409308274605
1337990400,-0.06307311283095333
1338012000,0.4915536200240046
1338033600,-0.22676160868963183
1338055200,-0.20464297350805977
1338076800,-0.1991392615420743
1338098400,-0.3376010142202744
1338120000,0.5563106839791297
1338141600,-0.24734567060253584
1338163200,-0.22869479543683643
1338184800,-0.2879219141435418
1338206400,-0.25524593674187274
1338228000,-0.2759362728619068
1338249600,-0.1802265856594686
1338271200,-0.24546305593083217
1338292800,-0.30709402468140307
1338314400,1.09888839092574
1338336000,-0.3149425398284475
1338357600,-0.261824635560417
1338379200,1.0732850072880469
1338400800,1.0929193517942304
1338422400,-0.27404936496148286
1338444000,-0.3255792047321665
1338465600,-0.29128776265900425
1338487200,-0.24136976633718102
1338508800,-0.2884780586642479
1338530400,0.45710618516760726
1338552000,-0.2591317015870986
1338573600,-0.2451605900159064
1338595200,-0.2260489167886311
1338616800,-0.16361756561894225
1338638400,-0.2081674257184934
1338660000,-0.23575235529591357
1338681600,-0.1944997736837838
1338703200,-0.23275785744019376
1338724800,-0.3302428897677905
1338746400,1.137659926081017
1338768000,-0.21995042519889957
1338789600,0.5028742635145365
1338811200,0.5662483887671104
1338832800,-0.25181427380013943
1338854400,-0.21000546253084268
1338876000,-0.28647444464068134
1338897600,-0.2757873421678681
1338919200,0.46853601339656564
1338940800,-0.23331861940851575
1338962400,-0.23722084747555164
1338984000,-0.22824463582013962
1339005600,-0.2823286296471884
1339027200,1.0838445102494931
1339048800,0.520139205254565
1339070400,1.0786033923564176
1339092000,-0.24415137509214233
1339113600,-0.3239041695142869
1339135200,1.126573765407017
1339156800,-0.288068771641474
1339178400,-0.2450889888283743
1339200000,-0.25628877671750716
1339221600,-0.30177112022119945
1339243200,-0.27501085963349714
1339264800,-0.265205994523659
1339286400,0.5184094320361634
1339308000,-0.30396201290872804
1339329600,-0.2561523662525875
1339351200,-0.2597610189698923
1339372800,-0.31719924326086135
1339394400,0.4070595555706873
1339416000,-0.23541622482645244
1339437600,-0.29812099100936545
1339459200,-0.29395103545254814
1339480800,-0.2402356844912787
1339502400,0.5053264204479686
1339524000,-0.30719219120409347
1339545600,-0.12371945947965315
1339567200,-0.25725672408462896
1339588800,-0.24741065991565028
1339610400,0.5148442709519113
1339632000,-0.30062929849848147
1339653600,-0.2010002306210087
1339675200,-0.2334356361816803
1339696800,1.1121042504659395
1339718400,-0.22433751688205772
1339740000,1.049270326418311
1339761600,-0.25792808827307767
1339783200,-0.2697427612315514
1339804800,1.0826083889063542
1339826400,-0.3057447125969416
1339848000,-0.22501528105266008
1339869600,-0.24651384885331334
1339891200,-0.28290478037929107
1339912800,0.4779581176625546
1339934400,-0.16027688189598793
1339956000,0.034996454463154664
1339977600,0.17662111623172894
1339999200,0.23187472590259758
1340020800,0.4330770840444047
1340042400,-0.28136100296023914
1340064000,-0.0005697722211186369
1340085600,-0.26983799679034115
1340107200,-0.23757375942086387
1340128800,-0.26425254435540346
1340150400,-0.25681455478712967
1340172000,-0.2966229341773689
1340193600,-0.2707601060475614
1340215200,-0.3365497903983758
1340236800,-0.2015612665373728
1340258400,-0.1848961624180898
1340280000,-0.1990485963623748
1340301600,-0.3318318540936921
1340323200,1.047830270768933
1340344800,0.4836616933530757
1340366400,1.041567064591707
1340388000,-0.25081801423176275
1340409600,1.0705465736401718
1340431200,0.513834420022941
1340452800,-0.2848274024238204
1340474400,-0.23113127469931863
1340496000,-0.28856159143081256
1340517600,-0.20625461671427892
1340539200,-0.2695416183928198
1340560800,0.5156313216269716
1340582400,-0.2840831493812846
1340604000,-0.31207701632701657
1340625600,-0.25488204916688517
1340647200,-0.2288607591959355
1340668800,0.522505071846241
1340690400,-0.2580253254904835
1340712000,-0.2211978652168328
1340733600,-0.31172640041873023
1340755200,-0.2514472156027889
1340776800,-0.25670079327363604
1340798400,0.4958954166132385
1340820000,-0.3334294711674701
1340841600,-0.2138922684104483
1340863200,-0.28340027134717977
1340884800,-0.29342825862383715
1340906400,-0.29690518086186174
1340928000,0.40649299442688025
1340949600,0.49125742392922667
1340971200,-0.2898870768803826
1340992800,-0.14484217313867298
1341014400,1.084732789403146
1341036000,-0.3145799914890044
1341057600,-0.12920223554178123
1341079200,1.1493217609823203
1341100800,-0.23705225107517333
1341122400,1.091810049695595
1341144000,-0.235542467819254
1341165600,-0.2297234800739872
1341187200,0.5185681052193446
1341208800,-0.3059615156553011
1341230400,-0.18050007480926278
1341252000,-0.21172220970050798
1341273600,-0.18343723010656227
1341295200,-0.23392779349812412
1341316800,0.4497056105856858
1341338400,-0.2224964769985296
1341360000,-0.24351847901187842
1341381600,-0.2744364821929747
1341403200,-0.1901642636150441
1341424800,0.48889795964763844
1341446400,-0.09758823806391521
1341468000,-0.3126793363543228
1341489600,-0.24155925929217767
1341511200,-0.3002630844789705
1341532800,0.5308679209785881
1341554400,0.5270891668446045
1341576000,-0.22342471079791687
1341597600,-0.2583148307244925
1341619200,-0.26817641921697455
1341640800,0.4940681941803941
1341662400,-0.20229360239243602
1341684000,-0.23387120223377447
1341705600,-0.26382697392395515
1341727200,-0.2431613980301367
1341748800,1.0935097327668246
1341770400,-0.20561123171504025
1341792000,-0.24756128656410664
1341813600,1.1137614140815992
1341835200,-0.24488197656124236
1341856800,-0.22602908705230143
1341878400,-0.2113499466460319
1341900000,-0.27952165019026587
1341921600,-0.20309549043936193
1341943200,0.5474616124022338
1341964800,-0.1336339328833253
1341986400,-0.32696600550011123
1342008000,-0.22480648385730326
1342029600,0.0895626566608623
1342051200,0.5452640154520428
1342072800,-0.10174066502494378
1342094400,-0.2210352423649276
1342116000,-0.2950122589337356
1342137600,-0.1541379743929629
1342159200,-0.19018293244502416
1342180800,-0.2270631643892211
1342202400,0.06833606758503927
1342224000,-0.137591537250341
1342245600,0.25252507303012184
1342267200,0.5178221714945698
1342288800,-0.19902069518547785
1342310400,-0.2144253068383194
1342332000,-0.2799883045015174
1342353600,1.1697966609154946
1342375200,1.1712308727065175
1342396800,-0.19332665210342884
1342418400,-0.23791842313254713
1342440000,0.5920667013275812
1342461600,-0.24380065708062038
1342483200,-0.1836874211948094
1342504800,-0.17866257036932015
1342526400,-0.11189517057720202
1342548000,0.5663247343450899
1342569600,-0.14279552705047377
1342591200,-0.17901717186479454
1342612800,-0.26811068145885286
1342634400,-0.18262960918143195
1342656000,-0.19769738214701899
1342677600,-0.22319406503970318
1342699200,-0.17491931887763654
1342720800,-0.20142250081133778
1342742400,-0.13192465363556644
1342764000,-0.13252931147680655
1342785600,-0.2137879398374709
1342807200,-0.24068350634278832
1342828800,-0.1768498569966157
1342850400,-0.1935665175266262
1342872000,-0.1743964362298714
1342893600,0.5411821879372317
1342915200,0.5409053452770266
1342936800,-0.20193883747275732
1342958400,-0.2304531241929362
1342980000,-0.12067466474914267
1343001600,-0.2185312780297387
1343023200,-0.15241078731416174
1343044800,1.198406506970465
1343066400,-0.08946851693040023
1343088000,1.2128922720188047
1343109600,-0.19006899863459412
1343131200,-0.23024839467943417
1343152800,-0.15120653776510007
1343174400,0.5995913422363577
1343196000,-0.23650505248503867
1343217600,-0.1773225446005496
1343239200,-0.16110142968347768
1343260800,-0.1732102538367017
1343282400,-0.2790009870771145
1343304000,-0.1507373535571037
1343325600,-0.21998738279862526
1343347200,-0.17394967006101586
1343368800,-0.1762885125076201
1343390400,-0.20108365730506225
1343412000,0.5163844081072068
1343433600,-0.12621673368962175
1343455200,-0.1925424336625149
1343476800,-0.22157053943299956
1343498400,-0.2080314524576534
1343520000,0.49249917810105714
1343541600,-0.19027968149267724
1343563200,-0.23318823491398444
1343584800,-0.19598412035245144
1343606400,-0.21948413197908523
1343628000,0.5053951312652083
1343649600,-0.18327687739611073
1343671200,-0.14649470973175382
1343692800,-0.21881095910265075
1343714400,1.1249245459380748
1343736000,0.5993854683833764
1343757600,1.1703892561211222
1343779200,-0.1911659692519672
1343800800,-0.22431467041403141
1343822400,-0.1663180786067371
1343844000,-0.173364025044012
1343865600,-0.09638616365220688
1343887200,-0.15336715771784518
1343908800,-0.06182379060089871
1343930400,-0.14302529107059908
1343952000,-0.19435995249985125
1343973600,-0.22047825135130453
1343995200,-0.15328980036354517
1344016800,0.550643995355423
1344038400,-0.10459097016270398
1344060000,-0.21799673283362025
1344081600,-0.24793547458937604
1344103200,-0.23842769798477775
1344124800,0.5875351057669249
1344146400,-0.1873873524159974
1344168000,-0.17515233179203565
1344189600,-0.21797286688587997
1344211200,-0.2315589571032702
1344232800,0.5626353981130626
1344254400,-0.24406680437651707
1344276000,-0.21006674782718157
1344297600,-0.21550505958649968
1344319200,1.1927335463774926
1344340800,-0.22164592325514498
1344362400,1.2012018514019343
1344384000,-0.1504949188368625
1344405600,-0.14530736013052592
1344427200,-0.17022148928689232
1344448800,0.6171712631461301
1344470400,-0.14532185186225405
1344492000,-0.2020188100539197
1344513600,-0.23239304416930692
1344535200,-0.1675978200652012
1344556800,-0.1901258501529125
1344578400,-0.2627214018195074
1344600000,-0.15292552411110796
1344621600,-0.2350608046294655
1344643200,-0.17020758089288504
1344664800,0.5661165164040332
1344686400,-0.1798340666717409
1344708000,-0.28256729093729627
1344729600,-0.13469806958490257
1344751200,-0.19393639255886164
1344772800,-0.2057289018504007
1344794400,-0.18855767799505532
1344816000,-0.24589873473619167
1344837600,-0.17125976544862656
1344859200,-0.24062536178645053
1344880800,-0.19415319386811325
1344902400,0.5734338027872652
1344924000,-0.23749946739227085
1344945600,-0.18019087414298945
1344967200,-0.17150046507653896
1344988800,1.178146531565045
1345010400,-0.18965482985125054
1345032000,-0.08624195160285722
1345053600,1.2204624653922131
1345075200,-0.15277593313073873
1345096800,1.1855625606123386
1345118400,-0.13114507355133326
1345140000,0.6053523844785407
1345161600,-0.12319925248525306
1345183200,-0.1685803181696538
1345204800,-0.2828631701722979
1345226400,-0.17229039841955004
1345248000,-0.18369237557756296
1345269600,0.5534361318110798
1345291200,-0.16063496222555373
1345312800,-0.25020122799345146
1345334400,-0.14487556088061798
1345356000,-0.21762759985519553
1345377600,-0.2237147219426644
1345399200,-0.26038598184957606
1345420800,-0.20908910809253314
1345442400,-0.25464165138601913
1345464000,-0.20754885648466379
1345485600,-0.26705022057981087
1345507200,-0.2819085740701505
1345528800,-0.267835872943965
1345550400,-0.283219674695659
1345572000,-0.27002000866576636
1345593600,-0.27508409067597916
1345615200,0.5430800296707993
1345636800,-0.276517693748582
1345658400,-0.1404541681521342
1345680000,-0.14608635617939567
1345701600,-0.22854200884295706
1345723200,1.1342957337657178
1345744800,-0.18882733442113003
1345766400,1.1655748183465753
1345788000,-0.28362964748576275
1345809600,-0.19419329725192297
1345831200,0.5789024307625319
1345852800,-0.1882357976618263
1345874400,-0.25162519546099804
1345896000,-0.17481035225313135
1345917600,0.5260362643168927
1345939200,0.5745115808414779
1345960800,-0.17703456265144762
1345982400,-0.1820980969761891
1346004000,1.1072206988046438
1346025600,0.624805516468534
1346047200,-0.14579656331647284
1346068800,-0.214793957177758
1346090400,-0.2164980759690443
1346112000,-0.3105099695166443
1346133600,0.5637617075436563
1346155200,-0.2739934754460259
1346176800,-0.23739555092955347
1346198400,-0.24556379034184783
1346220000,-0.30201994342475813
1346241600,-0.22948570250764427
1346263200,-0.18302568879406575
1346284800,-0.23754403761391737
1346306400,-0.17401498672540916
1346328000,-0.18124994297358002
1346349600,1.138225293001918
1346371200,0.07054432345375973
1346392800,1.1127272225248743
1346414400,-0.19189640253730328
1346436000,-0.1762697625055281
1346457600,-0.1005611333425795
1346479200,-0.22430388222726008
1346500800,-0.29706996932453167
1346522400,-0.2620159838473741
1346544000,-0.2546422587132225
1346565600,-0.25565157656630577
1346587200,-0.1097570223309435
1346608800,-0.1834315938564307
1346630400,-0.18710553303837946
1346652000,-0.2468327118891077
1346673600,0.5338978047691699
1346695200,-0.22985075309014819
1346716800,-0.2270473780629729
1346738400,-0.13023318596340788
1346760000,-0.1859541601671747
1346781600,0.5183898079520097
1346803200,-0.25371037050655204
1346824800,-0.23702024662613871
1346846400,-0.3027014964164128
1346868000,-0.22170077631901614
1346889600,-0.26852260765797376
1346911200,0.5565553682497193
1346932800,-0.24389583759650948
1346954400,-0.19816769118124672
1346976000,-0.20521617359035427
1346997600,-0.22799125724408364
1347019200,1.14283154299846
1347040800,0.6035757315417416
1347062400,1.2020371479975198
1347084000,-0.21957322770545734
1347105600,-0.2144963726508522
1347127200,1.1574561742951124
1347148800,-0.2359551015031554
1347170400,0.45929392010179176
1347192000,-0.21448697754492993
1347213600,-0.2937766325725231
1347235200,-0.25263794477370455
1347256800,-0.2677386017373153
1347278400,0.4891328915335687
1347300000,-0.35600006387378214
1347321600,-0.2227242032944022
1347343200,-0.2727538979899528
1347364800,-0.3211925168883378
1347386400,-0.2823316780387087
1347408000,0.4101599798610549
1347429600,-0.28438137303438626
1347451200,-0.32690348320496665
1347472800,-0.2665891928444517
1347494400,-0.3649755330441849
1347516000,0.3871026433395558
1347537600,-0.29832367038196017
1347559200,-0.33549017928343283
1347580800,-0.2882858601147946
1347602400,-0.3074727391609158
1347624000,-0.2583344280206383
1347645600,0.4538681409671146
1347667200,-0.2940814331901152
1347688800,-0.32154302702137755
1347710400,-0.2638329831355333
1347732000,1.090756018107205
1347753600,0.5198040534522466
1347775200,1.080636290076979
1347796800,-0.38689895967059174
1347818400,-0.22636512005953474
1347840000,1.0885422424735969
1347861600,0.4648254718903282
1347883200,-0.2215664447977084
1347904800,-0.22093745748903132
1347926400,-0.21708610388619515
1347948000,0.46826708008888746
1347969600,-0.28404958267406283
1347991200,-0.31333107628530105
1348012800,-0.26045716709029776
1348034400,-0.007464439203615395
1348056000,1.1035750196939988
1348077600,-0.293859770705338
1348099200,-0.30244108162428707
1348120800,1.0675682508658637
1348142400,-0.3382025279512862
1348164000,-0.27256499108744553
1348185600,-0.34243872522041996
1348207200,-0.23871867418959192
1348228800,-0.24530652330750743
1348250400,-0.2764415038323629
1348272000,0.502198795040476
1348293600,-0.28930135661436734
1348315200,-0.1250123058338477
1348336800,1.1213270786493086
1348358400,-0.27317370452070283
1348380000,0.44598284621806616
1348401600,1.0958513042727218
1348423200,-0.2408139287427503
1348444800,-0.20875368935358357
1348466400,-0.2808509265167364
1348488000,-0.21679643012841396
1348509600,-0.27738429477928067
1348531200,-0.0642687725107147
1348552800,-0.22460345037705626
1348574400,-0.2318620820849468
1348596000,-0.247628887903478
1348617600,-0.1644003744726544
1348639200,-0.23839607945755342
1348660800,0.49780579079505544
1348682400,-0.2914623659975564
1348704000,-0.29593731447683147
1348725600,-0.18984263576822283
1348747200,-0.2600622722502649
1348768800,-0.19191610794370195
1348790400,-0.2619220853302307
1348812000,0.48994571801209785
1348833600,-0.19679720302874146
1348855200,-0.19808223196472316
1348876800,-0.24034140453186875
1348898400,-0.27587774995387004
1348920000,0.5954432059309908
1348941600,-0.21328466795407947
1348963200,-0.20473188102849088
1348984800,-0.22030971121481532
1349006400,-0.12666868401320983
1349028000,1.2000319537636055
1349049600,0.6648878763745036
1349071200,1.2374679894383778
1349092800,-0.21932133875144136
1349114400,-0.13277545812825847
1349136000,1.2135647353395367
1349157600,-0.17503309768259534
1349179200,-0.1350071424484754
1349200800,-0.1964427362459332
1349222400,-0.12454862855478889
1349244000,-0.2216374176706352
1349265600,-0.22150261936423626
1349287200,-0.2613220183364938
1349308800,0.5933812812751259
1349330400,-0.17766600120169232
1349352000,-0.15519029587325212
1349373600,-0.24883021730421537
1349395200,-0.219311054733814
1349416800,-0.20630253872016455
1349438400,-0.27223736648187513
1349460000,-0.22867467388381565
1349481600,-0.2801452480785783
1349503200,-0.26196356033972146
1349524800,-0.2806242025257309
1349546400,-0.24664264519148146
1349568000,0.5069687618720892
1349589600,-0.2521337222993232
1349611200,-0.28304505690637144
1349632800,-0.24581187628813986
1349654400,-0.26925169813907224
1349676000,-0.3558509622625469
1349697600,-0.25964290678850527
1349719200,-0.21790717980483482
1349740800,-0.18955019704505438
1349762400,-0.27966357346703047
1349784000,1.1616535038266975
1349805600,-0.3094422355685837
1349827200,1.1200841266645631
1349848800,-0.2321136954478327
1349870400,-0.22867453089347595
1349892000,0.45946201719742674
1349913600,-0.16765088603469036
1349935200,-0.2775269311490402
1349956800,-0.24318358115213454
1349978400,-0.23701064233867764
1350000000,-0.29072066435544547
1350021600,-0.20840656064696497
1350043200,-0.2811775981806056
1350064800,1.1058085873466568
1350086400,0.49591564663237303
1350108000,0.44641070618913103
1350129600,1.116404274326409
1350151200,-0.11120197739212465
1350172800,1.089804624898423
1350194400,0.47288044850073896
1350216000,-0.06057735881091484
1350237600,-0.16991109477316474
1350259200,-0.2437192200055236
1350280800,-0.3003086360711664
1350302400,0.5715261474837603
1350324000,-0.2567595849369393
1350345600,-0.19200767760138593
1350367200,-0.2380399974639972
1350388800,-0.38209385535522833
1350410400,1.1000297952818407
1350432000,-0.2852756682666839
1350453600,1.0561475447725017
1350475200,-0.24665503075086023
1350496800,-0.32962006832603696
1350518400,-0.09322776337406687
1350540000,-0.3161285236446858
1350561600,-0.30160593317600176
1350583200,-0.33028885160550386
1350604800,-0.2718533302713549
1350626400,-0.2755406299400684
1350648000,-0.23828828462772708
1350669600,-0.3396409948434095
1350691200,0.41888914381251474
1350712800,-0.31537859624941017
1350734400,-0.35711022448421914
1350756000,-0.27029011643732176
1350777600,-0.30926426325504863
1350799200,-0.2503128805865344
1350820800,-0.3244406505858223
1350842400,0.5309975439241619
1350864000,-0.2490582956431947
1350885600,-0.27106928773459865
1350907200,-0.275154660691513
1350928800,-0.2575422805488916
1350950400,0.5314362997469994
1350972000,-0.31229176686975707
1350993600,-0.24678872975787564
1351015200,1.1289064126120765
1351036800,-0.22646934499040616
1351058400,-0.324494689635857
1351080000,1.1526406922286143
1351101600,-0.2839766744637246
1351123200,1.144378485312878
1351144800,-0.2272427492920735
1351166400,-0.20309106101987182
1351188000,0.4586067868915594
1351209600,-0.21475252029651312
1351231200,-0.2973981602759459
1351252800,-0.3078963913327948
1351274400,-0.29823929880839023
1351296000,-0.36093264929112956
1351317600,0.4811671693795823
1351339200,0.42720121851677273
1351360800,-0.28859745456976355
1351382400,-0.3158346693386907
1351404000,-0.3871386874621553
1351425600,1.0641078591266946
1351447200,0.46765365225544564
1351468800,1.0358335557864378
1351490400,-0.3147988208239575
1351512000,-0.2630550330151701
1351533600,-0.29736690127455784
1351555200,-0.28471903432613815
1351576800,-0.365880680645605
1351598400,0.5187981830003864
1351620000,-0.27904282676833947
1351641600,-0.2830657591536041
1351663200,-0.26427106753105817
1351684800,-0.32494629423623855
1351706400,0.49868168145259395
1351728000,-0.26435693529963533
1351749600,-0.28771965640287556
1351771200,-0.20825460564619377
1351792800,-0.3188865008897256
1351814400,1.122629464750595
1351836000,0.4479340774185292
1351857600,1.0489431899383153
1351879200,-0.35947285727479256
1351900800,-0.34497155722604855
1351922400,1.03694830529205
1351944000,-0.36280205915759034
1351965600,-0.35551343462039253
1351987200,-0.41346813944357924
1352008800,-0.3216801505753387
1352030400,-0.3643416009012069
1352052000,0.4248983546642453
1352073600,-0.3432917369443784
1352095200,-0.23626706545253473
1352116800,-0.2506297247050851
1352138400,-0.23320644908011226
1352160000,0.15603020659075587
1352181600,-0.22257064149830072
1352203200,0.15813292750744856
1352224800,0.07280871484975629
1352246400,-0.28696994124359526
1352268000,-0.14636029249065277
1352289600,-0.20207584463311828
1352311200,-0.28315153599785964
1352332800,-0.20895737962474287
1352354400,0.43133916720824395
1352376000,-0.22990844561323528
1352397600,-0.23628505311682277
1352419200,1.1094869325539944
1352440800,-0.2452091157045738
1352462400,0.5020472339747443
1352484000,1.052901171115832
1352505600,-0.1300489238552623
1352527200,1.1212556191833574
1352548800,0.5012227739697831
1352570400,0.5220855679771996
1352592000,-0.08750672799237215
1352613600,-0.06718087296826869
1352635200,0.4958234902357064
1352656800,-0.26350371980128157
1352678400,-0.2433498106351077
1352700000,-0.2623754880784183
1352721600,-0.21114840655558428
1352743200,-0.18959755453205737
1352764800,-0.2528401014691812
1352786400,-0.2438959324796837
1352808000,-0.1802213388712576
1352829600,-0.18369464486650433
1352851200,-0.19814551233689187
1352872800,-0.30620471442012015
1352894400,-0.21364643230100172
1352916000,-0.25844174114205376
1352937600,-0.20265767434802473
1352959200,-0.24951681583082783
1352980800,-0.38394462181103894
1353002400,-0.2582263082685857
1353024000,-0.26774083648612246
1353045600,-0.30312823116910015
1353067200,-0.21416348888826256
1353088800,-0.24684381372372693
1353110400,1.1425712810224327
1353132000,-0.25171853356434076
1353153600,1.1033526669231701
1353175200,-0.2720619270019642
1353196800,-0.19057928904902097
1353218400,-0.24037876650083115
1353240000,-0.19043764722883602
1353261600,-0.2331823265263506
1353283200,-0.26986175624032976
1353304800,-0.2740597750027165
1353326400,-0.2932446395288389
1353348000,-0.2374542871425783
1353369600,0.49220131770753284
1353391200,-0.2316931760116629
1353412800,-0.22567554360752967
1353434400,1.1524424485005966
1353456000,-0.23719442368890808
1353477600,0.508573456153677
1353499200,1.1042810649574815
1353520800,-0.22268483348281967
1353542400,1.1387706556577064
1353564000,-0.2699220012263191
1353585600,-0.2435538393587705
1353607200,-0.2081789046905229
1353628800,0.5283187484100089
1353650400,-0.32476542662624536
1353672000,-0.22795464101440013
1353693600,-0.3089541143815865
1353715200,-0.262994287586884
1353736800,0.5001464733970691
1353758400,-0.2659924907830791
1353780000,-0.29585766989674833
1353801600,1.1838864898127635
1353823200,-0.2615417613758151
1353844800,-0.26388786254170177
1353866400,1.1020268320158395
1353888000,-0.34187923363067646
1353909600,1.102959187444144
1353931200,-0.35660039449806
1353952800,-0.2668158329408076
1353974400,-0.340476357299323
1353996000,-0.3155745891615974
1354017600,-0.22764747488367187
1354039200,-0.17260099502262827
1354060800,-0.25912116351716935
1354082400,0.46292783510280955
1354104000,-0.2293235100417779
1354125600,-0.21918294863188084
1354147200,-0.21387500771783874
1354168800,-0.27544661465707493
1354190400,-0.1652146681067792
1354212000,-0.14532712236646964
1354233600,-0.08656780797828313
1354255200,-0.1703400822665148
1354276800,0.07224477376746033
1354298400,0.5905771217106639
1354320000,-0.20270130101943148
1354341600,-0.2439606200748902
1354363200,-0.1778251653436827
1354384800,0.5594003900985696
1354406400,-0.13100283332499535
1354428000,-0.17914580386785245
1354449600,-0.2097163173846251
1354471200,-0.2591279970615847
1354492800,1.181378598113377
1354514400,-0.18704047772975893
1354536000,1.1847986218367814
1354557600,-0.18012489506960438
1354579200,-0.2725017095152164
1354600800,0.5446330033695178
1354622400,-0.2518721621586007
1354644000,-0.1954931961667008
1354665600,-0.21621746847795484
1354687200,-0.17580413528089106
1354708800,-0.12086742273165633
1354730400,-0.15867440776352923
1354752000,-0.17610742372425958
1354773600,-0.1916049553532658
1354795200,-0.2328468224509311
1354816800,-0.14025888467573505
1354838400,-0.17324112844178113
1354860000,-0.22718300306543276
1354881600,0.5530211693785074
1354903200,-0.2204508334886735
1354924800,-0.20917752167253617
1354946400,-0.28059891806271864
1354968000,-0.24122217821826045
1354989600,-0.2657841408587327
1355011200,-0.2290910358830318
1355032800,-0.22549326404310874
1355054400,-0.2420680057218067
1355076000,1.0646236857227225
1355097600,-0.1909012720271787
1355119200,-0.22677494371256934
1355140800,1.1103180854799968
1355162400,-0.19863639844185701
1355184000,1.0818722222091421
1355205600,-0.22939092434364328
1355227200,0.4988446156223414
1355248800,-0.1922466541720995
1355270400,-0.19712816461293453
1355292000,-0.26941886185795433
1355313600,-0.26064617035895277
1355335200,-0.21394084521114598
1355356800,-0.24829604837449618
1355378400,-0.2891745772918547
1355400000,-0.14842877519730147
1355421600,-0.23153873457190707
1355443200,-0.23147177081573359
1355464800,1.1109321968785377
1355486400,-0.16019844511762776
1355508000,-0.21016589442384911
1355529600,1.1902501511293888
1355551200,-0.18696555491188474
1355572800,1.0698294166106934
1355594400,0.5613093387914119
1355616000,-0.20960122875945536
1355637600,-0.19542317558239214
1355659200,-0.18254325568446156
1355680800,-0.25439650791668267
1355702400,-0.20509978608316032
1355724000,0.5123102449990478
1355745600,-0.25015699187211604
1355767200,-0.2939858375474666
1355788800,-0.20293958121670502
1355810400,-0.19205144714810146
1355832000,-0.18115002201365774
1355853600,1.1370303370518522
1355875200,-0.22646179242318443
1355896800,-0.2378155713716717
1355918400,1.1016259704373559
1355940000,-0.22126684279683778
1355961600,-0.27584090266176187
1355983200,-0.20340241341778942
1356004800,-0.25857353630965074
1356026400,-0.24478348809101222
1356048000,-0.2174808766046034
1356069600,-0.24409350055015075
1356091200,-0.30239667008096843
1356112800,-0.18378798495909118
1356134400,-0.019303075715700585
1356156000,-0.24964133439946984
1356177600,-0.2505317753121484
1356199200,0.16754869765306568
1356220800,-0.1542848010408311
1356242400,-0.2351685326488399
1356264000,-0.1423789391027325
1356285600,-0.23356977009600835
1356307200,-0.21245195913229223
1356328800,0.5836050061269182
1356350400,-0.19380331198248563
1356372000,-0.24299306896006112
1356393600,-0.1195013580983047
1356415200,-0.17672511970080207
1356436800,-0.21376465306555867
1356458400,-0.23307411265827893
1356480000,1.0700415091403759
1356501600,-0.2163415784163558
1356523200,-0.2865654233184546
1356544800,1.1319462728806993
1356566400,-0.20109965839881294
1356588000,1.0740828070583888
1356609600,0.5437810863544338
1356631200,-0.25268248169209423
1356652800,0.20654825346960068
1356674400,-0.1296385604542804
1356696000,0.5620039034314608
1356717600,-0.2536956571040121
1356739200,-0.2650858509230296
1356760800,-0.29217416274544955
1356782400,-0.17803175829501133
1356804000,-0.2232205218913317
1356825600,-0.19204712477702512
1356847200,-0.2590110964752506
1356868800,-0.31808889814753394
1356890400,0.5340406907071747
1356912000,-0.29828904705458226
1356933600,-0.2748444989924049
1356955200,-0.2725594817936663
1356976800,-0.215048000749796
1356998400,-0.22686985828629436
1357020000,-0.24136668867773184
1357041600,-0.3191555414043748
1357063200,-0.2490989699319947
1357084800,1.099433921048166
1357106400,0.500283817254589
1357128000,1.1137236295286455
1357149600,-0.2891695596902053
1357171200,-0.31981718585091307
1357192800,1.0717364439967216
1357214400,-0.32447090604124806
1357236000,0.5075789373820649
1357257600,-0.2944870684904384
1357279200,-0.24736179741748798
1357300800,-0.2961982904875983
1357322400,0.5247703093128929
1357344000,-0.196859995337488
1357365600,-0.2533099932230299
1357387200,-0.26872679841007857
1357408800,-0.26424230022065065
1357430400,-0.23100819824380414
1357452000,0.4477299361900378
1357473600,-0.26648139353353767
1357495200,-0.24497829801045526
1357516800,-0.1934507273956026
1357538400,1.0271327453780594
1357560000,0.5350013506731331
1357581600,-0.2732828479536299
1357603200,-0.2599859836808876
1357624800,-0.28017881763650315
1357646400,-0.2906677650587893
1357668000,-0.3345662242319787
1357689600,-0.2134991233068065
1357711200,0.4997991745608661
1357732800,-0.26924670820023167
1357754400,-0.20385813088854335
1357776000,-0.3000595979613006
1357797600,-0.2039278983977651
1357819200,1.1067177025116115
1357840800,-0.22537442888991835
1357862400,-0.26562172452822913
1357884000,1.0877749789722369
1357905600,-0.2064633431930883
1357927200,1.1459292235507264
1357948800,0.515122582274332
1357970400,-0.2712195970153619
1357992000,-0.2170077339820746
1358013600,-0.2018054100944462
1358035200,-0.24653970251170976
1358056800,0.5154697629606259
1358078400,-0.17236903540794102
1358100000,-0.19938086259264376
1358121600,-0.10879940376355772
1358143200,-0.18885887712076396
1358164800,-0.29689628131793044
1358186400,-0.22621136293184352
1358208000,0.5718555890693683
1358229600,-0.20444903994358044
1358251200,-0.11805676978067306
1358272800,-0.21066602435604762
1358294400,-0.15045141232183873
1358316000,-0.23093327143815667
1358337600,-0.22405072848753324
1358359200,-0.2609387247244333
1358380800,-0.17728055086188418
1358402400,-0.18482852550458337
1358424000,-0.18929491783603694
1358445600,-0.2566192701060622
1358467200,-0.2508617117473477
1358488800,1.138136408299653
1358510400,-0.2766269884688463
1358532000,-0.21313925885146015
1358553600,1.1295439954833373
1358575200,-0.17895865531239824
1358596800,0.5814071691198764
1358618400,-0.1290179799935579
1358640000,-0.09175890104525486
1358661600,-0.11191552637196753
1358683200,-0.17660288760401832
1358704800,0.6333893667512737
1358726400,-0.1355917652557645
1358748000,-0.20681899786648084
1358769600,-0.10775874460082957
1358791200,0.16453027691561958
1358812800,-0.17958476453874866
1358834400,-0.165118452612523
1358856000,-0.1361133778167088
1358877600,-0.2274203900945845
1358899200,-0.15694198094575681
1358920800,-0.15283263736030958
1358942400,-0.20783063889051623
1358964000,0.5398060803322985
1358985600,-0.051850499694373026
1359007200,-0.1373916175455855
1359028800,-0.16827979664690487
1359050400,-0.18754534193742645
1359072000,1.1114899353036518
1359093600,-0.16186362809303304
1359115200,-0.25525993639812106
1359136800,1.1849621451394772
1359158400,-0.22492237400889548
1359180000,-0.2632758695691946
1359201600,-0.2000357049857554
1359223200,-0.1905188102175061
1359244800,-0.20384187795287037
1359266400,-0.218720628535954
1359288000,-0.20019113241380504
1359309600,0.5537993854856338
1359331200,-0.20980600810005362
1359352800,-0.21486773136880064
1359374400,-0.13359824757440633
1359396000,-0.16177724634921803
1359417600,-0.158148334672629
1359439200,-0.22669050486289408
1359460800,0.48883194877181924
1359482400,-0.2000607479257576
1359504000,-0.2140820575910003
1359525600,-0.2375337124469043
1359547200,-0.18754186010763788
1359568800,0.5275294805196868
1359590400,-0.10644168285780155
1359612000,-0.24290487740085462
1359633600,-0.22627571874907673
1359655200,-0.24985577774815132
1359676800,-0.18921978968090497
1359698400,0.5690681478659211
1359720000,-0.1812413001143401
1359741600,-0.2369822590820944
1359763200,-0.2504546133026936
1359784800,-0.22915419988286867
1359806400,1.100864286732165
1359828000,0.5620133170031124
1359849600,1.1074725241001917
1359871200,-0.22599731178771115
1359892800,-0.26813758817548033
1359914400,1.1444712332989946
1359936000,-0.2504684168582367
1359957600,0.49797580644446643
1359979200,-0.2607541581060731
1360000800,-0.20903944162887936
1360022400,-0.202367057772609
1360044000,0.4662582374274926
1360065600,-0.2825454792656078
1360087200,-0.2175631060788277
1360108800,-0.2276725699293009
1360130400,-0.31745120950009575
1360152000,-0.20556877488316552
1360173600,-0.33972377243772145
1360195200,0.500811747490365
1360216800,-0.2465060262290241
1360238400,-0.2541068465658455
1360260000,-0.3057098847740064
1360281600,-0.22650335269008456
1360303200,-0.24936019436453455
1360324800,-0.20439479297631052
1360346400,-0.2607661415792681
1360368000,-0.34721951960019515
1360389600,0.5246103828997829
1360411200,-0.29787047076576945
1360432800,1.0694383551483295
1360454400,-0.30056996675621295
1360476000,-0.3717956248439456
1360497600,1.097928889160529
1360519200,-0.24836913329193736
1360540800,1.053979260488521
1360562400,-0.23913689319393808
1360584000,0.5303394864683516
1360605600,-0.20553300916893108
1360627200,-0.19641689573990878
1360648800,-0.22997577677613756
1360670400,-0.17859101321220522
1360692000,-0.22070611391842804
1360713600,-0.05306444060853267
1360735200,-0.21281138132197416
1360756800,-0.3137358010361695
1360778400,1.0922292673567926
1360800000,-0.25973524945898996
1360821600,-0.17579959649362423
1360843200,-0.27053597933261564
1360864800,-0.3463695690737935
1360886400,-0.12251852057156405
1360908000,-0.3119151952651348
1360929600,-0.30192712246735937
1360951200,-0.3660083347405453
1360972800,0.4823170745096535
1360994400,-0.29194398996669263
1361016000,-0.2884801419164703
1361037600,-0.3332627683231909
1361059200,1.0329767501118239
1361080800,0.4699063846082605
1361102400,1.040280846183933
1361124000,-0.2695206499083463
1361145600,-0.33175555421220804
1361167200,1.1213423915710095
1361188800,0.5031400077134087
1361210400,-0.19432471267131413
1361232000,-0.17984257136147758
1361253600,-0.17112733841056696
1361275200,-0.23046697889251688
1361296800,-0.22636376457930066
1361318400,0.5622306594490548
1361340000,-0.25932624537132926
1361361600,-0.25059847439741545
1361383200,1.162975717350843
1361404800,0.5514786369975098
1361426400,-0.2998599283234109
1361448000,-0.20815772634625299
1361469600,1.1170866514045903
1361491200,-0.2385985832978976
1361512800,-0.23515494828290015
1361534400,-0.25163683028955464
1361556000,-0.31344561510903046
1361577600,-0.19878950250361857
1361599200,-0.25030103604265985
1361620800,-0.2993745647243156
1361642400,-0.2722468983228219
1361664000,-0.3437770109553923
1361685600,-0.2511954249896271
1361707200,-0.3051278781798821
1361728800,-0.2567480374451401
1361750400,-0.2706805564428511
1361772000,-0.28670096403870776
1361793600,0.5528184551000337
1361815200,-0.21067058572232464
1361836800,-0.22529992407808289
1361858400,-0.23872284351980186
1361880000,-0.17542253343270314
1361901600,0.5646890120012538
1361923200,-0.22466816665522307
1361944800,-0.21723427448913776
1361966400,-0.13440649510701222
1361988000,-0.18946437625742296
1362009600,-0.14798644027158664
1362031200,-0.20595475325932583
1362052800,0.5268514076381339
1362074400,-0.13817188448983977
1362096000,-0.16057823909170515
1362117600,-0.18821372166003345
1362139200,-0.1659397238062198
1362160800,1.1766498327460306
1362182400,-0.17402724776850015
1362204000,1.1412244128795817
1362225600,-0.21489409891554817
1362247200,-0.29627530284609677
1362268800,1.1536434789349672
1362290400,0.5485696416887508
1362312000,-0.1952344848039015
1362333600,-0.2534694170265809
1362355200,-0.2688480114276765
1362376800,-0.16732445926739142
1362398400,-0.2695448666704732
1362420000,-0.23579217382840179
1362441600,-0.26154600319734456
1362463200,-0.12787763342200997
1362484800,-0.0903208685860838
1362506400,0.5518843142745521
1362528000,-0.1344145748240187
1362549600,-0.2743297584173933
1362571200,-0.1793248560204341
1362592800,-0.18646499964534305
1362614400,0.5546769521219183
1362636000,-0.19851185458010162
1362657600,-0.20806187649870317
1362679200,-0.20629327117612148
1362700800,-0.2545260257118719
1362722400,-0.17127380844697737
1362744000,-0.18597834634486643
1362765600,1.0922995549960004
1362787200,-0.160340398654578
1362808800,-0.19470233527920067
1362830400,1.1253488961913711
1362852000,-0.2623083647648757
1362873600,1.1933894937497267
1362895200,-0.25434067660149934
1362916800,0.5259176203603226
1362938400,-0.21561277696932332
1362960000,-0.2766119338466555
1362981600,-0.18934555406379625
1363003200,-0.26998147349506774
1363024800,0.5631705032052762
1363046400,-0.19869163134805523
1363068000,-0.28614563831366996
1363089600,-0.21265961714495946
1363111200,-0.23278707591335504
1363132800,0.5400756751664256
1363154400,-0.2321829156041207
1363176000,-0.17046387592413484
1363197600,-0.24038562410907607
1363219200,-0.19536998521901908
1363240800,-0.20705497383618843
1363262400,-0.11261544898729578
1363284000,-0.15629742998321033
1363305600,-0.16328384015788228
1363327200,-0.1412855479244034
1363348800,0.5161975900151834
1363370400,-0.15514841690944484
1363392000,-0.17614608164391318
1363413600,-0.19230401618912898
1363435200,-0.1571810719843015
1363456800,1.178951661411439
1363478400,-0.11384355436254014
1363500000,1.1796272754045938
1363521600,-0.15653824992992002
1363543200,-0.18124054355184502
1363564800,-0.1368376017389631
1363586400,-0.1881701968104232
1363608000,-0.16436092419420703
1363629600,-0.2352336995952933
1363651200,-0.24725214901467152
1363672800,-0.25059970964366485
1363694400,0.5146547668099033
1363716000,-0.19020353293431505
1363737600,-0.24401854435249198
1363759200,-0.19664977262367206
1363780800,-0.2292353684344381
1363802400,0.6028546486077059
1363824000,-0.18951671358430644
1363845600,-0.23128764534076826
1363867200,-0.24616630058923453
1363888800,-0.21245534393281404
1363910400,-0.23166287321965962
1363932000,-0.315214920574588
1363953600,-0.2503102131998983
1363975200,-0.25262338711752
1363996800,-0.24313994804551375
1364018400,-0.3149892756684385
1364040000,-0.21431608059760396
1364061600,-0.3124914351293438
1364083200,0.5223416376665874
1364104800,-0.2105058685438965
1364126400,-0.2629837616537517
1364148000,1.0801138782489577
1364169600,-0.20365050442929886
1364191200,0.521707793540559
1364212800,1.0850214042687372
1364234400,-0.25594813101618985
1364256000,1.0267760386032072
1364277600,-0.29138296267024016
1364299200,-0.30107655852598636
1364320800,0.48453028404603427
1364342400,-0.28875717959557834
1364364000,-0.33768864365713913
1364385600,-0.26029322109617314
1364407200,0.4955508992073232
1364428800,-0.3130363822972424
1364450400,-0.14719524713126675
1364472000,1.1346256175087566
1364493600,-0.07364484704663025
1364515200,0.5107235696750422
1364536800,0.053682687012228246
1364558400,-0.12421160135492892
1364580000,0.054226708495725605
1364601600,-0.1902407939060322
1364623200,-0.09254136886248467
1364644800,-0.32399156881213564
1364666400,-0.2834321623156816
1364688000,-0.2583769954366874
1364709600,0.4653543542006042
1364731200,-0.2269007718766343
1364752800,-0.2804031644940219
1364774400,-0.2870806867866525
1364796000,1.0347382442882844
1364817600,0.4470554212864488
1364839200,1.012203245516866
1364860800,-0.2843730664018633
1364882400,-0.2876418202374908
1364904000,0.5072333546572413
1364925600,-0.32537487311663826
1364947200,-0.28209982611008855
1364968800,-0.26296881168948016
1364990400,-0.3459962864464821
1365012000,0.5100517458187585
1365033600,-0.2613684496958118
1365055200,-0.24171582119686902
1365076800,-0.2609547865923489
1365098400,-0.1925878881791202
1365120000,-0.20820170030734303
1365141600,-0.21935874030297325
1365163200,-0.22043363746121414
1365184800,-0.16470851723800642
1365206400,-0.2210240301323418
1365228000,-0.24850405664955683
1365249600,-0.23925680615073086
1365271200,-0.1939422678934495
1365292800,0.5664797764291211
1365314400,-0.2639061559436797
1365336000,-0.17061764966480644
1365357600,-0.19831415085308496
1365379200,-0.23997311472655314
1365400800,1.156166005854075
1365422400,0.5500278608745972
1365444000,1.0943187941704504
1365465600,-0.14359837649467594
1365487200,1.1813411682766484
1365508800,-0.18926869384324518
1365530400,-0.1910084341908052
1365552000,-0.2762242755232714
1365573600,-0.1935938102211957
1365595200,-0.2863405281142481
1365616800,-0.21267029921681124
1365638400,-0.2341992130322828
1365660000,-0.2698775769697545
1365681600,-0.20422042465177168
1365703200,-0.20064621784570238
1365724800,-0.26119317515864465
1365746400,-0.20643514343884053
1365768000,0.5917290939491384
1365789600,-0.1841277248329058
1365811200,-0.21170420972438447
1365832800,-0.24282425825601445
1365854400,-0.17613346346063977
1365876000,0.5557963000809757
1365897600,-0.17927639318408056
1365919200,-0.1882329881010837
1365940800,-0.27979746854193843
1365962400,-0.19015663827724733
1365984000,-0.22796309952898092
1366005600,0.5154117803167443
1366027200,-0.20166511301575496
1366048800,-0.22695156875166794
1366070400,-0.16862537101109742
1366092000,1.131848400428908
1366113600,-0.2541308438081521
1366135200,-0.2575120729328177
1366156800,1.1717683319562227
1366178400,-0.20939879314078458
1366200000,1.153164693616299
1366221600,-0.3088258344379041
1366243200,-0.2721142029062396
1366264800,-0.22121753365478303
1366286400,0.4630256615224648
1366308000,-0.24173999141451474
1366329600,-0.21096384448461106
1366351200,-0.2613149851043301
1366372800,-0.24741428687443
1366394400,-0.1991835261845854
1366416000,-0.2128537014658665
1366437600,-0.2457807436994135
1366459200,-0.26430141220885633
1366480800,-0.23129821831358946
1366502400,0.5417432305306782
1366524000,-0.3012924888717458
1366545600,-0.1711595857207677
1366567200,-0.22403470446695165
1366588800,-0.00415960372086735
1366610400,0.44462575065046966
1366632000,-0.09894413158596907
1366653600,-0.1353538682254716
1366675200,0.028920953822680465
1366696800,-0.009194854582909298
1366718400,0.4924854351828385
1366740000,-0.31012861091125155
1366761600,1.1691153589868282
1366783200,-0.13338889010868665
1366804800,1.0759355726205475
1366826400,-0.25981656243953744
1366848000,1.0351055113352892
1366869600,-0.2048525595215523
1366891200,-0.2999689271893927
1366912800,-0.20688641074701403
1366934400,-0.23518726421527153
1366956000,-0.2697113924204109
1366977600,-0.21133460019437655
1366999200,-0.27020725391894784
1367020800,-0.20395485399102362
1367042400,-0.3197112287768832
1367064000,-0.12679677463678127
1367085600,0.517540941829457
1367107200,-0.2716930094017341
1367128800,-0.27509655576456005
1367150400,-0.1882200482525499
1367172000,-0.21778574505477974
1367193600,0.5856751505116135
1367215200,-0.19889837045633518
1367236800,-0.29597458940201726
1367258400,0.5514070617720426
1367280000,-0.25530128677764474
1367301600,-0.22951022678716018
1367323200,-0.16513719316024814
1367344800,1.1165450018010679
1367366400,-0.13172096425583968
1367388000,-0.277015965751464
1367409600,1.1407815820075924
1367431200,-0.20652928224403155
1367452800,1.187147526893159
1367474400,-0.15700354288824636
1367496000,-0.1317240251207929
1367517600,-0.24302419805912415
1367539200,-0.22519735780329994
1367560800,-0.2132989340076747
1367582400,-0.25991281306873487
1367604000,0.5401953041727086
1367625600,-0.25715075001956444
1367647200,-0.20292649599447338
1367668800,-0.23419743704241144
1367690400,-0.22533795867375753
1367712000,-0.18601227361070216
1367733600,-0.21344439759606484
1367755200,-0.21061226786121431
1367776800,-0.1582124566848964
1367798400,-0.12377681885562243
1367820000,-0.28379409090413105
1367841600,-0.20064060624145208
1367863200,0.5902418779450052
1367884800,-0.1868823411375135
1367906400,-0.25939136656489614
1367928000,-0.15515464408946972
1367949600,-0.22980999997437238
1367971200,0.5759189621141484
1367992800,-0.20169608608378073
1368014400,-0.15032513224551325
1368036000,-0.23265624338553553
1368057600,-0.12371855200064519
1368079200,-0.16528917573157276
1368100800,1.1957448953246648
1368122400,-0.16777141067103452
1368144000,-0.26011620027830223
1368165600,1.2188646662740257
1368187200,-0.22000907131691833
1368208800,1.1736645038376083
1368230400,0.5527608588236829
1368252000,-0.2644012203406832
1368273600,-0.19464616133334073
1368295200,-0.20632757174368999
1368316800,-0.23036446590194998
1368338400,-0.24256910964742925
1368360000,-0.21998595701920773
1368381600,-0.21296131153477196
1368403200,-0.24046020132570456
1368424800,-0.23439380995334333
1368446400,-0.15128620364295198
1368468000,-0.20922894495524538
1368489600,-0.17670644282251297
1368511200,-0.21451320415665162
1368532800,-0.32549236284148864
1368554400,-0.21747203745781118
1368576000,-0.27056180296201154
1368597600,0.5021088245071601
1368619200,-0.1612372354643272
1368640800,-0.27632455055621946
1368662400,-0.1603076130284497
1368684000,-0.29143363897186114
1368705600,0.5177985068183363
1368727200,-0.25429866545038987
1368748800,-0.2219174911564522
1368770400,1.1456720211498534
1368792000,-0.23041993597499696
1368813600,-0.2823124492284217
1368835200,1.0869208149693779
1368856800,-0.2765393876551704
1368878400,1.1002397667503374
1368900000,-0.22900423127687017
1368921600,0.5283577083336065
1368943200,-0.19343135634335584
1368964800,-0.1356488000544738
1368986400,0.593770454351567
1369008000,-0.18964855408231535
1369029600,-0.17952223969942702
1369051200,-0.20251774712212417
1369072800,-0.1746398115207242
1369094400,0.5690513232582699
1369116000,-0.30157033984765363
1369137600,0.028580421197735625
1369159200,0.11242539757881362
1369180800,0.08874505617816465
1369202400,0.31468084418299186
1369224000,-0.14979287115194556
1369245600,-0.29584956183162076
1369267200,-0.22674608122122317
1369288800,-0.13004054993665837
1369310400,-0.18423663270242363
1369332000,-0.2798392996722153
1369353600,-0.16259841871329234
1369375200,-0.2400480126358377
1369396800,1.1333544873729604
1369418400,-0.17766633956695463
1369440000,-0.2936360830355803
1369461600,1.1890785055550104
1369483200,-0.22468526340918163
1369504800,-0.21432909623432322
1369526400,-0.23463353605079879
1369548000,-0.2734412640435754
1369569600,-0.23016510552502206
1369591200,-0.19357548139031946
1369612800,-0.23394344963971164
1369634400,0.5112904764708966
1369656000,-0.21091623630489356
1369677600,-0.12578113600737545
1369699200,-0.16322461834383964
1369720800,-0.22718323096095935
1369742400,0.6172172942408602
1369764000,-0.20739311682838094
1369785600,-0.1506439597941035
1369807200,-0.180973500480528
1369828800,-0.26408139755339066
1369850400,-0.21643905265995617
1369872000,-0.19028004345109079
1369893600,0.545425460907189
1369915200,-0.1856320124104252
1369936800,-0.10703633234253071
1369958400,-0.1856257484170885
1369980000,-0.22775790456165448
1370001600,-0.227728459031974
1370023200,-0.25887328046911967
1370044800,-0.19256193923370551
1370066400,-0.16754357187336474
1370088000,-0.18652560729276066
1370109600,-0.2335125493273825
1370131200,1.1411709370882044
1370152800,0.5667618527452452
1370174400,1.1138148351265391
1370196000,-0.22552600416825952
1370217600,-0.2610919652241541
1370239200,1.1501124196590735
1370260800,0.5207170415474467
1370282400,-0.19988237590655072
1370304000,-0.20488305746090488
1370325600,-0.25391736346094973
1370347200,-0.2234637252487062
1370368800,-0.17646011216756685
1370390400,0.5846336365334625
1370412000,-0.2133774388565456
1370433600,-0.17397765051424777
1370455200,-0.16890747398978181
1370476800,0.580006124629156
1370498400,-0.2994319035842731
1370520000,-0.15809719689439022
1370541600,-0.22710360352853914
1370563200,-0.1686145517079324
1370584800,-0.17562114897754952
1370606400,0.5676873006363918
1370628000,-0.25015120025178084
1370649600,-0.1501558354464018
1370671200,-0.23436841227358995
1370692800,-0.23736261830391847
1370714400,0.5396952540438398
1370736000,-0.2679626006102095
1370757600,-0.2330412536548973
1370779200,-0.3319226922496272
1370800800,-0.23525328551807906
1370822400,1.11259666532704
1370844000,-0.29274319229250195
1370865600,1.1357919069341695
1370887200,-0.2539526215377311
1370908800,-0.23000124974178293
1370930400,-0.238111279628495
1370952000,-0.15038121930729872
1370973600,-0.21156075517711995
1370995200,-0.21077685211817923
1371016800,-0.26198914129911904
1371038400,-0.15203838286218505
1371060000,-0.11742107580909211
1371081600,-0.14684158537440561
1371103200,-0.16193809605307277
1371124800,-0.22736208986267675
1371146400,-0.16484459564758483
1371168000,-0.00251197727385823
1371189600,-0.10792506920378715
1371211200,-0.1873974196390648
1371232800,0.06532508692263382
1371254400,-0.1531827885558928
1371276000,-0.24539049793047485
1371297600,0.5648967330448232
1371319200,-0.18946043639094798
1371340800,-0.12956457700239235
1371362400,1.1860235880850014
1371384000,0.6014229380743963
1371405600,1.1450441553392972
1371427200,-0.21700675272089603
1371448800,-0.2112069517024899
1371470400,1.101006206051933
1371492000,-0.2271494345343592
1371513600,-0.2271440714520458
1371535200,-0.15782418133413356
1371556800,-0.2648938635553617
1371578400,-0.16440522223600523
1371600000,0.5551528811175106
1371621600,-0.18462568877803665
1371643200,-0.22984960588494696
1371664800,-0.19488424372212976
1371686400,-0.18144881851874606
1371708000,-0.3067119355102834
1371729600,0.5408744537967553
1371751200,-0.21551343558258143
1371772800,-0.22069363267092185
1371794400,-0.32867562698768577
1371816000,-0.16286661513951395
1371837600,-0.2982315175777375
1371859200,-0.21290140637548055
1371880800,-0.22320812278369787
1371902400,-0.23464543804356494
1371924000,-0.2870998269756615
1371945600,-0.15400184428632196
1371967200,-0.2501263553224958
1371988800,0.5169394613135979
1372010400,-0.2339965509850614
1372032000,-0.2727432415940289
1372053600,-0.15887100787008088
1372075200,-0.24781459072050255
1372096800,1.171363723347411
1372118400,0.5726650716796396
1372140000,1.1198906703843106
1372161600,-0.20426983340435473
1372183200,-0.1972545529861635
1372204800,1.132260542020043
1372226400,-0.26485288931412765
1372248000,0.5871299233724241
1372269600,-0.21903862211222422
1372291200,-0.21154441108432462
1372312800,-0.2391923739574661
1372334400,-0.1522970648151255
1372356000,-0.2019043784970218
1372377600,-0.184775811530277
1372399200,-0.1908656327706241
1372420800,-0.24245720257406048
1372442400,-0.19062106410416818
1372464000,-0.2223696722224936
1372485600,0.5248950126377098
1372507200,-0.2043310784619954
1372528800,-0.24799772022955224
1372550400,-0.20019754166091225
1372572000,-0.2680783115282595
1372593600,-0.26293682136154134
1372615200,0.48064379683992214
1372636800,-0.2349626688076347
1372658400,-0.23490827663820305
1372680000,-0.2350406918685323
1372701600,-0.3130240323731939
1372723200,0.4662911935871905
1372744800,-0.27542877816653605
1372766400,-0.3097909389585516
1372788000,1.1158523704485264
1372809600,-0.30840594637462526
1372831200,0.5389722682413335
1372852800,1.111762934878977
1372874400,-0.19499804792364467
1372896000,-0.09473345293802543
1372917600,-0.23005045493036613
1372939200,-0.2413531050664503
1372960800,-0.19550971673714815
1372982400,-0.23406989600121636
1373004000,-0.26128433715379645
1373025600,0.5478346778781821
1373047200,-0.21407612466894607
1373068800,-0.1964954282841302
1373090400,0.46005226224583123
1373112000,-0.21475175055724163
1373133600,-0.2780959367187596
1373155200,-0.22309438483269825
1373176800,0.5460020782285311
1373198400,0.0025905133569987093
1373220000,0.013475906123353795
1373241600,-0.19074641561795633
1373263200,0.02714723118945553
1373284800,0.5379084786307036
1373306400,-0.2317806172253396
1373328000,-0.29923761714450664
1373349600,-0.2207020157545576
1373371200,1.0784754734159676
1373392800,-0.1119402905783513
1373414400,1.0852954459002628
1373436000,-0.30652232231144383
1373457600,-0.22144161416379388
1373479200,0.04447607476574176
1373500800,-0.2673100568790622
1373522400,-0.15610704073508522
1373544000,-0.13254552280220763
1373565600,0.518135280430141
1373587200,-0.22005043904072502
1373608800,-0.3003069898031035
1373630400,-0.125397935954241
1373652000,-0.1898407805598046
1373673600,-0.2262762942972565
1373695200,0.5382711052377531
1373716800,-0.300859285330099
1373738400,-0.2014868963899626
1373760000,-0.2218344506067971
1373781600,-0.2983083851975371
1373803200,-0.19329446398342273
1373824800,-0.2871808604722778
1373846400,-0.19208457457910572
1373868000,-0.26796209108619695
1373889600,-0.25965285050439463
1373911200,-0.28889296256021957
1373932800,-0.24306473362472028
1373954400,0.5586879010786916
1373976000,-0.20104249670091598
1373997600,1.101176524767412
1374019200,-0.2919035533483989
1374040800,0.533604680480141
1374062400,1.1043112843773035
1374084000,-0.19818728037528777
1374105600,1.12290781892506
1374127200,-0.18694081204019236
1374148800,-0.21241189799614835
1374170400,0.5815180784004162
1374192000,-0.19698891470611107
1374213600,-0.22893821979685483
1374235200,-0.26078543488066513
1374256800,-0.18018083693205278
1374278400,-0.2022842256385866
1374300000,0.48959220900124545
1374321600,-0.2262258039559747
1374343200,-0.20312951974442695
1374364800,-0.2071067228716525
1374386400,-0.28611015501646103
1374408000,0.5787743007345023
1374429600,-0.25698972450062224
1374451200,-0.25054864169198404
1374472800,-0.2104285433883421
1374494400,-0.2273367996820162
1374516000,0.4700066238931784
1374537600,-0.1645670985868404
1374559200,-0.23633364091175196
1374580800,-0.26336373841650207
1374602400,-0.24615331686107042
1374624000,-0.3033797211754725
1374645600,0.5638695392114502
1374667200,-0.2561020676000897
1374688800,-0.19147878303639929
1374710400,-0.18045466471054067
1374732000,-0.2675131974832432
1374753600,1.1821335237470507
1374775200,-0.1750070709354828
1374796800,-0.23563237534832931
1374818400,1.1247920314000357
1374840000,-0.167942811029621
1374861600,0.5686230548285856
1374883200,-0.200662911222414
1374904800,-0.19243320180844545
1374926400,-0.1549461963094571
1374948000,0.5754785482642659
1374969600,-0.13020339651456558
1374991200,-0.187516502524188
1375012800,-0.2731790453014089
1375034400,-0.21359654685171628
1375056000,-0.08251983104471654
1375077600,-0.19541007643507446
1375099200,-0.1034327785532545
1375120800,-0.20054284898721172
1375142400,0.6121123119780474
1375164000,-0.15446997048616934
1375185600,-0.14889186699029164
1375207200,-0.2638061383908632
1375228800,-0.16224509640401427
1375250400,-0.14870966772571256
1375272000,-0.17580862395458385
1375293600,-0.08732595362629217
1375315200,-0.264773700146336
1375336800,-0.225350953856634
1375358400,1.0774005283849462
1375380000,-0.24700518445626685
1375401600,-0.2996353499904445
1375423200,1.1487958645647083
1375444800,0.519131884813773
1375466400,-0.16742178488419104
1375488000,-0.2046323869274283
1375509600,-0.21864243169707678
1375531200,0.5505480542616364
1375552800,-0.16865669079252274
1375574400,-0.21805728738857416
1375596000,-0.24136810726274044
1375617600,-0.1843148863165205
1375639200,-0.21013676324630212
1375660800,0.5765321649146173
1375682400,-0.264460912314302
1375704000,-0.16586496312593693
1375725600,-0.2413640738033059
1375747200,-0.20337163587404458
1375768800,-0.2061696923346058
1375790400,-0.1970108434643048
1375812000,-0.2727341645146033
1375833600,-0.10765250935031673
1375855200,0.5894531521669328
1375876800,-0.20685259316169308
1375898400,-0.19513095432799976
1375920000,-0.26055762508670194
1375941600,1.198845897014616
1375963200,1.1395995351586585
1375984800,-0.19307672271019294
1376006400,-0.1912852354668177
1376028000,1.1261853173908594
1376049600,-0.1839074205530372
1376071200,-0.169402339690561
1376092800,-0.206086533861052
1376114400,0.5647074060319645
1376136000,-0.16343219628313824
1376157600,-0.1822850964217725
1376179200,-0.1784244730499762
1376200800,-0.23063472065607638
1376222400,0.6392195783567902
1376244000,-0.19750069275811938
1376265600,-0.13501774319005272
1376287200,-0.17835551201506866
1376308800,-0.2581336650504139
1376330400,-0.1677197305537155
1376352000,-0.18583621665592248
1376373600,-0.23926739320992868
1376395200,-0.16484953221891763
1376416800,-0.21208353893547222
1376438400,-0.15914287532303745
1376460000,-0.2513074981610778
1376481600,-0.2111565474387979
1376503200,-0.22094279121843166
1376524800,-0.1442607659943922
1376546400,-0.15015887484680285
1376568000,-0.20072643749624958
1376589600,-0.20377667049638562
1376611200,-0.20002126102379678
1376632800,-0.175228823629588
1376654400,-0.23169904489975954
1376676000,1.1954891715493616
1376697600,-0.24955394162489253
1376719200,-0.18958019545435384
1376740800,1.1568009024067745
1376762400,-0.18486537010479956
1376784000,1.2064620632101697
1376805600,0.5828284970950045
1376827200,-0.1780207176876237
1376848800,-0.12425760188598498
1376870400,-0.13028485145640872
1376892000,-0.19614910490337673
1376913600,-0.15171826468223573
1376935200,-0.16914145530940788
1376956800,-0.1397327595179378
1376978400,-0.19618555454982417
1377000000,-0.08888623423004133
1377021600,0.5464616866496981
1377043200,-0.1719265229941711
1377064800,-0.18189863408233814
1377086400,-0.1969373714850129
1377108000,-0.2719368792264585
1377129600,-0.04330795341732971
1377151200,-0.16106609943209343
1377172800,-0.19230742508909604
1377194400,-0.15621332253559284
1377216000,0.5138620843658833
1377237600,-0.15234014618256453
1377259200,-0.22284221546588953
1377280800,-0.20033525981645647
1377302400,1.1606181903801704
1377324000,0.5139628937995926
1377345600,1.1836751209093608
1377367200,-0.1740092476848887
1377388800,-0.20989879769808234
1377410400,-0.23655683522334833
1377432000,-0.1301438480634757
1377453600,-0.19517974801598847
1377475200,-0.123118127742433
1377496800,-0.19457717744722272
1377518400,-0.09979613381157895
1377540000,-0.04608900780518588
1377561600,0.24587973411324476
1377583200,-0.1880291687189919
1377604800,-0.22839425582942421
1377626400,0.6180129206795433
1377648000,-0.16191427129680064
1377669600,-0.18130624285863783
1377691200,-0.14924870650361347
1377712800,-0.14758431222913926
1377734400,-0.09077161232119567
1377756000,-0.13609805769069755
1377777600,-0.15441687824667985
1377799200,-0.19791320468933843
1377820800,-0.18146220390171913
1377842400,-0.15085539594084654
1377864000,-0.14590237431595007
1377885600,-0.2008306357801303
1377907200,-0.20880467598282146
1377928800,-0.20983012501119436
1377950400,-0.19951743692253235
1377972000,1.2367525334710021
1377993600,-0.14086218729661396
1378015200,-0.12884573755676315
1378036800,1.215656952616631
1378058400,-0.10967658582138695
1378080000,1.2236367519082483
1378101600,-0.1674335891563026
1378123200,-0.1875199553561895
1378144800,-0.09153293142377084
1378166400,-0.1522703951910922
1378188000,-0.25805055560384715
1378209600,-0.16572266454582593
1378231200,-0.16936594866209784
1378252800,-0.1591726347138806
1378274400,-0.2652676722503714
1378296000,-0.12918847082100696
1378317600,-0.21655044104222748
1378339200,-0.17344411933175266
1378360800,-0.16933931363192384
1378382400,-0.18229419077358244
1378404000,-0.24330319304813766
1378425600,-0.12982998944782628
1378447200,0.5897041929121535
1378468800,-0.2113394010102374
1378490400,-0.2036423262071272
1378512000,-0.26205966903394573
1378533600,-0.16532264996166604
1378555200,-0.21588012848005417
1378576800,-0.23082385280417372
1378598400,-0.16612748582374032
1378620000,-0.23910733732125666
1378641600,-0.1376374049468351
1378663200,1.1933066380015744
1378684800,0.5685931267794362
1378706400,1.1513748065703693
1378728000,-0.14446384600759699
1378749600,-0.1644175103991103
1378771200,1.1962947974023566
1378792800,-0.17786709993679578
1378814400,0.65355363219495
1378836000,-0.1592412262698975
1378857600,-0.14969526317345594
1378879200,-0.1423913535108043
1378900800,-0.2227053813614545
1378922400,-0.1305652677248725
1378944000,-0.16625869400514945
1378965600,-0.23497258899368176
1378987200,-0.125801669316692
1379008800,-0.18648343605179074
1379030400,0.611803545174487
1379052000,-0.21208339559880018
1379073600,-0.21150574586525497
1379095200,-0.23372568192580145
1379116800,-0.159800418308669
1379138400,-0.17392288994152058
1379160000,-0.1732669168941247
1379181600,-0.14431080906047328
1379203200,-0.20441441106185018
1379224800,0.5479244249182932
1379246400,-0.2900200672490696
1379268000,-0.19052067717187926
1379289600,-0.21840269794221007
1379311200,-0.18386877811882518
1379332800,1.146373051906442
1379354400,-0.11197945583184277
1379376000,-0.21295516644252052
1379397600,1.1568124186699595
1379419200,-0.21094387897946215
1379440800,-0.20070259505663754
1379462400,-0.1882721424438567
1379484000,-0.25010787075224994
1379505600,-0.2093305299402825
1379527200,-0.17173329914319796
1379548800,0.0035015683208102083
1379570400,-0.23329549232134603
1379592000,0.12073306970253012
1379613600,-0.2712032107320243
1379635200,0.5649045589435282
1379656800,-0.1856544009668217
1379678400,-0.2327783536038257
1379700000,-0.2276252403972406
1379721600,-0.09286776479651529
1379743200,-0.14631455309834202
1379764800,-0.21030917843745855
1379786400,-0.20489917996148319
1379808000,-0.26826655611525513
1379829600,-0.19715067868265862
1379851200,0.5233052686589704
1379872800,-0.21241904901268305
1379894400,-0.2315509667239482
1379916000,-0.26803786104932353
1379937600,-0.18551493007553668
1379959200,1.16958822816505
1379980800,0.5500519132326698
1380002400,1.1449404874492621
1380024000,-0.15572036711287848
1380045600,-0.17070791904744412
1380067200,1.212648177494803
1380088800,0.5741936975228126
1380110400,-0.12757274562409693
1380132000,-0.20325432437528426
1380153600,-0.14629714896015
1380175200,-0.192845884271715
1380196800,-0.25840736938657227
1380218400,0.5632546637756118
1380240000,-0.22909291788008967
1380261600,-0.25340889872053424
1380283200,-0.18637404310500577
1380304800,-0.23351368101467665
1380326400,-0.15096473657493686
1380348000,-0.255553816269785
1380369600,-0.26043956449333877
1380391200,-0.2761899669145626
1380412800,-0.21284156722301512
1380434400,-0.207474237627715
1380456000,-0.08842133393237608
1380477600,-0.2580336296162442
1380499200,0.5080986621537652
1380520800,-0.224971824980462
1380542400,-0.2688764557148889
1380564000,-0.23927585275133464
1380585600,-0.23068027164493207
1380607200,0.5799402369625767
1380628800,-0.19777400243166418
1380650400,-0.13536045007011355
1380672000,-0.17802511363349283
1380693600,-0.16598199717516388
1380715200,-0.14996896177641406
1380736800,1.233980597477331
1380758400,-0.14038791624876285
1380780000,-0.26636548739788524
1380801600,1.1837924507602797
1380823200,-0.14755229835981984
1380844800,1.1608020282206244
1380866400,-0.27152282399964034
1380888000,-0.15759151612356728
1380909600,-0.21228680001195488
1380931200,-0.23566995280873512
1380952800,-0.17823299228614345
1380974400,0.5519933512009696
1380996000,-0.24025951692579503
1381017600,-0.1254759298775762
1381039200,-0.20098211463254045
1381060800,-0.24362177640330993
1381082400,-0.2663031091107486
1381104000,-0.31254571285225263
1381125600,-0.2337439228707905
1381147200,-0.28686551611488953
1381168800,-0.23065977909554408
1381190400,-0.2719513709691089
1381212000,-0.29303663691839354
1381233600,-0.17719121017798145
1381255200,-0.2661385444501304
1381276800,0.2746858151630894
1381298400,-0.2982550073319433
1381320000,-0.21164457583917742
1381341600,-0.15883578561487804
1381363200,1.1094956788706798
1381384800,0.48290237987076506
1381406400,1.1738048332226267
1381428000,-0.12965355348452604
1381449600,-0.23724448056447922
1381471200,1.1246905948451849
1381492800,0.4482792053232708
1381514400,-0.19661741144751615
1381536000,-0.22751085956239198
1381557600,-0.29323061418094315
1381579200,-0.2024852152037714
1381600800,-0.1576654558418723
1381622400,-0.18625052599445674
1381644000,-0.2597752941450781
1381665600,0.5128185884841328
1381687200,-0.2728319352236244
1381708800,-0.19108810445710986
1381730400,-0.03459811853744742
1381752000,-0.010165532533222887
1381773600,0.47978253608408894
1381795200,-0.3135652684485392
1381816800,-0.26569210280607364
1381838400,-0.31629475836879994
1381860000,-0.27766323841213375
1381881600,0.45959310743586634
1381903200,-0.26155443662195776
1381924800,-0.28945679525083656
1381946400,-0.26047986987708466
1381968000,1.1212926314805136
1381989600,-0.2639376617347994
1382011200,1.093014449088674
1382032800,-0.18924951418170147
1382054400,-0.23504831122546216
1382076000,1.1074342494205782
1382097600,-0.20012565367893623
1382119200,0.5611430375360177
1382140800,-0.23682699853854183
1382162400,-0.31547660212556133
1382184000,-0.2177789231763563
1382205600,-0.28674518766248297
1382227200,-0.27178332780336834
1382248800,0.5054897960571223
1382270400,-0.30134114996078193
1382292000,-0.3302071285979351
1382313600,-0.21656720179434177
1382335200,-0.2536558402492044
1382356800,0.4908441680112516
1382378400,-0.07716673300729071
1382400000,-0.3336634419889123
1382421600,-0.2435100857909494
1382443200,-0.2985416322028447
1382464800,-0.2738313855751231
1382486400,-0.27228538224673277
1382508000,0.45191352123162765
1382529600,-0.22141314776975562
1382551200,-0.24721670503085683
1382572800,-0.2219730437480341
1382594400,-0.30172671617493374
1382616000,-0.20792060110757501
1382637600,0.5395620901176064
1382659200,-0.20975746766527098
1382680800,-0.2726144640968603
1382702400,-0.1579219374187305
1382724000,-0.20982678950483075
1382745600,1.2144540196177764
1382767200,0.5727472354919777
1382788800,1.075546055135124
1382810400,-0.22197395641665496
1382832000,-0.2781338550288744
1382853600,1.0921889474370512
1382875200,0.5512692847461826
1382896800,-0.2543062038848315
1382918400,-0.18884146309928868
1382940000,-0.25180807103563435
1382961600,-0.2680656932388272
1382983200,-0.2730890308359824
1383004800,0.5368110986431276
1383026400,-0.2547163845830632
1383048000,-0.20043291883181652
1383069600,-0.25334387139775905
1383091200,-0.2346945278626819
1383112800,-0.2947616186424085
1383134400,-0.2848161725214256
1383156000,-0.2699898172848204
1383177600,-0.26337406919081874
1383199200,-0.17879970020989416
1383220800,0.5050840777211568
1383242400,-0.18558188915661084
1383264000,-0.25766487168435404
1383285600,-0.12343271232264154
1383307200,0.5130525279631171
1383328800,0.14491178578635824
1383350400,-0.16858491153176675
1383372000,-0.3118530540199128
1383393600,0.2384330579020374
1383415200,1.14994277180853
1383436800,0.281975671759216
1383458400,1.0666923588609694
1383480000,-0.19253123367264366
1383501600,-0.2396294525870306
1383523200,0.5730979059099481
1383544800,-0.2166520532036556
1383566400,-0.14953620377225565
1383588000,-0.21139551421763417
1383609600,-0.12562560195944295
1383631200,-0.21744600141056641
1383652800,-0.1751870753972931
1383674400,-0.18727021789233858
1383696000,-0.20052510458499523
1383717600,-0.10427603301500757
1383739200,-0.22577625774433396
1383760800,-0.12773711495944873
1383782400,-0.24414393966281972
1383804000,-0.2607856985615506
1383825600,0.5751998311628506
1383847200,-0.1809183783008603
1383868800,-0.21085539474077294
1383890400,-0.22811733105262688
1383912000,-0.1110913842945867
1383933600,0.5715857721819854
1383955200,-0.20450189046941372
1383976800,-0.20262147236758343
1383998400,-0.11243724183446599
1384020000,-0.17598937092645847
1384041600,1.2361406712814227
1384063200,-0.16512759799275525
1384084800,1.146480167988781
1384106400,-0.15800768358085973
1384128000,-0.1538209064873817
1384149600,-0.18237045469481866
1384171200,-0.16923425192676816
1384192800,-0.17080371501221753
1384214400,-0.11155153211515613
1384236000,-0.2505120161284058
1384257600,-0.19894573273130445
1384279200,-0.2242692667747661
1384300800,-0.1332078357990362
1384322400,-0.16682339355451078
1384344000,-0.16803133933572761
1384365600,-0.24399521096127402
1384387200,-0.24935417734066498
1384408800,0.5327131912621393
1384430400,-0.12335969067555788
1384452000,-0.23770345977988258
1384473600,-0.23730712624452305
1384495200,-0.19765776726684658
1384516800,0.5435086420175572
1384538400,-0.1749428737185859
1384560000,-0.1944808407439342
1384581600,-0.20681752256766242
1384603200,-0.17887143570742492
1384624800,-0.14420936399301437
1384646400,0.5862249633631419
1384668000,-0.26901813221817517
1384689600,-0.19299786629102292
1384711200,-0.1710903672059194
1384732800,-0.16701450388085226
1384754400,1.1190554995221544
1384776000,0.6140966739108381
1384797600,1.1251912818719323
1384819200,-0.210035424612686
1384840800,1.1548890796590359
1384862400,-0.23643822039305457
1384884000,-0.332579358579957
1384905600,0.5810070796337692
1384927200,-0.2536275128002666
1384948800,-0.2759438552397095
1384970400,-0.2913525737581024
1384992000,-0.3304599603642061
1385013600,0.5211185354394811
1385035200,-0.31236035144625174
1385056800,-0.2947790943872088
1385078400,-0.2604120746345428
1385100000,-0.2418883869355934
1385121600,-0.2997069588983111
1385143200,-0.2096457719000194
1385164800,-0.28506704964472207
1385186400,-0.27704446386273673
1385208000,-0.24705736448619128
1385229600,-0.2944469646028954
1385251200,0.49448410338541615
1385272800,-0.3029459624252707
1385294400,-0.20815552064420034
1385316000,-0.2915155069138081
1385337600,-0.1765441376683829
1385359200,-0.025817377583830976
1385380800,-0.16122582997074975
1385402400,1.0838118602345048
1385424000,-0.1551552133917917
1385445600,1.052757198604701
1385467200,-0.2726396314630627
1385488800,-0.1704631921942961
1385510400,1.1247456824020858
1385532000,0.46081136809304163
1385553600,-0.26313646250220496
1385575200,-0.25556915230446076
1385596800,-0.25226171102968953
1385618400,-0.2742690772269565
1385640000,0.5057683739719309
1385661600,-0.2978933985959388
1385683200,-0.28547878342543226
1385704800,-0.33232698194992544
1385726400,0.4233000189018148
1385748000,0.2733772705427207
1385769600,-0.18181364678206346
1385791200,-0.2994493265800973
1385812800,0.4632065125691135
1385834400,-0.14276988963245965
1385856000,-0.07707297441635981
1385877600,0.002831076320630909
1385899200,-0.27362449386814686
1385920800,-0.2509183061626822
1385942400,-0.2664164053399573
1385964000,-0.36180496634821385
1385985600,1.0882146610141359
1386007200,-0.2896791339915025
1386028800,0.4915389845257126
1386050400,1.0028521603305107
1386072000,-0.26793327146497653
1386093600,1.0302047255568736
1386115200,0.4761232255410363
1386136800,-0.2978040509672427
1386158400,-0.3119123054550878
1386180000,-0.3281698956053587
1386201600,0.5491467369728282
1386223200,-0.25622298533075705
1386244800,-0.29255163350193264
1386266400,-0.31904304692278135
1386288000,-0.33890386373416853
1386309600,-0.2442768879837739
1386331200,0.45117875458634205
1386352800,-0.15438004737259753
1386374400,-0.3154308681175611
1386396000,-0.31260765301173926
1386417600,-0.2361740806660208
1386439200,-0.23551804378801253
1386460800,-0.2733323224167121
1386482400,-0.27917740674332403
1386504000,-0.20755213650630064
1386525600,-0.2586816752114931
1386547200,-0.23552136099687668
1386568800,-0.26605964490818385
1386590400,0.5874047247435195
1386612000,-0.22604080170611315
1386633600,-0.13425446205980018
1386655200,-0.20336406165649032
1386676800,1.0814867380322934
1386698400,0.5887395636199325
1386720000,1.1781806429288053
1386741600,-0.2203277106790604
1386763200,1.220260515225186
1386784800,-0.20341171010332054
1386806400,-0.19358642048995423
1386828000,0.5390827038637237
1386849600,-0.2172155572623194
1386871200,-0.24823567451893705
1386892800,-0.18328325498668777
1386914400,-0.17584909211103208
1386936000,-0.15109250775498023
1386957600,0.016295780088891154
1386979200,-0.2523489756906497
1387000800,-0.2372829179558234
1387022400,-0.24720983039655753
1387044000,-0.1706604240549573
1387065600,-0.22233476637356203
1387087200,-0.15821555260209613
1387108800,-0.21490908284031424
1387130400,-0.14095977466970303
1387152000,-0.1627215167259667
1387173600,0.5456803139987368
1387195200,-0.19951254644030178
1387216800,-0.21158061746999177
1387238400,-0.15448222209200418
1387260000,-0.2399996064038301
1387281600,-0.1433779853985409
1387303200,-0.12029556664682396
1387324800,-0.09694246489247767
1387346400,-0.10466579960331837
1387368000,-0.12848107929314273
1387389600,1.1492310531764796
1387411200,-0.11734411369369328
1387432800,1.1912488676682884
1387454400,-0.17672748892329
1387476000,-0.23599114846980332
1387497600,0.6656994091770297
1387519200,-0.16697621068539736
1387540800,-0.19219742930858397
1387562400,-0.17733072770437544
1387584000,-0.24767636033975504
1387605600,0.6074859022678081
1387627200,-0.2479317990385735
1387648800,-0.16488284995484545
1387670400,-0.17075244601552242
1387692000,-0.21945732096036602
1387713600,-0.12468647964217887
1387735200,-0.12252838493108043
1387756800,0.1567388289529007
1387778400,-0.1538119842374081
1387800000,-0.11554765044333212
1387821600,-0.15947914144845135
1387843200,-0.14701451864843915
1387864800,-0.18889545741084815
1387886400,-0.15633726445716895
1387908000,0.5956565084916714
1387929600,0.026315908699904286
1387951200,-0.14715688337740573
1387972800,-0.2559374103188953
1387994400,-0.19945679396994767
1388016000,1.1809296317131595
1388037600,-0.21363066385866444
1388059200,1.2180004966614355
1388080800,-0.18472225256195215
1388102400,-0.15128674822496557
1388124000,-0.17642898105940036
1388145600,-0.2393433094852238
1388167200,-0.15705050618805858
1388188800,-0.19779618799121867
1388210400,-0.22086884090313882
1388232000,0.5609890815789096
1388253600,-0.26453550723904695
1388275200,-0.2697250736489479
1388296800,-0.23649266551008452
1388318400,-0.2626827066268017
1388340000,-0.21891745158975623
1388361600,0.49375148875205743
1388383200,-0.21708330282820593
1388404800,-0.2594180507209291
1388426400,-0.22722996209462756
1388448000,-0.21705802428086124
1388469600,0.5267809093972655
1388491200,-0.25322256674331944
1388512800,-0.212187053614337
1388534400,-0.22351603168741574
1388556000,-0.2796682312948924
1388577600,-0.24855591085783868
1388599200,0.5563102730995646
1388620800,-0.21178100343045408
1388642400,-0.322716616043884
1388664000,-0.191319191504447
1388685600,1.1154242539079087
1388707200,-0.2137813054483303
1388728800,1.1803428732973265
1388750400,-0.18209961989589632
1388772000,-0.22978411973175253
1388793600,1.211427280683294
1388815200,-0.23707858210069516
1388836800,1.1024539407806753
1388858400,-0.2926168796955283
1388880000,0.43727938591519333
1388901600,-0.22223668847619454
1388923200,-0.285456955748549
1388944800,-0.26563256066879304
1388966400,-0.31233403157745326
1388988000,0.43123200566183606
1389009600,-0.26386235452167706
1389031200,-0.25346258853288006
1389052800,-0.2829982557717819
1389074400,-0.303301752942713
1389096000,-0.2189840035862803
1389117600,0.49580234040104765
1389139200,-0.25082127036559393
1389160800,-0.28579769598281324
1389182400,-0.23410261475194832
1389204000,-0.26554785974048656
1389225600,0.5449801624962233
1389247200,-0.2864303698469733
1389268800,-0.3348500717249986
1389290400,-0.2062085810528361
1389312000,-0.2031899612739511
1389333600,-0.27292177414805446
1389355200,-0.22855477110132924
1389376800,-0.27731135643688704
1389398400,-0.23719738763427411
1389420000,1.0595487703348512
1389441600,0.472375611846432
1389463200,1.0427198164758582
1389484800,-0.2601034539232402
1389506400,1.1054462786723998
1389528000,-0.2501153131200098
1389549600,0.006371128725227229
1389571200,-0.31642923318821226
1389592800,-0.2784593195566902
1389614400,-0.3166230436410319
1389636000,0.4910465564289993
1389657600,-0.28816366577135466
1389679200,-0.288226111810877
1389700800,-0.2049954284153333
1389722400,-0.2060473050055755
1389744000,0.501421584378626
1389765600,-0.2913052875157111
1389787200,-0.2876843060606135
1389808800,-0.17562072145104393
1389830400,-0.2765681208142388
1389852000,0.43840122657671016
1389873600,-0.27666311424166645
1389895200,-0.251471850101644
1389916800,-0.2466043700635987
1389938400,0.4222684886719832
1389960000,-0.25393984238738837
1389981600,-0.3149764891505717
1390003200,1.0887274921006191
1390024800,-0.29747104342882513
1390046400,0.481913675613322
1390068000,1.0259335187893042
1390089600,-0.21317575158558863
1390111200,1.101342940028189
1390132800,-0.31665487758236804
1390154400,0.5028612305082617
1390176000,-0.31086932082740293
1390197600,-0.23919414760105373
1390219200,-0.28503571545538
1390240800,0.48522323261115846
1390262400,-0.2838924925348189
1390284000,-0.32139800514458555
1390305600,-0.24976970594399717
1390327200,-0.2933058159429202
1390348800,0.4706947455374716
1390370400,-0.30216358787644815
1390392000,-0.22085580525981632
1390413600,-0.30227848511087424
1390435200,-0.24517385223892024
1390456800,-0.273146743269577
1390478400,0.5571085288164137
1390500000,-0.24959154710905632
1390521600,-0.19011719526625565
1390543200,-0.2706018352698522
1390564800,-0.31803316633108014
1390586400,0.5243264376808467
1390608000,-0.24884428127063316
1390629600,-0.2772825474771683
1390651200,-0.19963217144146536
1390672800,-0.2753348541613364
1390694400,-0.13484664041197952
1390716000,1.125411520528676
1390737600,-0.23765970467878253
1390759200,1.1301170664436104
1390780800,-0.16941082005539015
1390802400,-0.1855584012416207
1390824000,1.1808500748530877
1390845600,0.5186398211100296
1390867200,-0.27952774203427866
1390888800,-0.23613555662209007
1390910400,-0.27051484861009284
1390932000,-0.22705102652803003
1390953600,-0.21874425560663724
1390975200,0.5720222408744923
1390996800,-0.2305698583668273
1391018400,-0.18470095978652812
1391040000,-0.2009393902660143
1391061600,0.5491649198942169
1391083200,-0.22970540785923968
1391104800,-0.18722128252961057
1391126400,-0.19119549515275952
1391148000,-0.24301350702151703
1391169600,-0.23388198004224067
1391191200,-0.17042117391130587
1391212800,0.5692964241118721
1391234400,-0.2637672473480735
1391256000,-0.1566155529807686
1391277600,-0.23469910400351648
1391299200,-0.18387834193280056
1391320800,-0.18764484885405106
1391342400,-0.21473267694407724
1391364000,-0.2510139454721427
1391385600,-0.15673716534619067
1391407200,0.004912560803274554
1391428800,1.1703102896198843
1391450400,-0.16598745659614544
1391472000,1.1075048220332573
1391493600,-0.09918783074821674
1391515200,-0.2221722363968017
1391536800,-0.17063093945633087
1391558400,-0.19613871438624675
1391580000,0.018105162826990553
1391601600,-0.19836851027958227
1391623200,-0.14804162083603528
1391644800,0.5685138911379898
1391666400,-0.1999017292627326
1391688000,-0.13827636267318658
1391709600,-0.2108042323578856
1391731200,-0.05835992052446115
1391752800,0.5692571337653738
1391774400,-0.08878210073921186
1391796000,-0.1484330716597036
1391817600,-0.10282683478800793
1391839200,-0.13540142974257016
1391860800,-0.23708346165328553
1391882400,-0.09162940434227732
1391904000,-0.16047805897099734
1391925600,-0.14743132143706478
1391947200,-0.12588954480202444
1391968800,-0.16405233391855797
1391990400,0.0021594579097734407
1392012000,-0.19864832660462406
1392033600,1.181844330660158
1392055200,-0.2405133299043529
1392076800,-0.1624359292398883
1392098400,1.2047529243979203
1392120000,-0.15654878989196697
1392141600,0.5717674310691203
1392163200,-0.23427947492410853
1392184800,-0.2141036431075411
1392206400,-0.2605905598772052
1392228000,-0.20205419846611622
1392249600,0.5336843241809437
1392271200,-0.19503610289088935
1392292800,-0.20757834936666184
1392314400,-0.16011279513226884
1392336000,-0.16576779304211026
1392357600,0.5645122131743678
1392379200,-0.1810262502503713
1392400800,-0.18526724935512415
1392422400,-0.13475365805126377
1392444000,-0.21737589813436736
1392465600,-0.1831660071071292
1392487200,-0.15928714404216834
1392508800,-0.12352434736349378
1392530400,-0.24042531556911775
1392552000,-0.1417842509408148
1392573600,-0.2154777636859069
1392595200,-0.18536061267771084
1392616800,-0.19345735218173424
1392638400,-0.19986622198035553
1392660000,-0.25212450703663436
1392681600,-0.1544437227897925
1392703200,1.189659426871894
1392724800,-0.19785833205809175
1392746400,1.1820059817890314
1392768000,-0.22808390678954316
1392789600,-0.1806679643274952
1392811200,1.1465093011070342
1392832800,0.5753640903018339
1392854400,-0.2262060038014092
1392876000,-0.2861299224926965
1392897600,-0.22641248290027471
1392919200,-0.22768075247918743
1392940800,-0.2420436494752585
1392962400,0.5050594088070468
1392984000,-0.1904284981845513
1393005600,-0.23229173819795146
1393027200,-0.2164186592815358
1393048800,-0.24048205674265377
1393070400,-0.16731628523199402
1393092000,0.5628791274439446
1393113600,-0.16651025022804966
1393135200,-0.20866360897689948
1393156800,-0.2926979535343712
1393178400,-0.20717269038274178
1393200000,-0.22434806086870474
1393221600,-0.2780002035451872
1393243200,0.5786439363960785
1393264800,-0.21373261678248745
1393286400,-0.17086620164647892
1393308000,-0.25097078045337995
1393329600,-0.29284057435689786
1393351200,0.47969285985751425
1393372800,-0.2644596454033472
1393394400,-0.22477449955569345
1393416000,1.1390743056148516
1393437600,-0.2832143514757175
1393459200,-0.2961721223859881
1393480800,1.08570950952215
1393502400,-0.2761318500460486
1393524000,1.105953537812532
1393545600,0.46832928954036923
1393567200,0.004463764376824178
1393588800,-0.21858707451870985
1393610400,-0.18751210103997024
1393632000,-0.2538379981946431
1393653600,-0.20639736236330788
1393675200,-0.1864466448084488
1393696800,-0.18272811425087604
1393718400,-0.23154803030284526
1393740000,-0.3033558548127799
1393761600,-0.11886819820806516
1393783200,-0.20137084667646557
1393804800,-0.20054993503884105
1393826400,-0.2867750997296023
1393848000,-0.2551799258133871
1393869600,0.4688721535426906
1393891200,-0.2518753980193708
1393912800,-0.16124737006398882
1393934400,-0.2696993221368032
1393956000,0.4502329671082329
1393977600,-0.1992593272534441
1393999200,1.11595090886545
1394020800,0.49135642092555615
1394042400,-0.30631494148680083
1394064000,1.0308229041933041
1394085600,-0.24061018876984347
1394107200,1.0378974405115435
1394128800,0.4783638416586784
1394150400,-0.33297481501500004
1394172000,-0.3187060307903731
1394193600,-0.22638046800190256
1394215200,-0.19841014349962452
1394236800,-0.30260277669469726
1394258400,-0.2710925524885559
1394280000,-0.19618842413701484
1394301600,-0.22567728534831968
1394323200,-0.22359160123759375
1394344800,0.4956555997557144
1394366400,-0.21846236245192113
1394388000,-0.2233606544193448
1394409600,-0.17913769535657337
1394431200,-0.21355329667422798
1394452800,0.4415652719523109
1394474400,-0.2678744274066726
1394496000,-0.23508630646857967
1394517600,-0.26163942862132356
1394539200,-0.19395468599781748
1394560800,0.5004345909707077
1394582400,-0.19856204766369173
1394604000,-0.3129399575655781
1394625600,-0.27051043680027137
1394647200,-0.2850896366075701
1394668800,1.16407904492819
1394690400,-0.22953058711354318
1394712000,0.5823463645738644
1394733600,1.1307868875470297
1394755200,-0.232011908661507
1394776800,1.172368980370021
1394798400,-0.2567893296489587
1394820000,-0.17492559604617944
1394841600,-0.2307544565341286
1394863200,-0.14015791511785464
1394884800,-0.253306652019006
1394906400,-0.17579048129684147
1394928000,-0.2197375003038842
1394949600,-0.24360888489306226
1394971200,0.530977179157731
1394992800,-0.19036055794186277
1395014400,-0.19842460858744276
1395036000,-0.2718526665006207
1395057600,-0.21954999824145682
1395079200,0.5709225396717462
1395100800,-0.20746662236155733
1395122400,-0.26071938708372394
1395144000,-0.17287305996356547
1395165600,-0.26140343547092887
1395187200,-0.21994599513353472
1395208800,0.5531575017882487
1395230400,-0.2245879772596703
1395252000,-0.27387573296516476
1395273600,-0.1574562976899314
1395295200,-0.2165348125123544
1395316800,-0.2697429202150167
1395338400,-0.21734509710356506
1395360000,0.4940823128152665
1395381600,-0.17320678977800263
1395403200,-0.22609479722016904
1395424800,-0.20334901693682525
1395446400,-0.2031111611438689
1395468000,1.117786767620606
1395489600,-0.04511708136612246
1395511200,1.169396239195836
1395532800,-0.24761071623935127
1395554400,-0.24008438121641754
1395576000,0.6029280046751215
1395597600,-0.2151053956828663
1395619200,-0.13350454497188877
1395640800,-0.1599129180359285
1395662400,-0.1062613822626706
1395684000,-0.1059157954775059
1395705600,0.02816027683766746
1395727200,-0.07885995499599308
1395748800,-0.07853886841719063
1395770400,-0.2026548745869202
1395792000,0.572629337620764
1395813600,-0.08828771454983782
1395835200,-0.13119257665939182
1395856800,0.0379908763156194
1395878400,-0.17630603197941241
1395900000,0.5528484512769013
1395921600,0.06064327463550321
1395943200,-0.19905476660760585
1395964800,-0.14851755765046376
1395986400,-0.16949142039472545
1396008000,-0.11772452938472269
1396029600,-0.24052876956343416
1396051200,-0.23774623153782118
1396072800,1.1250058697623253
1396094400,-0.267012564006838
1396116000,-0.14136550210910612
1396137600,1.1000811508430377
1396159200,-0.2412366253753565
1396180800,-0.24155576513564073
1396202400,-0.21644801750833628
1396224000,-0.19387196878777135
1396245600,-0.2234506057947673
1396267200,-0.22870927918275996
1396288800,0.5786719414857765
1396310400,-0.1951584310234767
1396332000,-0.2991256239986294
1396353600,-0.21807828772943358
1396375200,-0.2007358815646322
1396396800,0.5682294897107726
1396418400,-0.2748619879155296
1396440000,-0.16470407014974553
1396461600,-0.2267911652797994
1396483200,-0.1782083166577014
1396504800,-0.18716359188284948
1396526400,-0.17368914666275687
1396548000,-0.25494329519804293
1396569600,-0.16271691644555025
1396591200,-0.18034594593327086
1396612800,0.5510723292746132
1396634400,-0.1801954683708911
1396656000,-0.26635471794475457
1396677600,-0.22108870968623393
1396699200,1.1080801259189996
1396720800,0.5598617481449112
1396742400,-0.24572327215155942
1396764000,1.0947743662342317
1396785600,-0.2008144306561573
1396807200,1.1807298227404932
1396828800,-0.23969033760148054
1396850400,-0.2845592764123799
1396872000,0.5777003958111455
1396893600,-0.2528293418078337
1396915200,-0.24660197596986688
1396936800,-0.2718957655892977
1396958400,-0.1682000603093854
1396980000,-0.23194596132990056
1397001600,-0.1905035245520722
1397023200,-0.22129728510822824
1397044800,-0.29239491197024337
1397066400,-0.2141847767388686
1397088000,-0.2228846780405071
1397109600,0.5218738959674377
1397131200,-0.17416806653163688
1397152800,-0.21260599105501182
1397174400,-0.20139669914194241
1397196000,-0.2428470553441934
1397217600,0.5083270045833257
1397239200,-0.28977961754886344
1397260800,-0.22182701567280969
1397282400,-0.157210058994863
1397304000,-0.21765135350650452
1397325600,0.4847010493605326
1397347200,-0.2864190903172983
1397368800,-0.25207156245083767
1397390400,-0.27026426596315795
1397412000,1.1448526774918866
1397433600,-0.24685706747046368
1397455200,-0.16781142884938777
1397476800,1.13572418889181
1397498400,-0.12036798445368277
1397520000,1.149294140922913
1397541600,-0.27183845166160897
1397563200,0.5233791765130683
1397584800,-0.20070098511858103
1397606400,-0.2419573916976056
1397628000,-0.28916214095820586
1397649600,-0.2532568985305642
1397671200,-0.21776463685247685
1397692800,-0.1949425568598907
1397714400,-0.25676000140264255
1397736000,-0.19670558766825258
1397757600,-0.3049304678745134
1397779200,0.5275581298215356
1397800800,-0.22174801085032972
1397822400,-0.26808917165972096
1397844000,0.11947507794241982
1397865600,-0.2136986343951632
1397887200,0.5677160050355489
1397908800,-0.07398194576806362
1397930400,-0.14004972983508737
1397952000,-0.35523173992310053
1397973600,-0.04161018250659842
1397995200,0.4776506701263947
1398016800,-0.20993278758424855
1398038400,-0.2821971966787674
1398060000,-0.332978775404222
1398081600,-0.2536395583649432
1398103200,1.112125606351082
1398124800,-0.27137578175981786
1398146400,1.0713786469667388
1398168000,0.5464412907830166
1398189600,-0.23961527906685082
1398211200,-0.24944659260813973
1398232800,-0.266964869473753
1398254400,-0.21328834771844446
1398276000,0.5320782529289483
1398297600,-0.1852955215216654
1398319200,-0.27167967789192043
1398340800,-0.2848354067598233
1398362400,-0.18362992982369897
1398384000,0.5141220262194622
1398405600,-0.2804851426548633
1398427200,-0.25652495837688327
1398448800,-0.24288350697728955
1398470400,-0.16617007797473826
1398492000,0.4920182720586867
1398513600,-0.21526162135882793
1398535200,-0.22854923283881787
1398556800,-0.12560745618186495
1398578400,0.5951693048656292
1398600000,-0.18537404492699136
1398621600,-0.15906343440495743
1398643200,-0.15413431754667875
1398664800,-0.1391717418500974
1398686400,1.187331835943767
1398708000,-0.09776515428242806
1398729600,-0.12288290349757544
1398751200,1.300592093078898
1398772800,-0.057454283158939426
1398794400,1.3636001778986966
1398816000,-0.01725106389717868
1398837600,0.7702540451298207
1398859200,0.038058285036906614
1398880800,0.08899499252599938
1398902400,0.08848858686208753
1398924000,-0.013264936099269917
1398945600,0.8520163580191917
1398967200,0.12996705328849203
1398988800,0.1299014197916053
1399010400,0.04835131800643938
1399032000,0.16622464971940473
1399053600,0.8745988357151707
1399075200,0.16005331090489605
1399096800,0.1513515165055402
1399118400,0.1794191268841801
1399140000,-0.4964650325693114
1399161600,-0.34602393053902114
1399183200,-0.4042657281989687
1399204800,-0.4110280430499597
1399226400,-0.3840264325306878
1399248000,-0.42861582739913606
1399269600,-0.33313013477697306
1399291200,-0.38233964051940705
1399312800,-0.33411489215254175
1399334400,-0.32530496978076157
1399356000,-0.352963456011009
1399377600,-0.26917451160255024
1399399200,-0.24593917680943514
1399420800,-0.25145337150683933
1399442400,-0.24325018191050754
1399464000,-0.15046137459537498
1399485600,-0.17079733398309893
1399507200,-0.14314073190200832
1399528800,-0.16193559862341445
1399550400,-0.06873042778089805
1399572000,-0.10858605927214174
1399593600,-0.04829004511084213
1399615200,-0.06720831778356509
1399636800,-0.14127628850851956
1399658400,-0.042142910526435484
1399680000,-0.04909802178649349
1399701600,-0.05867675643439506
1399723200,0.020929466413296988
1399744800,-0.024560000101317814
1399766400,0.04093356731930857
1399788000,-0.020502487158629536
1399809600,-0.010949645739133406
1399831200,-0.03749720712118782
1399852800,0.021530342797686026
1399874400,0.020008560349542442
1399896000,0.025605204133242326
1399917600,-0.028027172582843735
1399939200,-0.038352022882271374
1399960800,-0.015998597583239457
1399982400,-0.05429305639562312
1400004000,0.0041121772312434504
1400025600,-0.036052014659296056
1400047200,0.01656143166287953
1400068800,-0.01633713454101
1400090400,0.035775179575321135
1400112000,0.020775392004463208
1400133600,-0.005798928910294019
1400155200,-0.007645840679322338
1400176800,0.036262013228935824
1400198400,0.02620286768395401
1400220000,-0.04165205494760037
1400241600,0.011256414040569204
1400263200,0.026163632573831624
1400284800,0.01708599051967842
1400306400,-0.06384375877422882
1400328000,0.040976599555346625
1400349600,-0.03243297011930565
1400371200,0.010527536402442016
1400392800,0.009739641946086309
1400414400,0.0009012771104977679
1400436000,-0.05144013236413955
1400457600,0.06928982063098879
1400479200,0.010847145980823522
1400500800,-0.011632064519974814
1400522400,-0.0019686299453139672
1400544000,-0.06316203446632353
1400565600,0.021796747220645847
1400587200,-0.03848045935497155
1400608800,-0.0010916254104484913
1400630400,-0.014196163487899274
1400652000,-0.06377045965645055
1400673600,0.00934540843512822
1400695200,0.010625464696673333
1400716800,-0.01686136733299457
1400738400,-0.030630815068926537
1400760000,0.04057727009156601
1400781600,0.003635255124755936
1400803200,0.014217038387321081
1400824800,-0.015450697206668591
1400846400,0.06691523335728283
1400868000,0.01664685715531386
1400889600,0.06032263782850887
1400911200,0.02438286615780613
1400932800,-0.060466712751999635
1400954400,0.027996569974127694
1400976000,0.010505499040719828
1400997600,-0.015947888213332363
1401019200,0.046807457970901606
1401040800,-0.008982211179403732
1401062400,0.046149246067093516
1401084000,-0.020523507352910943
1401105600,-0.010971767192103276
1401127200,-0.037534691356460655
1401148800,0.021530342797686026
1401170400,0.020008560349542442
1401192000,0.025605204133242326
1401213600,-0.028027172582843735
1401235200,-0.038352022882271374
1401256800,-0.015998597583239457
1401278400,-0.05429305639562312
1401300000,0.0041121772312434504
1401321600,-0.036052014659296056
1401343200,0.01656143166287953
1401364800,-0.01633713454101
1401386400,0.035775179575321135
1401408000,0.020775392004463208
1401429600,-0.005798928910294019
1401451200,-0.007645840679322338
1401472800,0.036262013228935824
1401494400,0.02620286768395401
1401516000,-0.04165205494760037
1401537600,0.011256414040569204
1401559200,0.026163632573831624
1401580800,0.01708599051967842
1401602400,-0.06384375877422882
1401624000,0.040976599555346625
1401645600,-0.03243297011930565
1401667200,0.010527536402442016
1401688800,0.009739641946086309
1401710400,0.0009012771104977679
1401732000,-0.05144013236413955
1401753600,0.06928982063098879
1401775200,0.010847145980823522
1401796800,-0.011632064519974814
1401818400,-0.0019686299453139672
1401840000,-0.07976104054282042
1401861600,-0.02302560443329104
1401883200,-0.0948594899196816
1401904800,-0.057435117467425134
1401926400,-0.07061249813386701
1401948000,-0.12027795107449289
1401969600,-0.047160773489546164
1401991200,-0.04587152262282504
1402012800,-0.07346094212109341
1402034400,-0.08734926871447471
1402056000,-0.016147594883006287
1402077600,-0.06963618471277766
1402099200,-0.07570925788091148
1402120800,-0.12203184990560034
1402142400,-0.05632912606873658
1402164000,-0.10662219670849662
1402185600,-0.06284343131495819
1402207200,-0.09876044498467176
1402228800,-0.18360309917469117
1402250400,-0.09514321085200483
1402272000,-0.11262876518821587
1402293600,-0.1389813522371075
1402315200,-0.07623340461745562
1402336800,-0.14867372238702176
1402358400,-0.1100736106268519
1402380000,-0.19327770953318343
1402401600,-0.20039272848693004
1402423200,-0.22707985537042824
1402444800,-0.18467027697386176
1402466400,-0.20273931973961493
1402488000,1.7948477349182985
1402509600,1.1442768723123022
1402531200,-0.26916636307956543
1402552800,-0.23492472774717793
1402574400,-0.2722797684031252
1402596000,-0.21271370171147908
1402617600,-0.2650368530735524
1402639200,-0.20109768741002715
1402660800,-0.24854626852949552
1402682400,-0.21313196919099578
1402704000,-0.25803936959166196
1402725600,1.6968997419061262
1402747200,-0.2901443595782363
1402768800,1.7223847082038417
1402790400,-0.288495687550179
1402812000,-0.38544003288888695
1402833600,-0.3520666849962454
1402855200,-0.32466396353420796
1402876800,-0.3443478812300881
1402898400,-0.4135326656493878
1402920000,-0.3217246279735023
1402941600,-0.3936735950211295
1402963200,-0.3391209218962435
1402984800,1.6457627634514653
1403006400,-0.3631776260367063
1403028000,1.5844821895915617
1403049600,-0.29509162534678046
1403071200,-0.37154375860566696
1403092800,1.5744307425713444
1403114400,-0.4306424618278609
1403136000,-0.47597329026615864
1403157600,-0.36801212182753285
1403179200,-0.432619557798823
1403200800,-0.3949323773995944
1403222400,-0.4072553093355689
1403244000,-0.46768452993010756
1403265600,-0.3964557031550736
1403287200,-0.3822750974789614
1403308800,1.5761921842578552
1403330400,-0.43466817444650885
1403352000,1.633714148921607
1403373600,-0.37145419526739654
1403395200,-0.3564873431993704
1403416800,1.6272488962181642
1403438400,-0.27680359132783156
1403460000,1.631138947653695
1403481600,-0.3382595731851198
1403503200,-0.40414240161425
1403524800,-0.4765861595415767
1403546400,-0.4059471666926784
1403568000,-0.4385044969028361
1403589600,-0.4767365994618402
1403611200,-0.41463415261246883
1403632800,-0.44149908116880104
1403654400,-0.3715396608279166
1403676000,-0.4324740591671718
1403697600,1.591097340700785
1403719200,-0.42085142938470715
1403740800,1.6401630843620107
1403762400,-0.34764176423997084
1403784000,-0.3708582579737445
1403805600,1.5738283163004285
1403827200,-0.4510634746483885
1403848800,-0.4467687098395668
1403870400,-0.48488124181739223
1403892000,-0.4253806111324451
1403913600,-0.4533930959535657
1403935200,-0.39883228898651985
1403956800,-0.41654902746766803
1403978400,-0.3587599673653766
1404000000,-0.34601397594939665
1404021600,-0.3582865423222337
1404043200,-0.35971309137677526
1404064800,-0.31215449974115406
1404086400,1.649322044929101
1404108000,0.9842255590794302
1404129600,1.640139236812112
1404151200,-0.34641422823705675
1404172800,-0.3713976675687871
1404194400,1.5214578668196055
1404216000,-0.3697856263317226
1404237600,-0.4661058448254716
1404259200,-0.4215535416511715
1404280800,-0.43162105726012695
1404302400,-0.4518478425826626
1404324000,-0.5268408054641952
1404345600,-0.38681366926979854
1404367200,-0.4498892850847583
1404388800,-0.48028785186589235
1404410400,1.5226435208240205
1404432000,-0.5569554638422595
1404453600,-0.46802835020549055
1404475200,1.4583513628582094
1404496800,-0.5064868630934829
1404518400,-0.5438640215703648
1404540000,-0.5904239420783163
1404561600,-0.526185027489362
1404583200,-0.5412812971225109
1404604800,-0.5876997262784482
1404626400,-0.6237911750715485
1404648000,-0.552135656893038
1404669600,-0.5951811372970742
1404691200,-0.6137817614696477
1404712800,1.3353298688786492
1404734400,0.8266457519427006
1404756000,0.032753239937623496
1404777600,0.093028277598091
1404799200,0.8210162592639665
1404820800,-0.06981674059209672
1404842400,0.04160726345306642
1404864000,0.10689462202438875
1404885600,-0.0077380603547835165
1404907200,0.045656146699563666
1404928800,-0.04481282650412216
1404950400,0.02927439160229793
1404972000,-0.07589403275098552
1404993600,-0.021877604552028952
1405015200,1.273216940380459
1405036800,-0.019866578171262677
1405058400,-0.09043791641969924
1405080000,1.3031183028669147
1405101600,-0.09757579826739357
1405123200,0.6153669479195509
1405144800,-0.13368648141841027
1405166400,-0.2213346131258802
1405188000,-0.14987625269632376
1405209600,-0.20749449013630464
1405231200,0.6114193627199398
1405252800,-0.19479444104395482
1405274400,-0.1485227686235436
1405296000,-0.21726824345889373
1405317600,-0.2029599711906662
1405339200,0.5348953169969098
1405360800,-0.15648702770266387
1405382400,-0.1642611045552127
1405404000,0.07655299291147467
1405425600,-0.2237466132303212
1405447200,-0.15992286160645441
1405468800,-0.16182871607462496
1405490400,-0.24601044562836855
1405512000,-0.14644066224954919
1405533600,-0.22120264958233063
1405555200,-0.1729958053798003
1405576800,-0.1985982221885226
1405598400,-0.2147463348124274
1405620000,-0.2668500772607807
1405641600,-0.14697063413804282
1405663200,1.1723284551182553
1405684800,-0.2313421301617949
1405706400,0.5680430778530672
1405728000,1.1151027730333603
1405749600,-0.17514866895053405
1405771200,1.1358643555727614
1405792800,-0.2066842557115505
1405814400,-0.21793636506819175
1405836000,0.49667923361293986
1405857600,-0.2083639161136733
1405879200,-0.1979163475547568
1405900800,-0.2153865357227574
1405922400,-0.23610971218305146
1405944000,-0.1456927921563718
1405965600,-0.18339558411672943
1405987200,-0.16971128433218646
1406008800,-0.19925193227981355
1406030400,-0.15113560037043774
1406052000,-0.1687483462840647
1406073600,0.6399027060243737
1406095200,-0.17517966467033982
1406116800,-0.2897437519832656
1406138400,-0.17047929474267132
1406160000,-0.21529807122416908
1406181600,0.5506353235974392
1406203200,-0.14759325156104172
1406224800,-0.20533441971190147
1406246400,-0.14584333650377174
1406268000,-0.2297220899147777
1406289600,-0.18486200826453264
1406311200,0.5176666638714934
1406332800,-0.18953932968143714
1406354400,-0.18442659913834272
1406376000,-0.17897403971620132
1406397600,1.1481252743725319
1406419200,-0.2586775361741103
1406440800,-0.20438230400010515
1406462400,1.121171777646841
1406484000,-0.16479536489166066
1406505600,-0.1191916515121581
1406527200,-0.16647989795082052
1406548800,-0.14760094523798875
1406570400,-0.12432055755158036
1406592000,-0.1458044930001053
1406613600,-0.20380711345296484
1406635200,-0.23995628836387503
1406656800,-0.16300061712145836
1406678400,-0.16219291405943964
1406700000,-0.16184056714525713
1406721600,0.5810455117662489
1406743200,-0.1714797321963658
1406764800,-0.16984926830585234
1406786400,-0.2251666084045119
1406808000,-0.14082709575558774
1406829600,0.546267192223876
1406851200,-0.017287975444739215
1406872800,-0.08557107322794605
1406894400,-0.18614943739849882
1406916000,0.5347708402249098
1406937600,-0.14142878000690276
1406959200,-0.1496535727208591
1406980800,-0.1820539825237531
1407002400,-0.1850799830527048
1407024000,1.1337379048941767
1407045600,-0.15674168425826404
1407067200,1.1515858735985087
1407088800,-0.1515557482691914
1407110400,-0.22646624397172915
1407132000,0.5232618880470015
1407153600,-0.21545472913596406
1407175200,-0.13072934599591568
1407196800,-0.13816395850930516
1407218400,-0.23241884253944814
1407240000,0.5960375190234679
1407261600,-0.24467958561869316
1407283200,-0.19523960533811388
1407304800,-0.21633686801207874
1407326400,-0.1767103609490965
1407348000,-0.17590179233855344
1407369600,-0.040650718309790404
1407391200,-0.204681227371369
1407412800,-0.17968899054545256
1407434400,-0.10645979010778656
1407456000,-0.18644544926763484
1407477600,-0.20614809758067076
1407499200,-0.12638297639575516
1407520800,-0.2209434432818211
1407542400,-0.1261377066771996
1407564000,-0.18696595711024508
1407585600,-0.1825698446773037
1407607200,-0.22101379822019146
1407628800,-0.1861640739710091
1407650400,-0.16235354567414245
1407672000,-0.14471802383820315
1407693600,1.1669515666030374
1407715200,0.5711924471253212
1407736800,-0.18490051419774117
1407758400,1.1524716713800098
1407780000,-0.17002351839713853
1407801600,1.1474246862980786
1407823200,-0.1719165404841359
1407844800,-0.22816564971198425
1407866400,0.6009408642332394
1407888000,-0.177767757007197
1407909600,-0.2227154383753625
1407931200,-0.2298626102460903
1407952800,-0.18867473197664963
1407974400,-0.19854391872822325
1407996000,-0.2724032809254772
1408017600,-0.21351452261852683
1408039200,-0.20023831664666564
1408060800,-0.24288638412746255
1408082400,-0.29427104897471834
1408104000,-0.19773723053589465
1408125600,-0.274647830126675
1408147200,-0.22498606787910258
1408168800,-0.228323326606859
1408190400,-0.26569728145091565
1408212000,-0.2644230354018566
1408233600,0.6011941475120868
1408255200,-0.20034473499582434
1408276800,-0.2474888170064153
1408298400,-0.24841599221438035
1408320000,0.45425096084766825
1408341600,-0.24201107011692347
1408363200,-0.26649824157432367
1408384800,-0.22704899994998898
1408406400,1.1160471610820555
1408428000,0.46307698726652446
1408449600,1.1332549684395457
1408471200,-0.19023025891012918
1408492800,-0.2337268833404595
1408514400,1.1096363015898798
1408536000,0.5879927907046711
1408557600,-0.2082712986334598
1408579200,-0.2039259084558275
1408600800,-0.24776948555573336
1408622400,-0.16355611005102297
1408644000,0.557534733429833
1408665600,-0.16688873016682576
1408687200,-0.19493253841789135
1408708800,-0.3213121865416251
1408730400,-0.17876540466231522
1408752000,0.5495924677640823
1408773600,-0.27438512547195837
1408795200,-0.18994846889594097
1408816800,-0.23283542149520542
1408838400,-0.19435254297523857
1408860000,-0.27025690626493115
1408881600,-0.27721245244936726
1408903200,-0.2381386578549777
1408924800,-0.16683688966178825
1408946400,0.5520519864349309
1408968000,-0.18046595575849766
1408989600,-0.15806343071104356
1409011200,-0.28796621082257634
1409032800,1.1196612091842977
1409054400,0.4845051940331464
1409076000,1.1398704167264988
1409097600,-0.2818152756845647
1409119200,-0.18706089322238523
1409140800,-0.27269799531733635
1409162400,-0.035948263258627024
1409184000,-0.07723640372253493
1409205600,-0.22103385547961493
1409227200,0.017957532439919762
1409248800,-0.22597670323940075
1409270400,-0.15194798576016932
1409292000,-0.2446895074881386
1409313600,-0.2033020625315804
1409335200,-0.17216715063285196
1409356800,-0.18714333446963344
1409378400,-0.2916628952041138
1409400000,-0.21418097796319455
1409421600,-0.23060032282973342
1409443200,-0.19770492968877412
1409464800,-0.2028316908508137
1409486400,0.5390864790425773
1409508000,-0.27838976766251583
1409529600,-0.1522819849619311
1409551200,-0.21621367383232215
1409572800,-0.24936756072737123
1409594400,0.5349491395059782
1409616000,-0.302653614974207
1409637600,-0.20959208955180977
1409659200,-0.30065422041646384
1409680800,-0.23049429153664527
1409702400,1.142302042410068
1409724000,0.507207286571208
1409745600,1.188654455284133
1409767200,-0.16960584806014442
1409788800,-0.14137074295348945
1409810400,1.1270165044279548
1409832000,0.5920520592826235
1409853600,-0.2239106678372801
1409875200,-0.24300447506847994
1409896800,-0.2654540199003445
1409918400,-0.17310618618289958
1409940000,-0.2389517053372929
1409961600,0.5705090164158874
1409983200,-0.24351000859899094
1410004800,-0.3285900600341495
1410026400,-0.23593919055385681
1410048000,-0.2490474631822883
1410069600,-0.26691517738739945
1410091200,0.5577800449341652
1410112800,-0.25246893291705147
1410134400,-0.23959181484569902
1410156000,-0.26310264488946816
1410177600,-0.15124131889817546
1410199200,-0.27396885352599293
1410220800,-0.26256506423498327
1410242400,0.529632094231429
1410264000,-0.1465720941167588
1410285600,-0.27219440512813775
1410307200,-0.3038649102864218
1410328800,-0.2723815396848442
1410350400,0.4536770908201875
1410372000,-0.2530345814187488
1410393600,-0.27680739751901406
1410415200,1.1603331684559905
1410436800,-0.24392908943728733
1410458400,-0.1529568519572229
1410480000,1.172287882896265
1410501600,-0.25569650398705407
1410523200,1.1272921673143235
1410544800,-0.13860646236203647
1410566400,-0.18909519684532505
1410588000,0.49429429550912873
1410609600,-0.21067253941362457
1410631200,-0.17195017698671872
1410652800,-0.19944521371835644
1410674400,-0.288902341695805
1410696000,-0.18630587282008126
1410717600,-0.263286079695833
1410739200,-0.21523748501376253
1410760800,-0.060986490264460604
1410782400,-0.22858345402217525
1410804000,0.49391279493778795
1410825600,-0.18129894741279032
1410847200,-0.22020208242095052
1410868800,-0.21723175640068626
1410890400,0.5505572997577992
1410912000,0.07949483962095012
1410933600,-0.17432609852687017
1410955200,-0.28774299433699474
1410976800,-0.21297149931601358
1410998400,0.5401112494302642
1411020000,-0.18615620107661818
1411041600,-0.19951742586147506
1411063200,-0.1797970314260478
1411084800,-0.2308190508766129
1411106400,1.1025948158118697
1411128000,-0.19675841012867287
1411149600,1.1368089492567863
1411171200,-0.2089412648610841
1411192800,-0.24894856915006408
1411214400,-0.16941767676791694
1411236000,0.0258216710071221
1411257600,-0.1648958689287398
1411279200,-0.21225090944166378
1411300800,-0.27817132109941894
1411322400,-0.20353234181716295
1411344000,-0.1998117521218749
1411365600,-0.2510959892730463
1411387200,0.5835301666816609
1411408800,-0.23347100151906708
1411430400,-0.13039255489420337
1411452000,-0.24377272296175234
1411473600,-0.22988034808734273
1411495200,-0.24724024082303597
1411516800,-0.18905206924700338
1411538400,-0.16492350840441702
1411560000,-0.18559685148269434
1411581600,0.5225325194289703
1411603200,-0.2659858552768645
1411624800,-0.24609017270896727
1411646400,-0.2738761352730558
1411668000,-0.20380006983282253
1411689600,1.1136945731482442
1411711200,-0.1966501405184895
1411732800,0.5309844395975087
1411754400,1.19156187656474
1411776000,-0.17468258057796107
1411797600,1.1719526634551527
1411819200,-0.2135850947632924
1411840800,0.6172008493054786
1411862400,-0.16744073696932582
1411884000,-0.26079087778906757
1411905600,-0.1966891267928542
1411927200,-0.20036124903048877
1411948800,-0.21451912658542838
1411970400,0.4739918409225636
1411992000,-0.21056325102556447
1412013600,-0.24637829118184246
1412035200,-0.21176764328341174
1412056800,-0.202293347940405
1412078400,-0.2051476189141195
1412100000,0.48865340991405204
1412121600,-0.17588818648908974
1412143200,-0.19770294812038047
1412164800,-0.2350177559717765
1412186400,-0.2312141832457024
1412208000,-0.29260419983611297
1412229600,0.5696773736552105
1412251200,-0.293255373819447
1412272800,-0.23329341467584797
1412294400,-0.24824274811566993
1412316000,-0.298791366194621
1412337600,0.5620744920761593
1412359200,-0.20596200208725834
1412380800,-0.25923076836192915
1412402400,-0.2066408968859737
1412424000,-0.1025792922395097
1412445600,-0.22281868939564944
1412467200,-0.16692786442058208
1412488800,1.15034196918925
1412510400,-0.12229567162947935
1412532000,1.1758669826860446
1412553600,-0.1457968189291804
1412575200,-0.2152462978236601
1412596800,0.5010767357505238
1412618400,-0.18601285132397938
1412640000,-0.21838578032968853
1412661600,-0.2052430689235627
1412683200,-0.18377029730434957
1412704800,0.5540731963981496
1412726400,-0.15719806958675364
1412748000,-0.22690098834479894
1412769600,-0.2311182058015254
1412791200,-0.22935764242102333
1412812800,-0.19235652984775292
1412834400,-0.12817474467874218
1412856000,-0.19616032628197913
1412877600,-0.21538320941321526
1412899200,0.5325432920555387
1412920800,-0.21580203404729514
1412942400,-0.23071061532594903
1412964000,-0.22442448551400426
1412985600,-0.22712723114159392
1413007200,0.5990091747834948
1413028800,-0.20187602805535004
1413050400,-0.17093633551005516
1413072000,1.1649644644483457
1413093600,-0.17973610394615802
1413115200,1.1138459632352438
1413136800,-0.20229951022095097
1413158400,0.5510604446709444
1413180000,-0.25838868456962666
1413201600,-0.17669045765370442
1413223200,-0.19199180808954433
1413244800,-0.21279260528184052
1413266400,-0.1632350162817875
1413288000,-0.11580473476596803
1413309600,-0.2587354710534632
1413331200,0.08534907985904097
1413352800,0.3066610722202558
1413374400,-0.1930906418256376
1413396000,-0.2529951573534359
1413417600,-0.09244202321930114
1413439200,-0.22672097971833438
1413460800,-0.17005685355704292
1413482400,0.55465391337272
1413504000,-0.3049319271772963
1413525600,-0.17167380251983058
1413547200,-0.22603848621596828
1413568800,-0.23731158536594144
1413590400,-0.1953653749057503
1413612000,-0.25465755479576974
1413633600,-0.19617178333301885
1413655200,-0.19013422873753386
1413676800,1.1435968449665224
1413698400,0.5267239857997925
1413720000,-0.18965828192926026
1413741600,1.1817979988172382
1413763200,-0.1397153543675379
1413784800,1.174971465120383
1413806400,-0.14964521514857823
1413828000,-0.14968332439098594
1413849600,-0.11882066531640577
1413871200,-0.1604436537635945
1413892800,-0.24836700889698704
1413914400,-0.1579334158445938
1413936000,-0.2103098649716558
1413957600,-0.14327164900461514
1413979200,-0.08593655741450756
1414000800,-0.17621630989559636
1414022400,-0.13382644640713615
1414044000,-0.1887025358776996
1414065600,-0.2260874237065316
1414087200,0.5379104737644567
1414108800,-0.18039506720689538
1414130400,-0.1715613316684167
1414152000,-0.16096632927272184
1414173600,-0.19735522675495357
1414195200,-0.2219993296694892
1414216800,0.5714674294076949
1414238400,-0.22976214851649063
1414260000,-0.17937457063634368
1414281600,-0.23435061003614008
1414303200,-0.18120215268959766
1414324800,0.5629547586033083
1414346400,-0.15189800555824176
1414368000,-0.1669947631991081
1414389600,-0.18732306945535304
1414411200,-0.17851291948562759
1414432800,1.2351104057636937
1414454400,-0.13865141943070913
1414476000,-0.185691307332231
1414497600,1.1924472957767644
1414519200,-0.14889932652603838
1414540800,-0.1820592458571409
1414562400,-0.28007123097008924
1414584000,-0.17636391130600182
1414605600,-0.28651551904830885
1414627200,-0.2094452210278104
1414648800,-0.19649064389265516
1414670400,-0.25082555250055544
1414692000,0.49364027926356324
1414713600,-0.14806905991750932
1414735200,-0.1887059627025951
1414756800,-0.20245151060107686
1414778400,-0.18477922348721118
1414800000,-0.30463042864034373
1414821600,-0.17263590260602052
1414843200,-0.24137583390854636
1414864800,-0.19892146102121666
1414886400,-0.2421978844899192
1414908000,0.4882429619507842
1414929600,-0.16273039991701896
1414951200,-0.1820685765348234
1414972800,0.5411197349419719
1414994400,-0.2628325413496998
1415016000,-0.14192670255310844
1415037600,-0.2354852273747953
1415059200,1.127719957971037
1415080800,0.5009154702869761
1415102400,-0.20562265595124002
1415124000,1.1301127378061655
1415145600,-0.19578388767521243
1415167200,1.1437915961514875
1415188800,0.45591445319329826
1415210400,-0.16962241542257842
1415232000,-0.2694880225814426
1415253600,-0.20415938759520935
1415275200,-0.18290412855564717
1415296800,-0.2668276058785688
1415318400,0.06136846418366061
1415340000,-0.2595512934439876
1415361600,-0.24176522723084065
1415383200,-0.2720887394285117
1415404800,-0.2163016788517935
1415426400,-0.17325426088186618
1415448000,-0.24913878012591115
1415469600,-0.18181333939964597
1415491200,0.4799581508797409
1415512800,-0.2850212324563994
1415534400,-0.09875478760304396
1415556000,-0.22057880654441447
1415577600,-0.29625515909250666
1415599200,-0.18906450403476494
1415620800,-0.23869171483984694
1415642400,-0.18939741989393954
1415664000,1.1632608158035591
1415685600,0.5400551176420508
1415707200,1.1463462769048591
1415728800,-0.1466894977940164
1415750400,-0.16378133131031836
1415772000,1.135885529888594
1415793600,-0.21028282655840771
1415815200,0.6179422752916128
1415836800,-0.1590002652190612
1415858400,-0.27186028112566435
1415880000,-0.13736276369095152
1415901600,-0.20525606580407638
1415923200,-0.19860322042488773
1415944800,-0.23159430880662588
1415966400,-0.20824630212738102
1415988000,-0.26088861878664305
1416009600,-0.13972123893405394
1416031200,-0.18977050164551118
1416052800,-0.24168636564372642
1416074400,0.5628115212935945
1416096000,-0.2640312771716756
1416117600,-0.18853842546195068
1416139200,-0.25667836420027723
1416160800,-0.1919774276385476
1416182400,-0.2123796399888137
1416204000,-0.24958320259509426
1416225600,-0.16169053730860103
1416247200,-0.18099946048330634
1416268800,-0.2294065435659294
1416290400,-0.21397850691494227
1416312000,-0.16869189877391522
1416333600,-0.16335182549389393
1416355200,-0.14193660736978506
1416376800,-0.1786150623481186
1416398400,-0.07491592707482078
1416420000,1.2375834542784587
1416441600,-0.06336912240664015
1416463200,-0.16361296512515783
1416484800,1.152008010512471
1416506400,-0.12030786826677403
1416528000,1.1983020144125223
1416549600,0.5751226824467274
1416571200,-0.1347584234798289
1416592800,-0.20282672179668784
1416614400,-0.14500873856602575
1416636000,-0.23759612613531056
1416657600,-0.19390218178179783
1416679200,-0.20876999946947639
1416700800,-0.14221288989150946
1416722400,-0.1484437071883796
1416744000,-0.18268806481175812
1416765600,-0.1646123104496962
1416787200,-0.19250746112872325
1416808800,-0.17862593268280585
1416830400,-0.21813884912989684
1416852000,-0.1470706326821767
1416873600,-0.2526144724910356
1416895200,-0.14784484039167922
1416916800,0.562559785672827
1416938400,-0.1577941092997843
1416960000,-0.18634728989649432
1416981600,0.5596748436770039
1417003200,-0.21818740165285042
1417024800,-0.19986172127787286
1417046400,-0.10583747913974563
1417068000,-0.06127037115569993
1417089600,1.1732612022495623
1417111200,0.2055421755928522
1417132800,-0.021772947089171227
1417154400,1.0983269210406015
1417176000,-0.15626821365684992
1417197600,-0.20972538325197984
1417219200,-0.13162022724120098
1417240800,0.1575376676946915
1417262400,-0.20822946451081709
1417284000,-0.11459517736844738
1417305600,-0.10255670161675276
1417327200,-0.160998285989977
1417348800,-0.2073593244377403
1417370400,-0.2023404676701746
1417392000,-0.25212303112678713
1417413600,-0.1964822374581239
1417435200,-0.2263286866747818
1417456800,-0.20811368312945241
1417478400,-0.21635456417492616
1417500000,0.5014496135513506
1417521600,-0.217367919757622
1417543200,-0.026252907765986683
1417564800,-0.21762590173892815
1417586400,-0.19228013243322442
1417608000,0.6188529535052748
1417629600,-0.17790043269344355
1417651200,-0.12763124918551488
1417672800,-0.17227773986509862
1417694400,-0.11951060701159555
1417716000,1.1935762697590797
1417737600,-0.12152456818313055
1417759200,-0.15454805041199718
1417780800,1.1484584777947047
1417802400,-0.13170964973199176
1417824000,0.623803602286976
1417845600,-0.18772295503304118
1417867200,-0.13510374866440283
1417888800,-0.19081608211911452
1417910400,-0.14249671040401352
1417932000,0.5481920019576016
1417953600,-0.24789323005074357
1417975200,-0.1866310490494544
1417996800,-0.17618453977365478
1418018400,-0.20281866335359816
1418040000,-0.21173726435778004
1418061600,0.535041717869453
1418083200,-0.2605005838044116
1418104800,-0.23140644014807754
1418126400,-0.2929407354725222
1418148000,-0.20296639266574829
1418169600,-0.2392166750535105
1418191200,-0.19476949082250222
1418212800,-0.22795828554962233
1418234400,-0.19008101490322712
1418256000,-0.1228116655693472
1418277600,-0.2082878049973074
1418299200,-0.22035144019769184
1418320800,-0.17701062794787156
1418342400,0.5903140651258548
1418364000,-0.21279813082713728
1418385600,-0.17317078018196014
1418407200,-0.18894625110865731
1418428800,-0.1645361501991896
1418450400,1.1263132452519884
1418472000,-0.13904583612618862
1418493600,1.1406372886103398
1418515200,-0.20159181560566455
1418536800,-0.24135465344218163
1418558400,1.1408203286301495
1418580000,0.4823211654715388
1418601600,-0.17657176963234125
1418623200,-0.24262878864368093
1418644800,-0.3029332008613916
1418666400,-0.24500738454931406
1418688000,-0.2717120819291629
1418709600,-0.21816420461835415
1418731200,-0.266369095203661
1418752800,-0.23770804864944012
1418774400,-0.25823953646593173
1418796000,-0.3619285383388258
1418817600,0.504305836863764
1418839200,-0.24565704239684785
1418860800,-0.29138486892720633
1418882400,-0.2866740678250327
1418904000,-0.1822818901972322
1418925600,0.47884673369530484
1418947200,-0.3179642670329404
1418968800,-0.28587987821051764
1418990400,-0.16792535379599524
1419012000,-0.14160676015519283
1419033600,0.5413908955944854
1419055200,-0.24272257214596762
1419076800,-0.37647860088888596
1419098400,-0.18131845050353915
1419120000,1.0883333392776786
1419141600,0.46481518290467605
1419163200,1.1243218738420167
1419184800,-0.32602587352040446
1419206400,0.25869283381471964
1419228000,1.056560205744945
1419249600,0.46912227218588515
1419271200,0.008559845790206404
1419292800,-0.21519211555670523
1419314400,-0.2650979436162506
1419336000,-0.26932103407084285
1419357600,0.43990414834968317
1419379200,-0.36533600550667816
1419400800,-0.26663316617581134
1419422400,-0.38146959956716864
1419444000,0.4727998722044515
1419465600,-0.29052670545763226
1419487200,-0.3011239182078724
1419508800,-0.2617788873353144
1419530400,-0.21726962055008212
1419552000,0.5029311271482544
1419573600,0.4441427578295431
1419595200,-0.28970951371099807
1419616800,-0.18101114017053446
1419638400,-0.2878746650417413
1419660000,-0.30220161624948
1419681600,-0.29683659774194193
1419703200,-0.24194568179985707
1419724800,-0.2668726805078363
1419746400,1.017566854975703
1419768000,-0.2176297645552069
1419789600,1.0787033153086578
1419811200,-0.21406775225523075
1419832800,-0.2544916741013185
1419854400,1.1224369801024972
1419876000,0.47735278001556425
1419897600,-0.16008687729298948
1419919200,-0.22064147483397561
1419940800,-0.2607812455193277
1419962400,-0.24209520849948388
1419984000,0.46227908315519806
1420005600,-0.2115207705569865
1420027200,-0.25206730802829214
1420048800,-0.20916528962626843
1420070400,-0.27354974785045855
1420092000,-0.2750463129722197
1420113600,-0.25166963469191717
1420135200,-0.18785929896461004
1420156800,-0.27814858322698277
1420178400,-0.2365963768717896
1420200000,-0.15873020910506155
1420221600,0.5569891038742979
1420243200,-0.18607596886327452
1420264800,-0.2375328786876245
1420286400,-0.08904024190062534
1420308000,-0.14998832984305788
1420329600,-0.1554695785635795
1420351200,0.576364671753084
1420372800,-0.29109984074275286
1420394400,-0.18284441793544676
1420416000,-0.1696233817568194
1420437600,-0.22556994048419754
1420459200,1.2258391160022355
1420480800,-0.20225236582676834
1420502400,-0.13476182633446426
1420524000,1.1862717863348953
1420545600,-0.15655329019371006
1420567200,1.1523440116009256
1420588800,-0.14952104587135803
1420610400,-0.19821564524486895
1420632000,-0.17325339033379655
1420653600,-0.2321126648559272
1420675200,-0.2738372112738852
1420696800,-0.22572950102567013
1420718400,-0.26470619065881207
1420740000,0.5597116816586847
1420761600,-0.24971723405994292
1420783200,-0.19562726796728103
1420804800,-0.2652965535202221
1420826400,-0.18955103123805794
1420848000,-0.21266465370555715
1420869600,0.541308758686406
1420891200,-0.2284886008143349
1420912800,-0.21065319822263504
1420934400,-0.20165795732717073
1420956000,-0.20115467120847863
1420977600,-0.15188019939624123
1420999200,-0.14508608047703977
1421020800,-0.10609402588447668
1421042400,-0.236114701694868
1421064000,-0.16342537958501854
1421085600,0.5209655715352058
1421107200,-0.1586116941721139
1421128800,-0.15674085812781846
1421150400,-0.24536047481211298
1421172000,-0.15321087433247627
1421193600,1.220324342211206
1421215200,-0.231201766292984
1421236800,-0.12558999594530748
1421258400,1.1588689362639615
1421280000,0.4997191686940021
1421301600,0.05566035064124459
1421323200,-0.17383898032226572
1421344800,0.15902645395325007
1421366400,-0.11073775393966472
1421388000,-0.20119660628260344
1421409600,-0.21627503130891923
1421431200,-0.02666709116532215
1421452800,-0.21084432981934145
1421474400,0.542652386668048
1421496000,-0.1646330360109675
1421517600,-0.19037655464411665
1421539200,-0.1413278305405614
1421560800,-0.2363626706565078
1421582400,0.6379511279986236
1421604000,-0.06564048150144414
1421625600,-0.16705017649728815
1421647200,-0.13707511637612807
1421668800,-0.2711217945494286
1421690400,-0.1675233159346114
1421712000,-0.20488346183886127
1421733600,-0.22139504000424945
1421755200,-0.18094319670021142
1421776800,1.1505751941236295
1421798400,-0.17702942946338168
1421820000,1.1157190980783434
1421841600,-0.2739605498800281
1421863200,0.5026250032115597
1421884800,-0.20600006840120394
1421906400,-0.19087668060981391
1421928000,-0.13378704205841266
1421949600,-0.22482231488549426
1421971200,-0.2332073127488742
1421992800,-0.21621234709627324
1422014400,-0.2900945164868064
1422036000,-0.1781027425960408
1422057600,-0.2462665906078995
1422079200,-0.1970684953836277
1422100800,-0.22343925912649312
1422122400,-0.14101457810034465
1422144000,-0.21014320320565824
1422165600,-0.14766746808812498
1422187200,-0.17703958186583352
1422208800,0.592966435354679
1422230400,-0.15908566846752065
1422252000,-0.18840196883590443
1422273600,-0.13910416613918444
1422295200,-0.15435814353660054
1422316800,0.5759336783852012
1422338400,-0.24750337254628904
1422360000,-0.1926777643786987
1422381600,-0.17294291624622748
1422403200,-0.2012433902004022
1422424800,1.1694246376752848
1422446400,0.5688590737295383
1422468000,-0.25860642013196977
1422489600,1.255271592078714
1422511200,-0.18180911386428072
1422532800,1.1639163635524434
1422554400,-0.13705458201385887
1422576000,-0.29729856137146116
1422597600,-0.16990568400755832
1422619200,-0.25407717472034863
1422640800,-0.22601251413669055
1422662400,-0.2507372151382094
1422684000,-0.32419613810413284
1422705600,0.5277761959690598
1422727200,-0.2432644321360035
1422748800,-0.2767891746423595
1422770400,-0.2929920832253936
1422792000,-0.25236663760005834
1422813600,-0.2623237361055069
1422835200,0.5145305401239164
1422856800,-0.2898486578500821
1422878400,-0.19895180639863008
1422900000,-0.24020404149120436
1422921600,-0.22933440712855496
1422943200,0.5321548238776276
1422964800,-0.30170453805154474
1422986400,-0.22215724370002599
1423008000,-0.2704208025304083
1423029600,-0.24589090840890931
1423051200,-0.17416734978435114
1423072800,0.5186586470410386
1423094400,-0.20828441484531185
1423116000,-0.16906098645891732
1423137600,-0.20512894240553733
1423159200,1.0976139908208062
1423180800,-0.21013778662682472
1423202400,1.1671929357145046
1423224000,-0.2301404962748533
1423245600,-0.06481718820258767
1423267200,1.096474962629068
1423288800,0.5220520256467295
1423310400,-0.2519550336937336
1423332000,-0.2325439175779655
1423353600,-0.22061812619957039
1423375200,0.5549407441779795
1423396800,-0.25027019851762716
1423418400,-0.2072876075643476
1423440000,-0.22305784216301305
1423461600,-0.2534662907883057
1423483200,0.5233358495619329
1423504800,-0.22479544010785937
1423526400,-0.20840453163866862
1423548000,-0.26361015863011217
1423569600,-0.13899516810168128
1423591200,-0.19504232549982764
1423612800,-0.10583307638648608
1423634400,-0.28789430688748696
1423656000,-0.11465737246341132
1423677600,-0.1197068481139873
1423699200,-0.23962913449937423
1423720800,-0.25915663885399925
1423742400,-0.09529554465387378
1423764000,1.0731642064090166
1423785600,-0.19166968480052934
1423807200,1.112546446121779
1423828800,-0.2699071364816485
1423850400,-0.28584914175140486
1423872000,0.4527071673529026
1423893600,-0.2268606545425343
1423915200,-0.29422884295677265
1423936800,-0.24771137566540607
1423958400,0.5162927458512514
1423980000,-0.3338079282646158
1424001600,-0.23523556562804523
1424023200,-0.15278444163108637
1424044800,-0.25506843382687133
1424066400,0.513752042432111
1424088000,-0.18670162748073466
1424109600,-0.2164906173080066
1424131200,-0.18102894360291757
1424152800,-0.24509963653376166
1424174400,-0.1483269928644199
1424196000,0.5608278482284866
1424217600,-0.16744301611619267
1424239200,-0.19890208575635282
1424260800,-0.2827146206296501
1424282400,-0.2180706009023317
1424304000,0.5535217532854034
1424325600,-0.24910758233096428
1424347200,-0.19154432356235027
1424368800,-0.26996666770062
1424390400,-0.18980407495866797
1424412000,1.1227344069585161
1424433600,0.5405437209673337
1424455200,1.1224467859713103
1424476800,-0.17519686270326496
1424498400,-0.18481452358142172
1424520000,1.1802497136947034
1424541600,0.5246802231045792
1424563200,-0.2857536258397918
1424584800,-0.2305654655112698
1424606400,-0.3033166799717618
1424628000,-0.23567132126101198
1424649600,-0.266448283089387
1424671200,-0.2394130095745926
1424692800,-0.23872003609500567
1424714400,-0.18856396008025472
1424736000,-0.21065765776166662
1424757600,-0.24342434961781945
1424779200,-0.24205938557238318
1424800800,-0.233740424971535
1424822400,0.5557654970296513
1424844000,-0.26933617383277075
1424865600,-0.21405714615921725
1424887200,-0.2298875733447194
1424908800,-0.21474304823464374
1424930400,-0.29662433332755533
1424952000,0.5825834228592192
1424973600,-0.26449131986134816
1424995200,-0.2113336841679379
1425016800,-0.21036959520170964
1425038400,-0.22469135665989542
1425060000,0.5009846484083444
1425081600,-0.16144029378877478
1425103200,-0.1561361972871963
1425124800,-0.20272189131994678
1425146400,1.1878000959300177
1425168000,-0.22455269565516217
1425189600,1.2115290388019249
1425211200,-0.140045652644492
1425232800,1.1722675484166332
1425254400,-0.21474944061616819
1425276000,-0.2718300156821559
1425297600,-0.2017444891940849
1425319200,-0.21556277437821755
1425340800,-0.22091675564196284
1425362400,-0.24955939973828492
1425384000,0.5890074442590651
1425405600,-0.13139771969495018
1425427200,-0.22251022188071315
1425448800,-0.21050812848726388
1425470400,-0.1611677060407006
1425492000,-0.19639786188980798
1425513600,-0.186101944198584
1425535200,-0.19519766884067355
1425556800,-0.2739941883007216
1425578400,-0.16974936686539688
1425600000,0.5639572998408884
1425621600,-0.20240807252941734
1425643200,-0.16980831593606
1425664800,-0.24982407178841506
1425686400,-0.15909617778440294
1425708000,-0.25956952483831564
1425729600,-0.20005920418237613
1425751200,-0.22535706472888326
1425772800,-0.21571385319616118
1425794400,0.5776832700848161
1425816000,1.1740082355506825
1425837600,-0.24636110785214296
1425859200,1.1044053112125527
1425880800,-0.2552596189204101
1425902400,0.49229820025786153
1425924000,-0.046424479650958625
1425945600,-0.22240122972023674
1425967200,-0.21527519120331895
1425988800,-0.2836504940626745
1426010400,0.5687832470285643
1426032000,-0.23893914647440317
1426053600,-0.21168888221005452
1426075200,-0.22002778494206
1426096800,-0.168851942764208
1426118400,0.5610147932350661
1426140000,-0.2527635938271825
1426161600,-0.22830623507178244
1426183200,-0.21818877421218907
1426204800,-0.23452666680116474
1426226400,-0.3421087275437875
1426248000,-0.2002396121298608
1426269600,-0.2539866279314447
1426291200,-0.2520485158539371
1426312800,-0.16565772764342435
1426334400,0.5366917065289103
1426356000,-0.2188719502896286
1426377600,-0.14078209763742844
1426399200,-0.2178321010350835
1426420800,-0.27337104868195194
1426442400,1.1375718413382585
1426464000,0.49691836097513287
1426485600,1.1903904167491213
1426507200,-0.21476129495959892
1426528800,1.1900119375450602
1426550400,-0.22114692740745506
1426572000,-0.24297127056622553
1426593600,0.5846220296510138
1426615200,-0.19494636676466487
1426636800,-0.19000377102279736
1426658400,-0.24306107383695416
1426680000,-0.19149164110887376
1426701600,-0.198020371986588
1426723200,0.5705797387168473
1426744800,-0.23693090280255444
1426766400,-0.1405030134516272
1426788000,-0.18488246872057162
1426809600,-0.14188520146908024
1426831200,0.5918635925075219
1426852800,-0.2715716477456722
1426874400,-0.18261024344825236
1426896000,-0.2090879531707467
1426917600,-0.2392411634443664
1426939200,-0.1756527479266842
1426960800,-0.2565664807781397
1426982400,-0.1704529959677787
1427004000,-0.2396779100773069
1427025600,-0.23143260139110017
1427047200,-0.24789911314828525
1427068800,-0.22851115143481734
1427090400,-0.1751033266506034
1427112000,-0.1612627180517443
1427133600,-0.24403449020629953
1427155200,-0.20797739974421833
1427176800,-0.1808406076887401
1427198400,1.1378170771173057
1427220000,-0.15512005899754372
1427241600,1.138872538873372
1427263200,-0.1552249112100862
1427284800,0.16177054376091882
1427306400,0.6075255316355541
1427328000,-0.14413467174709527
1427349600,-0.2028826248445311
1427371200,-0.18599344381792482
1427392800,-0.13838594846568542
1427414400,-0.08712450250374325
1427436000,-0.23481990138455722
1427457600,-0.18428633052707336
1427479200,-0.12706679942963847
1427500800,-0.122671732596169
1427522400,0.5057267998586596
1427544000,-0.0833262869289253
1427565600,-0.18072016827363957
1427587200,-0.2032911884711222
1427608800,-0.18515068827835193
1427630400,0.5705398932308747
1427652000,-0.21011330993652166
1427673600,-0.09063394271647984
1427695200,-0.22454402102248677
1427716800,-0.12171675358739364
1427738400,0.5530675404706618
1427760000,-0.26872774558078427
1427781600,-0.2094120303196267
1427803200,1.0892562481256773
1427824800,-0.26525519228417427
1427846400,-0.18325437109288567
1427868000,1.0648848242310482
1427889600,-0.2142704447216751
1427911200,0.5430714223105184
1427932800,-0.2186268383369185
1427954400,-0.29061113967733077
1427976000,-0.18928331959652864
1427997600,-0.09837312072520668
1428019200,0.5545474547111214
1428040800,-0.22181452971909574
1428062400,-0.17574723271812775
1428084000,-0.20768812537232859
1428105600,-0.19691908531081204
1428127200,0.5538823675475361
1428148800,-0.3048714221070669
1428170400,-0.208044042277765
1428192000,-0.22044757917834615
1428213600,-0.24461026731268962
1428235200,-0.18232439170086573
1428256800,-0.26298669167740457
1428278400,-0.1605686597570154
1428300000,-0.21854320937636576
1428321600,-0.25212910139472183
1428343200,0.5150711311478697
1428364800,-0.16168734504800236
1428386400,-0.0699596570878112
1428408000,-0.15091317661165493
1428429600,1.1229372478317998
1428451200,-0.25402967241654506
1428472800,-0.22148484882890523
1428494400,1.112000018002489
1428516000,-0.20584244749430852
1428537600,1.1304409325771316
1428559200,-0.21637504542530456
1428580800,-0.23956979718700705
1428602400,0.5830143497318468
1428624000,-0.22082589639503467
1428645600,-0.2522113255268218
1428667200,-0.2563011697867745
1428688800,-0.2045125677906496
1428710400,-0.19260638882433467
1428732000,0.48487668803288075
1428753600,-0.2264363281496216
1428775200,-0.19716013666453355
1428796800,-0.22329952771437023
1428818400,-0.31506838799695486
1428840000,-0.21073735928543955
1428861600,-0.2874305977745748
1428883200,-0.24721118727175023
1428904800,-0.25258290872338574
1428926400,-0.2635427208070483
1428948000,-0.2928525702829947
1428969600,-0.16451963137885114
1428991200,0.5141022633250615
1429012800,-0.27296225275546443
1429034400,-0.26414127711500124
1429056000,-0.3231096462535641
1429077600,0.53723862676898
1429099200,-0.2805028705354227
1429120800,-0.2229906423095987
1429142400,-0.16952199302400411
1429164000,1.0579481331823035
1429185600,-0.25429956536394305
1429207200,0.5468113228263516
1429228800,1.104723848313143
1429250400,-0.260359602031371
1429272000,1.1515918929370212
1429293600,-0.278728614509091
1429315200,0.5269833191149929
1429336800,-0.26409834032266044
1429358400,-0.1843910737481061
1429380000,-0.2361075337209144
1429401600,-0.22573226770791255
1429423200,0.5366742168262123
1429444800,-0.28524545674925217
1429466400,-0.12198695523099734
1429488000,-0.22382658344373044
1429509600,-0.29869319237811276
1429531200,0.5464994601968317
1429552800,-0.22581524811846312
1429574400,0.11625669833109024
1429596000,-0.245223383251217
1429617600,-0.29653060294353223
1429639200,0.46876012698832753
1429660800,-0.21074396420556962
1429682400,-0.22276162753793358
1429704000,-0.16318010661806978
1429725600,-0.22144483102949125
1429747200,-0.2586448881159683
1429768800,-0.24489572429724688
1429790400,1.0331254845814974
1429812000,-0.2803137186315225
1429833600,-0.33580667222404714
1429855200,1.110468949982242
1429876800,-0.30724768672595504
1429898400,1.136408489403204
1429920000,-0.15408611010853202
1429941600,-0.22731731990357346
1429963200,-0.230279604834068
1429984800,-0.15921248821974202
1430006400,-0.1727329963154583
1430028000,0.49839917802433376
1430049600,-0.22411843144852941
1430071200,-0.2022088214688393
1430092800,-0.21558742902200378
1430114400,-0.29816519474516623
1430136000,0.5837527665166571
1430157600,-0.26870872792107175
1430179200,-0.22348482989576637
1430200800,-0.20272186105989853
1430222400,-0.19911432764092316
1430244000,-0.3016440535965985
1430265600,-0.11408055740907322
1430287200,-0.18086686418738446
1430308800,-0.20178418722401698
1430330400,-0.20134665334114926
1430352000,0.48890062328097483
1430373600,-0.22504616828511473
1430395200,-0.23548948014727797
1430416800,1.150769089777648
1430438400,-0.19660210768527014
1430460000,1.110642811222731
1430481600,-0.1678869106808508
1430503200,-0.20201178027019814
1430524800,1.168453262986635
1430546400,-0.2043561914420501
1430568000,-0.1402532654620298
1430589600,-0.1965849501760262
1430611200,-0.22340832424860363
1430632800,-0.23787115935397765
1430654400,-0.16372514101820937
1430676000,-0.2000575025950133
1430697600,-0.18190119041720182
1430719200,0.5810834800034627
1430740800,-0.27763710708008327
1430762400,-0.18505188923572782
1430784000,-0.20179443486037904
1430805600,-0.2354309221361671
1430827200,-0.15958546293259915
1430848800,0.5595769908966657
1430870400,-0.15843452344820608
1430892000,-0.22058590956076465
1430913600,-0.21526611962070474
1430935200,-0.26126223337559973
1430956800,0.5757553286257486
1430978400,-0.2047034881765313
1431000000,-0.20404558256633556
1431021600,-0.2460724741439451
1431043200,-0.25210151185370194
1431064800,-0.20446629790690024
1431086400,-0.23280075789029755
1431108000,-0.1695931076912156
1431129600,-0.21008726509056844
1431151200,-0.16528372823656928
1431172800,1.1889684039544577
1431194400,0.6441418133710323
1431216000,-0.1835023563671648
1431237600,1.1866086482882139
1431259200,-0.16248154994119268
1431280800,1.2046702890465952
1431302400,-0.16302103027476605
1431324000,-0.28054265010695617
1431345600,-0.17657246501531224
1431367200,-0.1754387269300582
1431388800,-0.18194005210284842
1431410400,-0.2809876362581517
1431432000,-0.12983435490233639
1431453600,-0.2330375118457653
1431475200,-0.20473143659959822
1431496800,-0.2088578752227051
1431518400,-0.16901050712274868
1431540000,-0.2614554927265648
1431561600,0.639798180911678
1431583200,-0.05376119491980187
1431604800,-0.1891910244679492
1431626400,-0.21796530153424734
1431648000,-0.14413774683356234
1431669600,0.6034998002455534
1431691200,-0.15321596107890295
1431712800,-0.18890515532556487
1431734400,-0.21596665299010642
1431756000,-0.29120222405607654
1431777600,-0.1626161383004462
1431799200,-0.20191052443930327
1431820800,-0.22114558000105425
1431842400,1.1376870493213465
1431864000,-0.10035569865730753
1431885600,-0.1322274427854309
1431907200,1.1776528970705784
1431928800,-0.22908978377404188
1431950400,0.6326220300556693
1431972000,-0.20887958051248107
1431993600,-0.1473805927606917
1432015200,-0.20462953070581485
1432036800,-0.2642918441490002
1432058400,0.5811758270725584
1432080000,-0.18561711680084741
1432101600,-0.23077953742353052
1432123200,-0.16736374948678334
1432144800,-0.21966131032383673
1432166400,-0.20033613760451052
1432188000,-0.2157450789596811
1432209600,-0.20894630137072226
1432231200,-0.22672116699414707
1432252800,-0.1804150072666734
1432274400,-0.19143793541406848
1432296000,-0.17958080235084378
1432317600,-0.23281737952110904
1432339200,-0.0048243812089119945
1432360800,0.5446066284965079
1432382400,-0.2538673807370489
1432404000,-0.2359292421246924
1432425600,-0.23432662629488607
1432447200,1.1681332457765377
1432468800,-0.19012072399309976
1432490400,-0.20363041222330155
1432512000,1.1895440031874098
1432533600,-0.22000756403944133
1432555200,1.1450388554280073
1432576800,0.5855370110671475
1432598400,-0.2324297622487252
1432620000,-0.260193923377147
1432641600,-0.2171505650880658
1432663200,-0.20598463616341006
1432684800,0.536332767206686
1432706400,-0.34717534803142314
1432728000,-0.20604026293002795
1432749600,-0.27827885399513386
1432771200,-0.2307584171437708
1432792800,-0.2370261160540795
1432814400,-0.2705110639975588
1432836000,0.4733732512633686
1432857600,-0.17968532816774957
1432879200,-0.2523639547558378
1432900800,-0.2578013404859099
1432922400,-0.2530871288189671
1432944000,-0.309349731925447
1432965600,0.5348822296328322
1432987200,-0.297492974498077
1433008800,-0.26545579346674053
1433030400,-0.245100221412813
1433052000,-0.3072685390729369
1433073600,-0.23525736965153524
1433095200,0.5510362080577262
1433116800,-0.23989478132033748
1433138400,-0.2454897441791814
1433160000,-0.18295015830172603
1433181600,1.1585316698906392
1433203200,0.578785513262887
1433224800,1.1595385251632597
1433246400,-0.12190050106157341
1433268000,-0.18512764823923378
1433289600,1.2181399718578638
1433311200,-0.1011812947903786
1433332800,0.47758853980306404
1433354400,-0.20778531130937575
1433376000,-0.20368185346315287
1433397600,-0.22774087881549457
1433419200,-0.16607518647101063
1433440800,-0.27562666964351634
1433462400,-0.18573369110175897
1433484000,-0.223686385619108
1433505600,-0.24138135516246376
1433527200,-0.2791704329967405
1433548800,-0.2446589567438158
1433570400,-0.22702230612343274
1433592000,0.553648582631153
1433613600,-0.21338995555152626
1433635200,-0.26879015388709104
1433656800,-0.2416578044290303
1433678400,-0.28100126803259134
1433700000,-0.21961161748282004
1433721600,-0.25811872636398553
1433743200,-0.19882063330762484
1433764800,-0.17724523827450597
1433786400,-0.22153520773596005
1433808000,0.7482421562268854
1433829600,-0.22009526143398256
1433851200,0.31660073638330943
1433872800,-0.20973854624369948
1433894400,-0.17477067077657576
1433916000,1.1067947784971226
1433937600,-0.1801136410962009
1433959200,1.1748696762100568
1433980800,0.5755066995757158
1434002400,-0.28657509874721293
1434024000,-0.1338369504232652
1434045600,-0.1793503473653832
1434067200,-0.1910577238283521
1434088800,0.5683880211706178
1434110400,-0.1969772244468856
1434132000,-0.24280516618260814
1434153600,0.04430333279299087
1434175200,-0.09745679965892633
1434196800,-0.21473135004755703
1434218400,-0.1754683613349009
1434240000,-0.2236496558509828
1434261600,-0.21616000697942836
1434283200,-0.22227549887766285
1434304800,-0.210203975790859
1434326400,-0.22218615028542554
1434348000,-0.265869501685392
1434369600,-0.23925118546703925
1434391200,0.561829055723791
1434412800,-0.19954323320133507
1434434400,-0.2245704078900906
1434456000,-0.153758086364026
1434477600,1.1621605598015234
1434499200,-0.14330747874523714
1434520800,1.1459073867689717
1434542400,-0.16863516616469654
1434564000,-0.16372989239464947
1434585600,1.222388648118961
1434607200,-0.14527340571508301
1434628800,-0.22952145204151284
1434650400,-0.16158987093693492
1434672000,-0.23211023355192711
1434693600,-0.2102840566716869
1434715200,-0.16901027385872083
1434736800,0.5243666886322036
1434758400,-0.16866610315987168
1434780000,-0.28675616715203067
1434801600,-0.22476734567925177
1434823200,-0.23986397027228634
1434844800,-0.1833861047439794
1434866400,-0.1952488756232396
1434888000,-0.24592944795875257
1434909600,-0.2479582396083098
1434931200,-0.262764772505658
1434952800,-0.18059059019718277
1434974400,-0.32710185132926917
1434996000,0.5189104533858078
1435017600,-0.3131591171494753
1435039200,-0.2238379327540318
1435060800,-0.27964672541057084
1435082400,-0.18936355705295507
1435104000,-0.21727157880544742
1435125600,0.5321918724521659
1435147200,-0.23448576520188988
1435168800,-0.18155201645982968
1435190400,-0.19643667233984674
1435212000,1.1151927893796778
1435233600,-0.18968647108186723
1435255200,1.195200434276963
1435276800,-0.19571717133732452
1435298400,1.0953477246359444
1435320000,-0.14327287777826492
1435341600,-0.2623581891719616
1435363200,1.1475261365233087
1435384800,0.5561411574774116
1435406400,-0.1994530693980218
1435428000,-0.29817285296717566
1435449600,-0.12505296036306818
1435471200,-0.19413998135338284
1435492800,0.5287173048361697
1435514400,-0.2627916527905326
1435536000,-0.2761458252383956
1435557600,-0.2079738308093856
1435579200,-0.2765028987255961
1435600800,-0.24329463581985505
1435622400,0.5140236896251736
1435644000,-0.27823562174884436
1435665600,-0.2525903204040285
1435687200,-0.1900607108061511
1435708800,-0.24236483815208917
1435730400,-0.2142779961657465
1435752000,-0.18985824155499373
1435773600,-0.2764750054013867
1435795200,-0.21944689701801465
1435816800,-0.26006308898528485
1435838400,0.5863655403470638
1435860000,-0.23431802277956396
1435881600,-0.19223226753238076
1435903200,1.1513123243345265
1435924800,-0.33227679258980436
1435946400,-0.22752818612579107
1435968000,1.1474123126543292
1435989600,-0.28255913516042996
1436011200,-0.17465450053786197
1436032800,-0.21868105692082923
1436054400,-0.1680651091343739
1436076000,-0.18606643232515732
1436097600,-0.22259844938982287
1436119200,0.5231595929745781
1436140800,-0.18571756004966217
1436162400,-0.13648490545781158
1436184000,-0.19806383982418105
1436205600,-0.1815337203607496
1436227200,0.5340593400107194
1436248800,-0.17697594594076832
1436270400,-0.27288616822580347
1436292000,0.1073428984322693
1436313600,-0.20007780785917187
1436335200,0.6012734016708293
1436356800,-0.1881298349194724
1436378400,-0.19273952359939925
1436400000,0.018627617501683843
1436421600,0.5683336677523049
1436443200,-0.19074406276021744
1436464800,-0.19520819043263454
1436486400,-0.13990404455382843
1436508000,-0.21690663152451944
1436529600,1.1821294458075453
1436551200,-0.15561763508095725
1436572800,1.2101647667163102
1436594400,-0.20695227603246755
1436616000,-0.0025846572720398323
1436637600,0.5630529201717936
1436659200,-0.178027568371619
1436680800,-0.14227140017714984
1436702400,-0.1742852018878457
1436724000,-0.25348915230226005
1436745600,-0.14243742536864107
1436767200,-0.1958752676868234
1436788800,-0.21457019891697293
1436810400,-0.2114494816691768
1436832000,-0.2800108613869356
1436853600,-0.1899710954527083
1436875200,-0.2177376620002678
1436896800,-0.23774259577004833
1436918400,-0.2136704280034265
1436940000,-0.2617129296138425
1436961600,-0.19847783165081367
1436983200,-0.1992778431528938
1437004800,0.5415725128509546
1437026400,-0.27198516672012707
1437048000,-0.16098100327956727
1437069600,-0.21893249294946715
1437091200,-0.1624168013044552
1437112800,0.5582491175299854
1437134400,-0.13341488295249274
1437156000,-0.18669191083736839
1437177600,-0.11466386490712531
1437199200,-0.14848540283611314
1437220800,-0.20887010640513856
1437242400,-0.15289265929084614
1437264000,1.2047939058736
1437285600,-0.18525576550034611
1437307200,1.2319586163342355
1437328800,-0.18490569396766557
1437350400,-0.16257247438572137
1437372000,1.143130221007961
1437393600,0.5495248347775606
1437415200,-0.2622862704388358
1437436800,-0.20667033033544396
1437458400,-0.2265625731040597
1437480000,-0.20239663468824545
1437501600,-0.2722091551400403
1437523200,0.5030682325631309
1437544800,-0.2593087418057133
1437566400,-0.29394410482378713
1437588000,-0.23641395404227591
1437609600,0.4925985659339599
1437631200,-0.21003381923313452
1437652800,-0.23854425569180807
1437674400,-0.19041851252139527
1437696000,-0.21030949862638076
1437717600,-0.23092140804802067
1437739200,-0.2406915759106343
1437760800,-0.2305356267772248
1437782400,-0.191551501705728
1437804000,-0.2561397586834387
1437825600,-0.20602078229429374
1437847200,-0.19995587011139623
1437868800,-0.20973234124696227
1437890400,1.03600880534263
1437912000,-0.20422240059646538
1437933600,1.0789216844057616
1437955200,-0.23631890860422
1437976800,-0.2614351947860272
1437998400,1.0989413485014625
1438020000,-0.31612714279285237
1438041600,0.5981561540762228
1438063200,-0.2335599528630934
1438084800,-0.22849296504322494
1438106400,-0.1979536466158207
1438128000,0.4710417220100944
1438149600,-0.18344578605892695
1438171200,-0.2947673767343586
1438192800,-0.22899922336548656
1438214400,-0.21435869428253795
1438236000,0.4677669554580347
1438257600,-0.21319734058805345
1438279200,-0.24576487108717063
1438300800,0.02575057817111446
1438322400,-0.2924495455136329
1438344000,0.18014136384027782
1438365600,-0.26435998343433703
1438387200,0.11249507955091842
1438408800,-0.28553718249207216
1438430400,-0.021850565383287
1438452000,-0.22335742326316826
1438473600,-0.1633169777085608
1438495200,1.1529620338653748
1438516800,-0.2986994504343199
1438538400,1.1681932236981167
1438560000,-0.24085808085820862
1438581600,-0.21695961212189885
1438603200,1.1990987325865028
1438624800,0.5349257084815648
1438646400,-0.14538818375384888
1438668000,-0.17182690085024582
1438689600,-0.2723528453756832
1438711200,-0.23533188285067855
1438732800,-0.2049928597830467
1438754400,-0.24292478947162147
1438776000,-0.19010510200230246
1438797600,-0.22843380013305253
1438819200,-0.2042156461801855
1438840800,0.5176234040033174
1438862400,-0.27711506818772436
1438884000,-0.21301794702758486
1438905600,-0.22639058366286507
1438927200,-0.19453766918848553
1438948800,-0.23784150579795
1438970400,0.5861884865032653
1438992000,-0.1917029761830286
1439013600,-0.24846341339592024
1439035200,-0.21383879450155757
1439056800,-0.16677842349347963
1439078400,-0.17456396572397187
1439100000,-0.1992355523487504
1439121600,-0.1955206305439642
1439143200,-0.18550860592941426
1439164800,-0.13971570332976246
1439186400,-0.24688840862651218
1439208000,1.2351403140210022
1439229600,-0.22358838431814324
1439251200,-0.14704116720242735
1439272800,1.2218597215703828
1439294400,-0.17785743566878492
1439316000,1.15707439203288
1439337600,-0.11829928712019883
1439359200,0.5996901833708722
1439380800,-0.20321065373103755
1439402400,-0.19926526742128772
1439424000,-0.27588142342146793
1439445600,-0.17166292194079336
1439467200,0.5267435805807228
1439488800,-0.19781323147369123
1439510400,-0.21994280310025022
1439532000,-0.2971151552901026
1439553600,-0.1815748353877656
1439575200,-0.17383515560770274
1439596800,-0.2086989435979274
1439618400,-0.22863355772095914
1439640000,-0.1861100760391652
1439661600,-0.20730529590755356
1439683200,-0.19959170071007773
1439704800,-0.23852272331570465
1439726400,-0.13062345081006776
1439748000,-0.20531006634583707
1439769600,-0.14731943992038393
1439791200,-0.192574914021765
1439812800,0.49317361414602845
1439834400,-0.21447550932863388
1439856000,-0.1882983592633409
1439877600,-0.20941005986884678
1439899200,-0.16530488912436742
1439920800,1.1456857592012177
1439942400,-0.16347564856750252
1439964000,-0.26459685885863327
1439985600,1.1534154564231753
1440007200,-0.1724966795513832
1440028800,1.185972152369411
1440050400,-0.20386416986037373
1440072000,-0.05106696396407204
1440093600,-0.2369828908091038
1440115200,-0.2743124335114472
1440136800,0.5497995616820497
1440158400,-0.23455354965024675
1440180000,-0.2282971342424628
1440201600,-0.22558616102631024
1440223200,0.07966513417691627
1440244800,0.5355879612856844
1440266400,-0.18452485691904047
1440288000,-0.19502417115443288
1440309600,-0.13911052523708906
1440331200,-0.19121882500107132
1440352800,-0.2158844454338862
1440374400,-0.16727291772763125
1440396000,-0.20285363940109896
1440417600,-0.04781170467844045
1440439200,0.03786268372016814
1440460800,-0.2068895585427893
1440482400,-0.29841866855359017
1440504000,-0.1749213342868491
1440525600,0.09536546926283743
1440547200,1.157172543463257
1440568800,0.0007654459721963772
1440590400,1.1411673301168193
1440612000,-0.3128132803695973
1440633600,-0.17542796124384277
1440655200,0.5478287877974501
1440676800,-0.2566978938682525
1440698400,-0.1831115832542257
1440720000,-0.21741544181072725
1440741600,-0.20200938781211739
1440763200,0.4997604295034458
1440784800,-0.25528196574976714
1440806400,-0.2040634505813888
1440828000,-0.25705918513942216
1440849600,-0.1794302134029076
1440871200,0.5633959540217347
1440892800,-0.210481924691054
1440914400,-0.21922061930214634
1440936000,-0.15497408305039134
1440957600,-0.1811321160809911
1440979200,-0.17268680028683242
1441000800,-0.21662604179233322
1441022400,-0.17198828350724302
1441044000,-0.15213627953166609
1441065600,-0.13417435010203044
1441087200,-0.18010814774423053
1441108800,0.49804401836894074
1441130400,-0.19036486111918122
1441152000,-0.2086614971301503
1441173600,-0.23847288066953026
1441195200,-0.15758009810223522
1441216800,1.1616442815211017
1441238400,0.6263432103382509
1441260000,-0.2050599601295354
1441281600,1.1770007412557086
1441303200,-0.20871434519601678
1441324800,1.1983210442263543
1441346400,-0.17024871876757525
1441368000,-0.16706397500933787
1441389600,0.00024713801424792846
1441411200,0.00024713801424792846
1441432800,0.00024713801424792846
1441454400,0.00024713801424792846
1441476000,0.00024713801424792846
1441497600,0.00024713801424792846
1441519200,0.00024713801424792846
1441540800,0.00024713801424792846
1441562400,0.00024713801424792846
1441584000,0.00024713801424792846
1441605600,0.00024713801424792846
1441627200,0.00024713801424792846
1441648800,0.00024713801424792846
1441670400,0.00024713801424792846
1441692000,0.00024713801424792846
1441713600,0.00024713801424792846
1441735200,0.00024713801424792846
1441756800,0.00024713801424792846
1441778400,0.00024713801424792846
1441800000,0.00024713801424792846
1441821600,0.00024713801424792846
1441843200,0.00024713801424792846
1441864800,0.00024713801424792846
1441886400,0.00024713801424792846
1441908000,0.00024713801424792846
1441929600,0.00024713801424792846
1441951200,0.00024713801424792846
1441972800,0.00024713801424792846
1441994400,0.00024713801424792846
1442016000,0.00024713801424792846
