timestamp,value
1222819200,0.00024600588093253475
1222840800,0.00024684253885883634
1222862400,0.0002476306868183331
1222884000,0.00024849971978862357
1222905600,0.00024959231212465363
1222927200,0.0002510878412632883
1222948800,0.00025323183719297686
1222970400,0.0002563762925845759
1222992000,0.00026103745153927596
1223013600,0.0002679805644789796
1223035200,0.00027834552389782035
1223056800,0.0002938340073496765
1223078400,0.00031698885205837056
1223100000,0.0003516115277559209
1223121600,0.00040338624676858434
1223143200,0.00048081317524675154
1223164800,0.0005966039564234424
1223186400,0.0007697686573247024
1223208000,0.0010287367654902588
1223229600,0.001416024628454922
1223251200,0.001995215617524371
1223272800,0.0028613989911974343
1223294400,0.004156781269052249
1223316000,0.006094033128979781
1223337600,0.0089912048279116
1223359200,0.01332394242007557
1223380800,0.019803577422508593
1223402400,0.02949391037657326
1223424000,0.043985861363207306
1223445600,0.06565866089449864
1223467200,0.09807046245680467
1223488800,0.17138124027589904
1223510400,0.25349563272887327
1223532000,0.18935918486409123
1223553600,0.19839459615073926
1223575200,0.2873046397652032
1223596800,0.24819294353502558
1223618400,0.2951809546729618
1223640000,0.20894324671804948
1223661600,0.07326405850223078
1223683200,-0.009567897555852883
1223704800,-0.06863766150975853
1223726400,-0.08658463376147114
1223748000,-0.06599194443879086
1223769600,-0.1358785717994802
1223791200,-0.1749994121565238
1223812800,-0.19289206609532114
1223834400,-0.19172277957871361
1223856000,-0.18012979965427614
1223877600,-0.1531802730600122
1223899200,-0.09819485423933386
1223920800,-0.13721416769609915
1223942400,-0.15367286884438583
1223964000,-0.15485384335607058
1223985600,-0.1300467643692833
1224007200,-0.07856307548131974
1224028800,-0.1259275605137047
1224050400,-0.15152142852178097
1224072000,-0.14427686213037622
1224093600,-0.12492170485862583
1224115200,-0.0788960126983349
1224136800,-0.007337935930680772
1224158400,-0.023011042712898833
1224180000,-0.003643931942453993
1224201600,0.06243987531941492
1224223200,0.16731948926230555
1224244800,0.3348079376472604
1224266400,0.37102135662228686
1224288000,0.3763987926383157
1224309600,0.2629518315682733
1224331200,0.2231055725168976
1224352800,0.26009911303253036
1224374400,0.15306568651282862
1224396000,0.11139977806428239
1224417600,0.010306248305644417
1224439200,-0.050180170521538545
1224460800,-0.07951248380677367
1224482400,-0.07870906649156859
1224504000,-0.04511401552719638
1224525600,-0.1110494088218984
1224547200,-0.15308729223702688
1224568800,-0.17636067383818585
1224590400,-0.18584861437760955
1224612000,-0.1979958700166751
1224633600,-0.1974639207462506
1224655200,-0.1969289585578306
1224676800,-0.19241906405008885
1224698400,-0.16815877980383398
1224720000,-0.13305271355651527
1224741600,-0.0761836055592161
1224763200,-0.10998924785099423
1224784800,-0.12140710434238036
1224806400,-0.1047502170777537
1224828000,-0.06884649404208079
1224849600,-0.0008777952302905755
1224871200,-0.01360093319003082
1224892800,0.01648797855494566
1224914400,0.09466839171059493
1224936000,0.2225873413223964
1224957600,0.19869480000360312
1224979200,0.24755825837588322
1225000800,0.16109889619380569
1225022400,0.1421860472501996
1225044000,0.19690961900410323
1225065600,0.09830588277917998
1225087200,0.040610367692817013
1225108800,0.014603371187626012
1225130400,0.025299557909559914
1225152000,0.07045695296156386
1225173600,0.03695123809588537
1225195200,0.04928451842353151
1225216800,0.05288722667430212
1225238400,0.06708847130533352
1225260000,0.12692985160641457
1225281600,0.03091341338412154
1225303200,-0.03156577065060748
1225324800,-0.0647619987152332
1225346400,-0.0709732225361336
1225368000,-0.03186414851734934
1225389600,-0.08845661171488127
1225411200,-0.11179532032949757
1225432800,-0.11421142363359031
1225454400,-0.09881847583931841
1225476000,-0.08777745990008852
1225497600,-0.04159825000052561
1225519200,0.02530910772741113
1225540800,0.1377985430823616
1225562400,0.09102405652219729
1225584000,0.09623835873552966
1225605600,0.1685035704666446
1225627200,0.08490688073149372
1225648800,0.06403140642616198
1225670400,-0.030178184218083923
1225692000,-0.07884807753435097
1225713600,-0.08875893502030806
1225735200,-0.07463415398279671
1225756800,-0.03235085622766749
1225778400,-0.07512659198347862
1225800000,-0.08386352032012051
1225821600,-0.07339526806103658
1225843200,-0.036861008639476806
1225864800,-0.09298294331830695
1225886400,-0.12047387900787043
1225908000,-0.13635364947584316
1225929600,-0.13612370996014453
1225951200,-0.12850616376366084
1225972800,-0.10486990858976018
1225994400,-0.043283754550640055
1226016000,-0.07949844123427594
1226037600,-0.0922466942266596
1226059200,-0.08086068650186443
1226080800,-0.05294841311049328
1226102400,0.011741608957150283
1226124000,-0.015510452398212107
1226145600,-0.003259996742897897
1226167200,0.04871154473365097
1226188800,0.153851198812044
1226210400,0.3240679767975946
1226232000,0.358028586341985
1226253600,0.3583231617457567
1226275200,0.2359271327300472
1226296800,0.1997382968305818
1226318400,0.23686930869543008
1226340000,0.1354307783695839
1226361600,0.09495442759957287
1226383200,-0.008726238539565806
1226404800,-0.07222058832954621
1226426400,-0.10130803240721738
1226448000,-0.10989441767845941
1226469600,-0.09293827519497845
1226491200,-0.04628525259292732
1226512800,-0.08972612402182539
1226534400,-0.11173121411246999
1226556000,-0.11143777581631006
1226577600,-0.07687880623306076
1226599200,-0.13925157918585607
1226620800,-0.18161087014679167
1226642400,-0.20897711598870702
1226664000,-0.21189045693579467
1226685600,-0.2068213960279366
1226707200,-0.1732832348686148
1226728800,-0.11801528268058663
1226750400,-0.15607221166417795
1226772000,-0.16782584687056462
1226793600,-0.14475557323158195
1226815200,-0.09878912067464324
1226836800,-0.018873516758471046
1226858400,-0.013223402407258611
1226880000,0.0375494854580771
1226901600,0.14697759247699194
1226923200,0.09925465548041332
1226944800,0.12447271677608
1226966400,0.2144357128151907
1226988000,0.16536218671783204
1227009600,0.19850319274617337
1227031200,0.0880347711921514
1227052800,0.03682730401880886
1227074400,0.048645129751924546
1227096000,-0.0031084447317620972
1227117600,-0.021980671746883867
1227139200,-0.003543758940859454
1227160800,0.0542822319415988
1227182400,0.045322552857628665
1227204000,0.07964340204759918
1227225600,0.17319115182428568
1227247200,0.31732289961898397
1227268800,0.33341450008019474
1227290400,0.33594241783324813
1227312000,0.21283530619335264
1227333600,0.09287288976542785
1227355200,0.038326243023322784
1227376800,0.027809768895380144
1227398400,-0.055970099769957316
1227420000,-0.10634607645726372
1227441600,-0.13836400441442534
1227463200,-0.15069173839100497
1227484800,-0.13786408527796068
1227506400,-0.10356535370790576
1227528000,-0.03863532488766108
1227549600,0.06415831460506503
1227571200,0.10350922827177271
1227592800,0.21410742402414026
1227614400,0.1859851662199516
1227636000,0.23960567790007967
1227657600,0.15536766545254932
1227679200,0.02389838114262885
1227700800,-0.05649602204033294
1227722400,-0.10643923272424366
1227744000,-0.1368774619561753
1227765600,-0.15696175218245814
1227787200,-0.16392895618419426
1227808800,-0.15563867131905867
1227830400,-0.1341294738130755
1227852000,-0.0950895454435279
1227873600,-0.14578678434914522
1227895200,-0.1738615966658285
1227916800,-0.19098061061344104
1227938400,-0.20121332325419078
1227960000,-0.19425813832192407
1227981600,-0.18935926583431512
1228003200,-0.1742086045310679
1228024800,-0.15645734185470053
1228046400,-0.12968410471639719
1228068000,-0.09237557635695218
1228089600,-0.024425989333722226
1228111200,0.05584283454108565
1228132800,0.05367756725351634
1228154400,0.09957875319045426
1228176000,0.2006579398045289
1228197600,0.15873674338677535
1228219200,0.18149610447587355
1228240800,0.2786824850889281
1228262400,0.2326473938044502
1228284000,0.2583482796791919
1228305600,0.1458259350480971
1228327200,0.09041751751906829
1228348800,0.07966015181509095
1228370400,-0.008668138573857745
1228392000,-0.055542240151399004
1228413600,-0.0812972479262772
1228435200,-0.08184316490255503
1228456800,-0.057077413972331265
1228478400,-0.0004332146897001593
1228500000,-0.04315050058201397
1228521600,-0.06874815815153254
1228543200,-0.09048825350300733
1228564800,-0.09675263906452171
1228586400,-0.0730895733032123
1228608000,-0.029691062355272108
1228629600,-0.08079576638281205
1228651200,-0.10490530060117335
1228672800,-0.11664345936956716
1228694400,-0.10805356446141429
1228716000,-0.08483362332905706
1228737600,-0.030876970989319602
1228759200,-0.06280533735455919
1228780800,-0.06365677531580724
1228802400,-0.045157377559829376
1228824000,-0.0003042682238207639
1228845600,-0.04380977832375223
1228867200,-0.05158342341306099
1228888800,-0.023861565107267196
1228910400,0.04784643082982393
1228932000,0.17512267016422636
1228953600,0.14689350163007187
1228975200,0.18318004014498152
1228996800,0.2938631140435243
1229018400,0.27290777273884087
1229040000,0.10727131812701773
1229061600,-0.006335320491482083
1229083200,-0.07935712254804288
1229104800,-0.12211359381057874
1229126400,-0.14730489360563107
1229148000,-0.15682111851463423
1229169600,-0.1389604220400555
1229191200,-0.1044538915060888
1229212800,-0.05995129657053953
1229234400,-0.0010506634674688348
1229256000,-0.014321635898828178
1229277600,0.010567063603691057
1229299200,0.031809765605958745
1229320800,0.04827467170104561
1229342400,0.07910835238250583
1229364000,0.04024165578974499
1229385600,-0.0011236553755219654
1229407200,-0.014767907098528286
1229428800,0.007597544597623324
1229450400,0.05448929102602769
1229472000,0.025723981587464154
1229493600,0.05002542433748049
1229515200,0.11761301763443938
1229536800,0.24915646076562514
1229558400,0.2367198809930518
1229580000,0.18020174759529464
1229601600,0.20872644577837962
1229623200,0.08475183944383302
1229644800,0.004393948791062974
1229666400,-0.034749109800233303
1229688000,-0.033706974096469354
1229709600,-0.020042441656752494
1229731200,-0.004904906402821388
1229752800,0.0351901950500227
1229774400,-0.0074881099824188405
1229796000,-0.027280374580131567
1229817600,-0.03419567561534412
1229839200,-0.021012432434162474
1229860800,-0.0017412456831171486
1229882400,-0.05979137136226781
1229904000,-0.0931675924184744
1229925600,-0.10381905064737887
1229947200,-0.08927252540570908
1229968800,-0.05722043621332212
1229990400,-0.11636296159835735
1230012000,-0.1640293472460333
1230033600,-0.19650869671127377
1230055200,-0.20954628580090667
1230076800,-0.20923411564139222
1230098400,-0.2005427680773963
1230120000,-0.1829578521561952
1230141600,-0.15625002454208942
1230163200,-0.10813725082693654
1230184800,-0.028754795134551897
1230206400,0.09013454888467429
1230228000,0.04731127580731381
1230249600,0.055454094940367654
1230271200,0.11815817967437783
1230292800,0.008507418300989167
1230314400,-0.05936171571269859
1230336000,-0.1030479738998051
1230357600,-0.12475607841295955
1230379200,-0.12490734040121462
1230400800,-0.10175982329141674
1230422400,-0.0719678536077136
1230444000,-0.01304778517267094
1230465600,0.0966973075561823
1230487200,0.13979676470625638
1230508800,0.12069386466962
1230530400,0.16194715394892903
1230552000,0.2774248655828384
1230573600,0.250649543968237
1230595200,0.31193213894566846
1230616800,0.339617570389102
1230638400,0.23943256211297312
1230660000,0.22113840266261447
1230681600,0.06665887389737357
1230703200,-0.04501629845681118
1230724800,-0.12095783266144464
1230746400,-0.1684650980624946
1230768000,-0.19317863238669758
1230789600,-0.1899343364594087
1230811200,-0.1714443533395814
1230832800,-0.12579659851777483
1230854400,-0.0504855093855552
1230876000,-0.05986642081320344
1230897600,-0.026156565231119006
1230919200,0.04485985577465276
1230940800,0.1613266939418847
1230962400,0.12514593512652053
1230984000,0.15733514087033135
1231005600,0.2595340102378831
1231027200,0.2257471866257051
1231048800,0.2688066441392491
1231070400,0.18434023662776233
1231092000,0.04396636052022415
1231113600,-0.05513934730747469
1231135200,-0.1242369947789634
1231156800,-0.16967998195275366
1231178400,-0.18411597056382695
1231200000,-0.18186546959667688
1231221600,-0.16260994655259584
1231243200,-0.12347578077144025
1231264800,-0.07434204543956544
1231286400,0.012275934610375305
1231308000,0.009781486379576577
1231329600,0.027875000542167575
1231351200,0.04473133377254719
1231372800,0.06121495957679986
1231394400,0.06269313568210455
1231416000,-0.01395530080653952
1231437600,-0.0680573717775646
1231459200,-0.08687114235938972
1231480800,-0.12654205817390676
1231502400,-0.14122709525440474
1231524000,-0.13057985152598772
1231545600,-0.10316871525140583
1231567200,-0.04962011139150657
1231588800,0.03073339466561331
1231610400,0.15668725941402545
1231632000,0.11941887700257608
1231653600,0.1369380290811843
1231675200,0.21785970395393978
1231696800,0.15271798351621405
1231718400,0.12966151359827882
1231740000,0.038390758777268164
1231761600,-0.00751870489875435
1231783200,-0.023719495967352122
1231804800,-0.0027848357781871114
1231826400,-0.07060508480095612
1231848000,-0.0942258044450682
1231869600,-0.10035556513783774
1231891200,-0.08120977993147452
1231912800,-0.03761700925148319
1231934400,-0.0869181431823326
1231956000,-0.11205669226439549
1231977600,-0.11209011563055582
1231999200,-0.09723809924290851
1232020800,-0.05739465454164404
1232042400,-0.10895671119921196
1232064000,-0.13771983192407355
1232085600,-0.13881163702667998
1232107200,-0.12051608111625281
1232128800,-0.06707760118204474
1232150400,-0.1024539823356151
1232172000,-0.1031360637656237
1232193600,-0.06377799893027983
1232215200,0.008009492083551673
1232236800,0.13233010792213312
1232258400,0.10604916233634828
1232280000,0.14725094987490217
1232301600,0.2572493961557727
1232323200,0.23096078714770665
1232344800,0.28153691500694544
1232366400,0.19898490331854007
1232388000,0.0547991615412384
1232409600,-0.03456751724281995
1232431200,-0.09651832181309769
1232452800,-0.13321617166309546
1232474400,-0.14675070337333046
1232496000,-0.1668109006173391
1232517600,-0.16826266340416757
1232539200,-0.14738295829597525
1232560800,-0.11001755622382783
1232582400,-0.04102651144933939
1232604000,0.06161756804929869
1232625600,0.22498754687936365
1232647200,0.25058155137912447
1232668800,0.24488580153059136
1232690400,0.316891286822896
1232712000,0.2590119981203905
1232733600,0.28588556255223113
1232755200,0.1859365512540893
1232776800,0.042660637328551965
1232798400,-0.04665847742445792
1232820000,-0.09148782059398923
1232841600,-0.10972198292886036
1232863200,-0.09037906647047576
1232884800,-0.04415074819330761
1232906400,-0.08473512155676341
1232928000,-0.10141478657696996
1232949600,-0.09408566329656066
1232971200,-0.05422168380957049
1232992800,0.02060364181009619
1233014400,0.13628062809106453
1233036000,0.08672382421183775
1233057600,0.10049177148518924
1233079200,0.17369412406641954
1233100800,0.09170149632089916
1233122400,0.06900918149692437
1233144000,-0.010602531198977874
1233165600,-0.05733027127232372
1233187200,-0.06907994767177604
1233208800,-0.05384457781338847
1233230400,-0.12557857143872855
1233252000,-0.1776083072054115
1233273600,-0.20149668706631937
1233295200,-0.21645233899826133
1233316800,-0.22476579607161587
1233338400,-0.217293592910707
1233360000,-0.20850730838855458
1233381600,-0.1832201423179678
1233403200,-0.18151469854945834
1233424800,-0.16933648696449885
1233446400,-0.1607468095178483
1233468000,-0.134280120592211
1233489600,-0.07915811239798268
1233511200,-0.03467411756364114
1233532800,0.03873844560957926
1233554400,0.034615972154374244
1233576000,0.0805490550566935
1233597600,0.16002191685137776
1233619200,0.2939012175884374
1233640800,0.2930745085003008
1233662400,0.2631207123426053
1233684000,0.3127816521228167
1233705600,0.23152142476710091
1233727200,0.21940929329847192
1233748800,0.15959481738697578
1233770400,0.05538349611197195
1233792000,0.0006104850992757101
1233813600,-0.01297359930958103
1233835200,0.004065952116043048
1233856800,-0.06772841604767157
1233878400,-0.10456566135383137
1233900000,-0.12207135010887613
1233921600,-0.11223709884850233
1233943200,-0.07343580377107628
1233964800,-0.12254965200862536
1233986400,-0.14617444888283365
1234008000,-0.1521433253264788
1234029600,-0.14260877858205093
1234051200,-0.09922046597492416
1234072800,-0.14266758499945753
1234094400,-0.15296640507003645
1234116000,-0.14445001064916124
1234137600,-0.10882359077971177
1234159200,-0.029797910191275537
1234180800,-0.029672459408684473
1234202400,0.017365048656051624
1234224000,0.1119712428625674
1234245600,0.27339561155805636
1234267200,0.3091089152758387
1234288800,0.3223000958618605
1234310400,0.20815018131865276
1234332000,0.17265144876990718
1234353600,0.21833640662135345
1234375200,0.11883533478844509
1234396800,0.07924983971596222
1234418400,-0.030829101311592763
1234440000,-0.08369697749828545
1234461600,-0.11089064334101716
1234483200,-0.10918257866837582
1234504800,-0.0800273375084333
1234526400,-0.1409518989700344
1234548000,-0.16907193638316947
1234569600,-0.1664608289105438
1234591200,-0.14982442553655445
1234612800,-0.10808812695398856
1234634400,-0.030976022128328562
1234656000,0.09473786327711403
1234677600,0.17228637943690467
1234699200,0.10275768318127115
1234720800,0.1092673795046516
1234742400,0.18472147069738276
1234764000,0.1191015204080618
1234785600,0.008387505925620375
1234807200,-0.07731927079051523
1234828800,-0.13265308281819496
1234850400,-0.15511961612784614
1234872000,-0.14404707014292348
1234893600,-0.10938171759936977
1234915200,-0.044800164690943084
1234936800,-0.0673686183551194
1234958400,-0.05183461152653762
1234980000,-0.010029784890881882
1235001600,0.07829843859688002
1235023200,0.21282869235011137
1235044800,0.19664663024977883
1235066400,0.2622675432011171
1235088000,0.18649630362518255
1235109600,0.1794605543785508
1235131200,0.24497833060400723
1235152800,0.16704337926506352
1235174400,0.03887604190633839
1235196000,-0.039827040194902616
1235217600,-0.07809992532053214
1235239200,-0.08247209979727296
1235260800,-0.049714256871715795
1235282400,-0.10753753920007461
1235304000,-0.13465738826465806
1235325600,-0.15405899190256847
1235347200,-0.1587010924204442
1235368800,-0.14395025067265493
1235390400,-0.10010375874107083
1235412000,-0.029069847499327846
1235433600,-0.012472118509413477
1235455200,-0.012922467943116155
1235476800,0.015492839132933894
1235498400,-0.03356482322490115
1235520000,-0.05659307241967588
1235541600,-0.07026452753131149
1235563200,-0.05582692780501458
1235584800,-0.005227302594436739
1235606400,-0.044078079012493686
1235628000,-0.05038502526049386
1235649600,-0.011952525500975059
1235671200,0.05584860452712462
1235692800,0.17517879449644536
1235714400,0.14217794285345992
1235736000,0.1726493490692239
1235757600,0.04456114001759906
1235779200,-0.03460954736201592
1235800800,-0.07291367621172186
1235822400,-0.08935184694245199
1235844000,-0.08594277777523489
1235865600,-0.10346005217343475
1235887200,-0.10479681207333873
1235908800,-0.1015745172908335
1235930400,-0.07001351344331758
1235952000,-0.016112022005624643
1235973600,0.07950317949918156
1235995200,0.0960411850389419
1236016800,0.1704997839726359
1236038400,0.08654023078772893
1236060000,0.0515689274900889
1236081600,0.06415110867276946
1236103200,-0.00037931037635967335
1236124800,-0.030059262173661373
1236146400,-0.02195465767305159
1236168000,0.02252274614648303
1236189600,-0.023768484363213032
1236211200,-0.037025064770473334
1236232800,-0.02061218833185756
1236254400,0.0314610709250816
1236276000,0.11247650017097675
1236297600,0.229476227002558
1236319200,0.18873687569063735
1236340800,0.216029495596218
1236362400,0.10604454454602966
1236384000,0.051616537083077035
1236405600,0.038087773571281625
1236427200,-0.052525051589255994
1236448800,-0.11921270406540942
1236470400,-0.16365360439090199
1236492000,-0.19898431547203224
1236513600,-0.21947763813653257
1236535200,-0.23068360563868592
1236556800,-0.22928526347405734
1236578400,-0.22154798530706715
1236600000,-0.2087530003619599
1236621600,-0.1894309021879692
1236643200,-0.1524449447386132
1236664800,-0.0907585599889976
1236686400,-0.0007892377739148193
1236708000,0.13808642873427018
1236729600,0.11397729585201219
1236751200,0.02636311309333335
1236772800,-0.023206343329768557
1236794400,-0.040045072785924514
1236816000,-0.03344532497427059
1236837600,-0.027855452559568575
1236859200,0.00893548476730438
1236880800,0.08609729160634748
1236902400,0.08205044317705701
1236924000,0.1251418660911057
1236945600,0.21328557074877702
1236967200,0.367905853435863
1236988800,0.38743292759321746
1237010400,0.37449173273329744
1237032000,0.24338872569639985
1237053600,0.18192937969422746
1237075200,0.1985767904920956
1237096800,0.05855967130410822
1237118400,-0.03499165154673224
1237140000,-0.09355414484469102
1237161600,-0.1164813686924934
1237183200,-0.127532976729892
1237204800,-0.11909274545243345
1237226400,-0.08420566636937589
1237248000,-0.1445075048325265
1237269600,-0.17584365148781045
1237291200,-0.19946997612037026
1237312800,-0.20864803001216184
1237334400,-0.22643016226526008
1237356000,-0.22650051053475903
1237377600,-0.21719403629104797
1237399200,-0.19940315491519145
1237420800,-0.16979629784414085
1237442400,-0.1141533713842578
1237464000,-0.15095713486032264
1237485600,-0.17143842793087471
1237507200,-0.17281989012183396
1237528800,-0.1606944867540543
1237550400,-0.12462440603890226
1237572000,-0.07651148206418923
1237593600,0.0011352419575136052
1237615200,0.1104797060111335
1237636800,0.2794096405141789
1237658400,0.32699535541234537
1237680000,0.3444362611157227
1237701600,0.23961414958656146
1237723200,0.2235359464919568
1237744800,0.2775284623388257
1237766400,0.20008026256030603
1237788000,0.06735534889148403
1237809600,-0.004379029168968998
1237831200,-0.02857500684569069
1237852800,-0.0004159517659553108
1237874400,-0.05431956960139089
1237896000,-0.07264656108529653
1237917600,-0.06507616998043309
1237939200,-0.04426473320610261
1237960800,0.02225871987181472
1237982400,0.014510439670841785
1238004000,0.05551849032731768
1238025600,0.14784486194365787
1238047200,0.09220463636810426
1238068800,0.08802869103941763
1238090400,0.020922077783696744
1238112000,-0.015301184583481477
1238133600,-0.018895430357262072
1238155200,0.020743033505414524
1238176800,-0.01499219788132422
1238198400,-0.014978529595537915
1238220000,0.02141654417106567
1238241600,0.11421314305219238
1238263200,0.27345892403038874
1238284800,0.2971760779478582
1238306400,0.2867544239838365
1238328000,0.15478265307310787
1238349600,0.07811087380728818
1238371200,0.05796188534827587
1238392800,-0.03465194267767695
1238414400,-0.0903677222221721
1238436000,-0.11710599155138814
1238457600,-0.10419856266701967
1238479200,-0.07590036378626405
1238500800,-0.14120289626195448
1238522400,-0.18338697240697635
1238544000,-0.20471874415341887
1238565600,-0.20806671241777963
1238587200,-0.21074095305717971
1238608800,-0.20075344677885734
1238630400,-0.19752628468322528
1238652000,-0.18923961122742736
1238673600,-0.1689415119913868
1238695200,-0.14486929960359213
1238716800,-0.10889231854145558
1238738400,-0.05030276025598686
1238760000,-0.08194493379248348
1238781600,-0.0908966868562921
1238803200,-0.07998574487590733
1238824800,-0.04580347360218684
1238846400,0.02247876120127689
1238868000,-0.003682164017577483
1238889600,0.005986389614873813
1238911200,0.04674231426129713
1238932800,0.12851117539234663
1238954400,0.2797935541193598
1238976000,0.28192252930391914
1238997600,0.36350417645694155
1239019200,0.4127703337709467
1239040800,0.328633903050562
1239062400,0.32285630484944283
1239084000,0.1718579571462159
1239105600,0.09251344457208519
1239127200,0.06801596339292434
1239148800,-0.028052943441178646
1239170400,-0.09475365315184776
1239192000,-0.13750553743218885
1239213600,-0.1703647552210836
1239235200,-0.1916000480399874
1239256800,-0.20455039806199118
1239278400,-0.20364242638666055
1239300000,-0.19316645908428232
1239321600,-0.17536447448429143
1239343200,-0.13732392845756314
1239364800,-0.07988292190334956
1239386400,-0.11388646581515269
1239408000,-0.12650364303518308
1239429600,-0.12613808129493637
1239451200,-0.1025344292743621
1239472800,-0.048759288311369595
1239494400,-0.08941056709438745
1239516000,-0.11040643202103245
1239537600,-0.10444665401756043
1239559200,-0.07828662345892552
1239580800,-0.02367926147649696
1239602400,-0.05626183239517329
1239624000,-0.04137961661141892
1239645600,0.0010554408801945192
1239667200,0.09152206699935098
1239688800,0.22192730277795175
1239710400,0.2048200237157825
1239732000,0.2551538981822048
1239753600,0.1715202242603824
1239775200,0.14549750438032955
1239796800,0.056328487395008245
1239818400,0.01378140537091661
1239840000,-0.0009272244147739903
1239861600,0.027038070598397232
1239883200,0.07230622484324373
1239904800,0.05174145856633453
1239926400,0.07887084082116831
1239948000,0.15942504842946853
1239969600,0.09464159471311984
1239991200,0.08749647670855965
1240012800,0.011022199964235695
1240034400,-0.017954218230367455
1240056000,-0.003708005267169856
1240077600,0.01328476651864094
1240099200,-0.05114790660554991
1240120800,-0.0810563240799469
1240142400,-0.07806085034847016
1240164000,-0.05378877432952636
1240185600,0.0016283658529842732
1240207200,-0.03686638676670064
1240228800,-0.04315994655516864
1240250400,-0.004754727204605763
1240272000,0.0695116375025292
1240293600,0.19408560454249527
1240315200,0.17113364422606797
1240336800,0.20927480782372193
1240358400,0.10093645193820586
1240380000,0.04861933158425046
1240401600,0.04508069496405459
1240423200,-0.03381185465678106
1240444800,-0.07027996378215876
1240466400,-0.08322782386938982
1240488000,-0.07350188590632074
1240509600,-0.042087734762352835
1240531200,-0.09640486162300801
1240552800,-0.12126426531482593
1240574400,-0.11825047435280986
1240596000,-0.08933131259095453
1240617600,-0.03871134544409219
1240639200,-0.07613386976683989
1240660800,-0.0924460660657454
1240682400,-0.08557128371120526
1240704000,-0.06378344806146558
1240725600,-0.021255719904838252
1240747200,-0.07266272298934959
1240768800,-0.10201316828472991
1240790400,-0.11525153653064137
1240812000,-0.11941159108621938
1240833600,-0.10423446763734652
1240855200,-0.07927698793730792
1240876800,-0.05005159945743326
1240898400,-0.006723959824879194
1240920000,0.07619188574468294
1240941600,0.19989650255085936
1240963200,0.1707654149071475
1240984800,0.2013182785493547
1241006400,0.29731947902696854
1241028000,0.24646619574993
1241049600,0.2747272767556611
1241071200,0.14489333681981076
1241092800,0.0740057192504742
1241114400,0.05454379521313263
1241136000,-0.04472700010602294
1241157600,-0.1013596638014043
1241179200,-0.13640408468372725
1241200800,-0.14199652464840742
1241222400,-0.1284660208181408
1241244000,-0.0922762091480876
1241265600,-0.14480975629098874
1241287200,-0.17860217498937045
1241308800,-0.20132784399581857
1241330400,-0.213112291605178
1241352000,-0.2139071549408296
1241373600,-0.21015330142832436
1241395200,-0.20219894441238834
1241416800,-0.1887678651727105
1241438400,-0.1605597317797511
1241460000,-0.1259686885656089
1241481600,-0.06508145229581319
1241503200,-0.10555366744252068
1241524800,-0.12395285797669892
1241546400,-0.10623927418766173
1241568000,-0.06398470168747672
1241589600,0.013726934402457924
1241611200,0.01589431511096985
1241632800,0.0609264084904553
1241654400,0.16111739616066245
1241676000,0.32953489678998227
1241697600,0.3791359880193012
1241719200,0.41257182343887394
1241740800,0.33995826631229586
1241762400,0.29789235857684904
1241784000,0.33649678135118977
1241805600,0.24437759941821463
1241827200,0.1131709301935924
1241848800,0.03656307674272967
1241870400,0.008575026641750944
1241892000,0.02853120766716094
1241913600,-0.03197716303792493
1241935200,-0.05236911656304793
1241956800,-0.03895910437231274
1241978400,-0.017283011363038683
1242000000,0.03869931766045298
1242021600,0.14103262741322614
1242043200,0.08618190949541261
1242064800,0.08658983214779975
1242086400,0.011716705443313338
1242108000,-0.03429280400006449
1242129600,-0.03888296087922702
1242151200,-0.012104255925621796
1242172800,0.04860143809043691
1242194400,0.029737211274344613
1242216000,0.04127252981805489
1242237600,0.09008367278738291
1242259200,0.20121691868013086
1242280800,0.15987311914570612
1242302400,0.17901310886248817
1242324000,0.04545089901484345
1242345600,-0.03332565784981652
1242367200,-0.09064518419552224
1242388800,-0.12796663241567813
1242410400,-0.14850596751478873
1242432000,-0.16393687713409286
1242453600,-0.1694300342219732
1242475200,-0.16837341317770269
1242496800,-0.16250806402374637
1242518400,-0.15549436326903585
1242540000,-0.14329390776951334
1242561600,-0.11779899924589077
1242583200,-0.08567912860099068
1242604800,-0.03319954541326424
1242626400,-0.0791392198716526
1242648000,-0.10488444234969078
1242669600,-0.11905547061860361
1242691200,-0.12407581555201887
1242712800,-0.11923646112114156
1242734400,-0.10312316599091825
1242756000,-0.08718659271652013
1242777600,-0.06080529144752804
1242799200,-0.023263561421385887
1242820800,0.03413620954887324
1242842400,0.00597956651545469
1242864000,-0.0005506723096759675
1242885600,0.01641789923567981
1242907200,0.06365950220836245
1242928800,0.13624833371553233
1242950400,0.2524130573374558
1242972000,0.1982022257937704
1242993600,0.19925652506951202
1243015200,0.25336033330968677
1243036800,0.14912688927743173
1243058400,0.08705167430334194
1243080000,0.05919745999716053
1243101600,0.06306369495620323
1243123200,-0.019127380615428083
1243144800,-0.07142885851157622
1243166400,-0.10356571224619995
1243188000,-0.11723697515345546
1243209600,-0.1261921893291468
1243231200,-0.12462294394113839
1243252800,-0.11889650508345911
1243274400,-0.10250629372742906
1243296000,-0.08263048558746286
1243317600,-0.05327658887296882
1243339200,-0.005989329633024121
1243360800,-0.057238308527801526
1243382400,-0.09680421936624639
1243404000,-0.12341756045328649
1243425600,-0.13511359795578892
1243447200,-0.1403919446870026
1243468800,-0.14185613132190117
1243490400,-0.13908886946990054
1243512000,-0.1172805503278416
1243533600,-0.09189479412765891
1243555200,-0.045738118979751885
1243576800,0.023122019722996837
1243598400,-0.0005965473759068154
1243620000,0.0076569108929363805
1243641600,0.05146939445727261
1243663200,0.1185716488271231
1243684800,0.23781581391901335
1243706400,0.20559986895887067
1243728000,0.24295363965002978
1243749600,0.13997904593761937
1243771200,0.08623532231536775
1243792800,0.08387102693419257
1243814400,0.0027843331917347947
1243836000,-0.03705509664392157
1243857600,-0.04135369458543147
1243879200,-0.02575556875587566
1243900800,0.009216157701549058
1243922400,-0.04406751176330633
1243944000,-0.07020411243561765
1243965600,-0.07583760769844641
1243987200,-0.059845790278368616
1244008800,-0.024302023619495166
1244030400,-0.019810202254616646
1244052000,-0.006317772062996954
1244073600,0.03832752133179908
1244095200,-0.012178099531459236
1244116800,-0.03166364610441655
1244138400,-0.02081543577982488
1244160000,0.008970358904407782
1244181600,0.0707386339224884
1244203200,0.056150901053330364
1244224800,0.07564344102003896
1244246400,0.14228262382478762
1244268000,0.25806359798133793
1244289600,0.3268100795724521
1244311200,0.26020151044143663
1244332800,0.2782523689915209
1244354400,0.1494812156583632
1244376000,0.08251729087842234
1244397600,0.06143572950858783
1244419200,-0.03792740259141353
1244440800,-0.10120029361772567
1244462400,-0.13638592343180495
1244484000,-0.15390526082985362
1244505600,-0.16256918086146782
1244527200,-0.15038314282720128
1244548800,-0.13850424687080032
1244570400,-0.11275035573404013
1244592000,-0.0776526912991312
1244613600,-0.02689660167266024
1244635200,-0.07124043505502418
1244656800,-0.08625033301551475
1244678400,-0.0884425347086515
1244700000,-0.07526008328067672
1244721600,-0.030753178460034114
1244743200,-0.08579076135037567
1244764800,-0.12334552354218256
1244786400,-0.14839465302849553
1244808000,-0.14903007384837672
1244829600,-0.1468207907787306
1244851200,-0.13134447301345012
1244872800,-0.10839184931452878
1244894400,-0.06670996361816958
1244916000,-0.0014011322435389661
1244937600,0.1094714922192675
1244959200,0.25773176050242946
1244980800,0.2507578289337855
1245002400,0.3159885366208003
1245024000,0.2351037205051985
1245045600,0.23019273133488521
1245067200,0.28750523027158637
1245088800,0.20272372989310516
1245110400,0.05667209460227596
1245132000,-0.04398217449497173
1245153600,-0.10497603556373644
1245175200,-0.14353655155320091
1245196800,-0.16697305725586328
1245218400,-0.1783727530542718
1245240000,-0.1778324656332803
1245261600,-0.17149875114267193
1245283200,-0.15710303532826003
1245304800,-0.13885353258719466
1245326400,-0.11620454587472893
1245348000,-0.08684312302220316
1245369600,-0.031736945168350475
1245391200,-0.07948923560917585
1245412800,-0.10771612006274738
1245434400,-0.10149602999800625
1245456000,-0.08006667541980693
1245477600,-0.03084388658065894
1245499200,-0.07253355457945168
1245520800,-0.09796785570685419
1245542400,-0.09546522316742889
1245564000,-0.07972776441242013
1245585600,-0.03696271275489685
1245607200,0.03890644203375587
1245628800,0.04193770024232896
1245650400,0.0857540973461759
1245672000,0.17715665979452
1245693600,0.3395195309705837
1245715200,0.3814928681858656
1245736800,0.40999684167912914
1245758400,0.3270359652716698
1245780000,0.3419509100801885
1245801600,0.23028618832147607
1245823200,0.07832435710766367
1245844800,-0.021632475569448584
1245866400,-0.07960324616969938
1245888000,-0.11791058415614081
1245909600,-0.1389745657501374
1245931200,-0.14716476569738673
1245952800,-0.1315490334097242
1245974400,-0.10713036619646857
1245996000,-0.06677009195488792
1246017600,-0.11421292230833754
1246039200,-0.14131887835967122
1246060800,-0.1510327149772611
1246082400,-0.15906524643839284
1246104000,-0.14845613018168574
1246125600,-0.12440955690966472
1246147200,-0.07476874648767942
1246168800,-0.010216618215895812
1246190400,0.08430979692912473
1246212000,0.10732260703365616
1246233600,0.16307374141291722
1246255200,0.280135250372953
1246276800,0.2589838408045658
1246298400,0.32514354173792454
1246320000,0.36317668890730337
1246341600,0.29336945232352135
1246363200,0.2631466999513163
1246384800,0.1016784763542388
1246406400,0.00463748191323729
1246428000,-0.07088834581445279
1246449600,-0.11291131639716162
1246471200,-0.14018532744157583
1246492800,-0.16204931987587862
1246514400,-0.17793507556142338
1246536000,-0.18128499642701665
1246557600,-0.1877201018107355
1246579200,-0.19062110519155098
1246600800,-0.1927861222884962
1246622400,-0.18725873961982845
1246644000,-0.18894218187277612
1246665600,-0.18971363188781226
1246687200,-0.19852049782639222
1246708800,-0.2028182311951726
1246730400,-0.1856622903842139
1246752000,-0.15992827445017394
1246773600,-0.12049958741847858
1246795200,-0.04743684022158567
1246816800,-0.06914421800451151
1246838400,-0.0570360684812516
1246860000,-0.019217573013973754
1246881600,0.06009171218521786
1246903200,0.20081873031594788
1246924800,0.19970902834852045
1246946400,0.26417913615320565
1246968000,0.18482788779025747
1246989600,0.16792128075418894
1247011200,0.22646598466149204
1247032800,0.14074450821715379
1247054400,0.10595346433801672
1247076000,0.009360703941262774
1247097600,-0.047910315371627175
1247119200,-0.06524457720589012
1247140800,-0.05541495257242375
1247162400,-0.010084701470578314
1247184000,-0.05504017545074191
1247205600,-0.0676109191631253
1247227200,-0.045618957090127005
1247248800,0.014326214782829666
1247270400,0.11525263260500138
1247292000,0.2605202659514358
1247313600,0.27641267548274273
1247335200,0.254602052559848
1247356800,0.09100772667392615
1247378400,-0.01352455800760645
1247400000,-0.06205730053840569
1247421600,-0.08019609514459786
1247443200,-0.05441610459434046
1247464800,-0.11864743379620037
1247486400,-0.15851582365505906
1247508000,-0.1730371608772982
1247529600,-0.1611295200527879
1247551200,-0.1352309333797982
1247572800,-0.08747070176414692
1247594400,-0.005731020511376417
1247616000,0.11916541467273012
1247637600,0.09116970360812457
1247659200,0.12122344115476329
1247680800,0.21834942555942188
1247702400,0.1691223635152647
1247724000,0.19802765021866855
1247745600,0.09017833247938077
1247767200,0.029544246499326514
1247788800,0.02329838266531345
1247810400,-0.05530106755457352
1247832000,-0.09457079561514661
1247853600,-0.11138438766945968
1247875200,-0.10065483673776256
1247896800,-0.05680777260318236
1247918400,-0.09856195453044359
1247940000,-0.11852496854248093
1247961600,-0.11310994091658673
1247983200,-0.08679730661219719
1248004800,-0.03660140794220547
1248026400,-0.06877766928907449
1248048000,-0.08149016954731667
1248069600,-0.06408133902586534
1248091200,-0.015567596347107734
1248112800,-0.06392368604682899
1248134400,-0.08741032323153838
1248156000,-0.08975599440721803
1248177600,-0.06646164595851378
1248199200,-0.010826265361808737
1248220800,-0.036096153427187194
1248242400,-0.028495494092002208
1248264000,0.013641527868011427
1248285600,0.09621722324960405
1248307200,0.24549639550907787
1248328800,0.26227246615667377
1248350400,0.30335264742608725
1248372000,0.2242328220841352
1248393600,0.15896740547435803
1248415200,0.12097614900835557
1248436800,0.048534025865339586
1248458400,0.0335003591769369
1248480000,-0.004996765173399656
1248501600,-0.05943755993607317
1248523200,-0.0763455070264358
1248544800,-0.08388939615453027
1248566400,-0.07254989448541158
1248588000,-0.04317312341490376
1248609600,-0.10109614130126394
1248631200,-0.13553841829825547
1248652800,-0.16465397501303736
1248674400,-0.18482331015392525
1248696000,-0.17676486153924592
1248717600,-0.1715424047754641
1248739200,-0.15720270774446823
1248760800,-0.14693623121428478
1248782400,-0.10894464043120441
1248804000,-0.04246195178852073
1248825600,-0.04915473212183997
1248847200,-0.02236086273760604
1248868800,0.05114237146377568
1248890400,0.18062280130164068
1248912000,0.1663924878567899
1248933600,0.24422266619773322
1248955200,0.2827910684194412
1248976800,0.19857626431694717
1248998400,0.18437727668110437
1249020000,0.02429948817808225
1249041600,-0.07154186661182826
1249063200,-0.1362612070149335
1249084800,-0.17936602564870582
1249106400,-0.20262672580840493
1249128000,-0.20697725281509446
1249149600,-0.20498907017132967
1249171200,-0.190078893803518
1249192800,-0.16041238207921663
1249214400,-0.10818615833931441
1249236000,-0.03800576612631673
1249257600,0.07052674371246404
1249279200,0.22765964403984587
1249300800,0.24178195620227616
1249322400,0.22698399183172746
1249344000,0.2907581707187886
1249365600,0.22883537478079108
1249387200,0.2591975385426919
1249408800,0.15509822583842237
1249430400,0.13523411428268867
1249452000,0.061655579322688836
1249473600,-0.06680621856237293
1249495200,-0.1455077051871489
1249516800,-0.18421760484062594
1249538400,-0.198529252749419
1249560000,-0.19303900958610246
1249581600,-0.16941542721203548
1249603200,-0.1166902714757097
1249624800,-0.02529290082337432
1249646400,0.11486756696241296
1249668000,0.11164510473734937
1249689600,0.17964724975320523
1249711200,0.11375929464453201
1249732800,0.12071923051867323
1249754400,-0.016318607664241924
1249776000,-0.09902261487738324
1249797600,-0.14722483554066432
1249819200,-0.17333732764463375
1249840800,-0.17038924261378047
1249862400,-0.1358344025341391
1249884000,-0.07012394869704784
1249905600,-0.07454164647057464
1249927200,-0.0375166155261579
1249948800,0.04409032326658757
1249970400,0.1854548225177275
1249992000,0.19892835143470441
1250013600,0.16567990058165993
1250035200,0.216351597686723
1250056800,0.12667567620265657
1250078400,0.08619050281493337
1250100000,-0.019421221946617898
1250121600,-0.07246812964303445
1250143200,-0.10231571772039863
1250164800,-0.10561218558742658
1250186400,-0.07909890142231675
1250208000,-0.018555434534992865
1250229600,0.09643181565411305
1250251200,0.2679681598805774
1250272800,0.31588697783396935
1250294400,0.34170272163991466
1250316000,0.25392714959878104
1250337600,0.27339590967262706
1250359200,0.16149219311582902
1250380800,0.12758891625944013
1250402400,0.03796176835971971
1250424000,0.00732722876469756
1250445600,-0.03510941428671517
1250467200,-0.08572828245225873
1250488800,-0.12541374383201642
1250510400,-0.15371810331033864
1250532000,-0.1728494207836173
1250553600,-0.17690121960898403
1250575200,-0.1960918653401108
1250596800,-0.21100472151240615
1250618400,-0.20137302760546735
1250640000,-0.1974511782510736
1250661600,-0.1903709457336909
1250683200,-0.17429314867420237
1250704800,-0.15302436882005535
1250726400,-0.11322743054788502
1250748000,-0.056315084059431725
1250769600,-0.08959637363650477
1250791200,-0.09359384754014866
1250812800,-0.06623709100583462
1250834400,-0.02397483668589037
1250856000,0.04982861646055356
1250877600,0.1715918681306487
1250899200,0.1460697394706662
1250920800,0.19086969733343553
1250942400,0.08470462703445143
1250964000,0.03389414307388149
1250985600,0.0317021549505751
1251007200,-0.04525730212681427
1251028800,-0.09502408192090372
1251050400,-0.11681691233543245
1251072000,-0.12043744003742032
1251093600,-0.09909464904229275
1251115200,-0.05058329843963098
1251136800,-0.09295641048330762
1251158400,-0.11690987758095177
1251180000,-0.12238655733190223
1251201600,-0.0985488278934214
1251223200,-0.04984984268762044
1251244800,0.02959220741332222
1251266400,0.15740247969848192
1251288000,0.14087832097714903
1251309600,0.18439976534029578
1251331200,0.08254802276596783
1251352800,0.036489135982573334
1251374400,0.0405773073403137
1251396000,-0.03195820469262849
1251417600,-0.0593379610527944
1251439200,-0.06704170876219359
1251460800,-0.0538240695180877
1251482400,-0.00373965750958509
1251504000,-0.03741336115915854
1251525600,-0.021608398589844854
1251547200,0.03506371921125026
1251568800,0.1452931696751444
1251590400,0.3215869523953524
1251612000,0.3701189793971278
1251633600,0.4049085312565337
1251655200,0.3226283982612845
1251676800,0.33503650349240505
1251698400,0.22493946954786265
1251720000,0.07560848713552809
1251741600,-0.024133749876037724
1251763200,-0.08146240541979134
1251784800,-0.11008344715210563
1251806400,-0.1112180544567638
1251828000,-0.09866184500233875
1251849600,-0.05887614708889055
1251871200,-0.12188127901363528
1251892800,-0.16454436464558989
1251914400,-0.17922109348461188
1251936000,-0.18476576891972213
1251957600,-0.1812695872120731
1251979200,-0.16643146043061224
1252000800,-0.1491814103500591
1252022400,-0.11684725694730753
1252044000,-0.07946073267648227
1252065600,-0.012120039225917076
1252087200,-0.03569090093674594
1252108800,-0.025280719007242464
1252130400,0.01675912607243943
1252152000,0.09309038968035042
1252173600,0.08752924101126641
1252195200,0.1148122973251887
1252216800,0.20702711128790935
1252238400,0.14911697742977503
1252260000,0.16141310460162078
1252281600,0.23134903148271443
1252303200,0.15450578947499147
1252324800,0.13676409105945675
1252346400,0.04865681271258923
1252368000,-0.023441064139348128
1252389600,-0.07035040277246501
1252411200,-0.10118242422691484
1252432800,-0.11896835414544929
1252454400,-0.13403634849872736
1252476000,-0.14691112670944093
1252497600,-0.14742587383640787
1252519200,-0.1443951435524491
1252540800,-0.14081244783179092
1252562400,-0.13462869382066048
1252584000,-0.11172797294697333
1252605600,-0.08454067958928381
1252627200,-0.03351811029665852
1252648800,-0.08578433614924229
1252670400,-0.11898740700103921
1252692000,-0.1393287088136542
1252713600,-0.1382876022369668
1252735200,-0.13776613930817336
1252756800,-0.12276418974229437
1252778400,-0.08957216080666026
1252800000,-0.03404846786724719
1252821600,0.052546463387496245
1252843200,0.16172015868839498
1252864800,0.11458869112819733
1252886400,0.1258635288992755
1252908000,0.18945013947407405
1252929600,0.10268699054961508
1252951200,0.06090473593171282
1252972800,0.06432751455351404
1252994400,-0.012071059072166615
1253016000,-0.05914710401137596
1253037600,-0.0907879398085392
1253059200,-0.1061150280358584
1253080800,-0.09923406801097505
1253102400,-0.06986427341719996
1253124000,-0.018276296185222224
1253145600,-0.05899126463158181
1253167200,-0.07871920084923743
1253188800,-0.07481441806073766
1253210400,-0.03351523386801822
1253232000,0.04158554782877956
1253253600,0.03640312207975065
1253275200,0.07912151363715174
1253296800,0.16866466244638578
1253318400,0.10322048339666003
1253340000,0.08823948420955763
1253361600,0.1306259483684791
1253383200,0.11010673040212515
1253404800,0.02765599882390031
1253426400,-0.017173270362232207
1253448000,-0.033387766738528446
1253469600,-0.020360143953332938
1253491200,0.031230845228244583
1253512800,0.007932582649467813
1253534400,0.030981569012793794
1253556000,0.10732468262984018
1253577600,0.2378376461666134
1253599200,0.22352116057754334
1253620800,0.2797292158399508
1253642400,0.19761263362784767
1253664000,0.18011081419750075
1253685600,0.2222439772593379
1253707200,0.11964270997203981
1253728800,0.07858550667756325
1253750400,-0.0349410741369951
1253772000,-0.10540403656482306
1253793600,-0.1428243876099311
1253815200,-0.16146848276085918
1253836800,-0.16690415344468817
1253858400,-0.15686304086422223
1253880000,-0.1078782377280146
1253901600,-0.16130787147412107
1253923200,-0.1913037792023409
1253944800,-0.21132072441006325
1253966400,-0.2230165786335726
1253988000,-0.2273000421688424
1254009600,-0.21802084027128923
1254031200,-0.20638870290608374
1254052800,-0.1857487025807162
1254074400,-0.15026108412417172
1254096000,-0.09481751993731623
1254117600,-0.12707777365296544
1254139200,-0.1402042088283904
1254160800,-0.12810820347747637
1254182400,-0.0950653469761343
1254204000,-0.034625719227483254
1254225600,0.07254829516743685
1254247200,0.2319326637214501
1254268800,0.24634765478155496
1254290400,0.33311499821555224
1254312000,0.39728170249923445
1254333600,0.33976681953418963
1254355200,0.37693163192497914
1254376800,0.2933002995277716
1254398400,0.17682976495852418
1254420000,0.10572604235950564
1254441600,0.06170468888364945
1254463200,0.028644628274053757
1254484800,0.03429848878008168
1254506400,-0.029172820748890466
1254528000,-0.06140668485455422
1254549600,-0.06072518126718047
1254571200,-0.04477852316921682
1254592800,-0.004299676235086827
1254614400,-0.05001094045346741
1254636000,-0.07319500476897603
1254657600,-0.06378029012670769
1254679200,-0.026039958532901752
1254700800,-0.0735584860402534
1254722400,-0.11043321812724763
1254744000,-0.1289489592484316
1254765600,-0.13292449340125717
1254787200,-0.11225402864023153
1254808800,-0.06529551148007365
1254830400,0.007789192168091513
1254852000,0.12658054321233841
1254873600,0.30104247749968227
1254895200,0.34680510935674524
1254916800,0.35986425902024144
1254938400,0.2479442687426438
1254960000,0.20564926067715364
1254981600,0.22439078780969246
1255003200,0.08828627988814225
1255024800,0.004370542313209935
1255046400,-0.057519162384661246
1255068000,-0.1051683692402488
1255089600,-0.13427362716701302
1255111200,-0.15040157166039306
1255132800,-0.16364582495760183
1255154400,-0.17576632167808134
1255176000,-0.176137842108193
1255197600,-0.18188806628820098
1255219200,-0.18007878740156594
1255240800,-0.17869406088580464
1255262400,-0.17624100676521195
1255284000,-0.1681762368139
1255305600,-0.14745887463245505
1255327200,-0.13076494306407316
1255348800,-0.1081332565671782
1255370400,-0.07307325024069287
1255392000,-0.017962747330079076
1255413600,-0.053913614946767885
1255435200,-0.07606268093937722
1255456800,-0.07554982817473127
1255478400,-0.05905649704346676
1255500000,-0.021343633240237997
1255521600,0.04752363297363815
1255543200,0.022322981584437872
1255564800,0.018938910145159138
1255586400,0.03488131857252802
1255608000,0.08260205830943997
1255629600,0.15089501529217064
1255651200,0.2582076334466591
1255672800,0.1982059314731522
1255694400,0.19746748369755085
1255716000,0.23910860744647158
1255737600,0.11779890601972368
1255759200,0.02962050824723378
1255780800,-0.03271138322390039
1255802400,-0.06294582436530416
1255824000,-0.07335974090784797
1255845600,-0.06890751410001561
1255867200,-0.04444989978769903
1255888800,-0.005671977699930442
1255910400,-0.05975637870174644
1255932000,-0.10271753075090964
1255953600,-0.1306705774498281
1255975200,-0.14772159191690362
1255996800,-0.15133881247347813
1256018400,-0.15451286748839474
1256040000,-0.1614514845182967
1256061600,-0.17242592483820543
1256083200,-0.17935891184614683
1256104800,-0.178716905802399
1256126400,-0.17496415167385176
1256148000,-0.16186763347714983
1256169600,-0.13917116221891923
1256191200,-0.10570881450042947
1256212800,-0.056961394569324475
1256234400,0.009671859827351387
1256256000,0.09034015848554619
1256277600,0.20975251193243208
1256299200,0.38581688618403304
1256320800,0.43468886934596557
1256342400,0.45323024388451477
1256364000,0.44803684017878553
1256385600,0.33144450565415867
1256407200,0.28705600302888223
1256428800,0.18973115687626613
1256450400,0.13349568268117362
1256472000,0.09350253675225947
1256493600,0.06708398033413877
1256515200,0.072353012967491
1256536800,-0.005852149989778496
1256558400,-0.05113236626853389
1256580000,-0.0829099969271681
1256601600,-0.10734661087395894
1256623200,-0.1320151540399429
1256644800,-0.14978491536470526
1256666400,-0.16226105613403036
1256688000,-0.17187346531457323
1256709600,-0.16681103030594222
1256731200,-0.15994226535075703
1256752800,-0.1590894845693747
1256774400,-0.1635622297656988
1256796000,-0.15846705883526654
1256817600,-0.14351195067648498
1256839200,-0.11484850815768341
1256860800,-0.07936089227083702
1256882400,-0.02528815250323521
1256904000,0.04655860080202548
1256925600,0.15503843416654495
1256947200,0.10200919044886439
1256968800,0.10532874297906038
1256990400,0.16491670668751926
1257012000,0.05210707318649038
1257033600,-0.015115593807790997
1257055200,-0.06657950771128199
1257076800,-0.0926815471854925
1257098400,-0.09016231727363497
1257120000,-0.07191358286647244
1257141600,-0.03063877994204145
1257163200,-0.0778139923885834
1257184800,-0.10835228927449196
1257206400,-0.11896170359350743
1257228000,-0.11273779751447568
1257249600,-0.0852186845110634
1257271200,-0.03434225629146652
1257292800,-0.07055338552833501
1257314400,-0.08457045560274128
1257336000,-0.0721328806669034
1257357600,-0.03703040935093388
1257379200,0.03645413676369267
1257400800,0.03630146338550208
1257422400,-0.041490976738616306
1257444000,-0.07972421621753
1257465600,-0.09092336270214335
1257487200,-0.06906078929635776
1257508800,-0.019782918976213093
1257530400,0.07373476272832803
1257552000,0.08873640897362543
1257573600,0.15921058966800866
1257595200,0.2934176431262082
1257616800,0.2905917363529126
1257638400,0.3651441296074641
1257660000,0.40704212276409674
1257681600,0.334584236019844
1257703200,0.3531657680187421
1257724800,0.23947367476807288
1257746400,0.2037265430425299
1257768000,0.2557095035367887
1257789600,0.16268418452559946
1257811200,0.02019644825504155
1257832800,-0.07438844484175702
1257854400,-0.13822981200312204
1257876000,-0.1808692446630508
1257897600,-0.19852130334664878
1257919200,-0.2125720772374515
1257940800,-0.21667431412392585
1257962400,-0.20262533802586014
1257984000,-0.1775948271600984
1258005600,-0.11981875320926087
1258027200,-0.16335706386896914
1258048800,-0.1745355611226523
1258070400,-0.16942674645057998
1258092000,-0.14671758646116972
1258113600,-0.0933581548026075
1258135200,-0.13810246246036356
1258156800,-0.15762884609301106
1258178400,-0.1575056457629914
1258200000,-0.14428961595912934
1258221600,-0.11252928372633658
1258243200,-0.06312346022160886
1258264800,0.021061099964607956
1258286400,0.026733931270883776
1258308000,0.06663441848352697
1258329600,0.15717891522823305
1258351200,0.18151384440704055
1258372800,0.2748176444905849
1258394400,0.24132760056385938
1258416000,0.27916276437008714
1258437600,0.182267988356876
1258459200,0.15551190016671998
1258480800,0.06281947432169885
1258502400,0.022500185589930465
1258524000,-0.003641594791866227
1258545600,-0.01565326067231739
1258567200,0.0031120985038199794
1258588800,-0.053202129639086715
1258610400,-0.08428193874435226
1258632000,-0.0926039483500925
1258653600,-0.07152243020613919
1258675200,-0.13930285906070816
1258696800,-0.18012953176636592
1258718400,-0.2062636065629663
1258740000,-0.2082647281061439
1258761600,-0.20270692808085033
1258783200,-0.17563324785363504
1258804800,-0.13463488352414948
1258826400,-0.06780053582693113
1258848000,0.024958368328869926
1258869600,0.03649536490469747
1258891200,0.09991814250989178
1258912800,0.22895177684193263
1258934400,0.3685458915750633
1258956000,0.3846654754252247
1258977600,0.38896752644230265
1258999200,0.2744897038917082
1259020800,0.2435881477769083
1259042400,0.28724763045995894
1259064000,0.2065882821563792
1259085600,0.06899423067701616
1259107200,-0.01059166018650727
1259128800,-0.055413862198820246
1259150400,-0.06466432994652914
1259172000,-0.0416025886960185
1259193600,-0.0991469356856001
1259215200,-0.1375805439949804
1259236800,-0.15629640094827632
1259258400,-0.1558153392068597
1259280000,-0.13535007038740826
1259301600,-0.08303913034526593
1259323200,-0.13079249096196738
1259344800,-0.15087735350960332
1259366400,-0.15263353089600346
1259388000,-0.13557409233757645
1259409600,-0.08737669346069914
1259431200,-0.1378855718676642
1259452800,-0.16353716097820223
1259474400,-0.1701628352725486
1259496000,-0.1551122445215042
1259517600,-0.12409134639324222
1259539200,-0.08009054921971012
1259560800,-0.01107902730814998
1259582400,-0.023385883143745206
1259604000,-0.007734337275887376
1259625600,0.0437169974119104
1259647200,0.12926587859357477
1259668800,0.26735045673824176
1259690400,0.26928440062453146
1259712000,0.34435071641960724
1259733600,0.2816364879482767
1259755200,0.3000807646936922
1259776800,0.17035021064364828
1259798400,0.10511361568610114
1259820000,0.08862901124982794
1259841600,0.000961326057610512
1259863200,-0.04737396988771444
1259884800,-0.06317020689428889
1259906400,-0.057426854825605854
1259928000,-0.02690713993553394
1259949600,-0.09328199331813371
1259971200,-0.12756100361674347
1259992800,-0.13859314380971746
1260014400,-0.13271221691989835
1260036000,-0.1030080525300625
1260057600,-0.054520558171720634
1260079200,-0.09700618341822001
1260100800,-0.11404426589322673
1260122400,-0.1122067879180527
1260144000,-0.0946875209172799
1260165600,-0.05582378598988483
1260187200,-0.1079430008428425
1260208800,-0.13470920093448366
1260230400,-0.15108415147848295
1260252000,-0.1496501893083556
1260273600,-0.12753404221714595
1260295200,-0.08792535651182531
1260316800,-0.024050140648840396
1260338400,0.07407417310769715
1260360000,0.21961152300220133
1260381600,0.21418598402363764
1260403200,0.16682159220863763
1260424800,0.19131259693420416
1260446400,0.06256045288633813
1260468000,-0.016049550288777026
1260489600,-0.054919943582759895
1260511200,-0.06950983996799871
1260532800,-0.061511026516124036
1260554400,-0.037150094436619666
1260576000,0.00022606356878414335
1260597600,-0.036914164432475124
1260619200,-0.04847216810359809
1260640800,-0.02037603230486948
1260662400,0.04634076794209133
1260684000,0.03940102112569874
1260705600,0.08976844256578373
1260727200,0.17467377090674058
1260748800,0.10396528642913341
1260770400,0.09167886226405508
1260792000,0.01581229175170709
1260813600,-0.026402193423080266
1260835200,-0.03391312843748157
1260856800,-0.010762819608670454
1260878400,0.05455175036594323
1260900000,0.034091302894872375
1260921600,0.0587052501931276
1260943200,0.10370776865680065
1260964800,0.20375964813771558
1260986400,0.16751331404825243
1261008000,0.19933075913838919
1261029600,0.08426916396044663
1261051200,0.03553512207207675
1261072800,0.02946078057764359
1261094400,-0.050405819491337905
1261116000,-0.1014166954560775
1261137600,-0.11650478621298963
1261159200,-0.10487354179811939
1261180800,-0.05951984432854848
1261202400,-0.10363587104455932
1261224000,-0.11888290705559783
1261245600,-0.1156490458707807
1261267200,-0.08423296787437637
1261288800,-0.13713901301702386
1261310400,-0.162631116731968
1261332000,-0.15841391297375698
1261353600,-0.13555020334109616
1261375200,-0.08150556975885183
1261396800,-0.12376259997936763
1261418400,-0.13848516639527067
1261440000,-0.13890698259602835
1261461600,-0.11800539952057218
1261483200,-0.07516044457089313
1261504800,-0.003699738731717625
1261526400,-0.022258874568371497
1261548000,-0.00852132096740603
1261569600,0.0492999605429888
1261591200,0.1516563390427457
1261612800,0.30493750924922725
1261634400,0.3207134344438641
1261656000,0.31204689033657684
1261677600,0.380597361541438
1261699200,0.3281080493130645
1261720800,0.36353608041372565
1261742400,0.26728261199620984
1261764000,0.2500945081390859
1261785600,0.193271119303962
1261807200,0.06778080345317256
1261828800,-0.012413667967683853
1261850400,-0.04989355902914856
1261872000,-0.058402511425071454
1261893600,-0.026748927958143404
1261915200,-0.09051581619544387
1261936800,-0.12431439817052053
1261958400,-0.14061885152091239
1261980000,-0.13580111516348764
1262001600,-0.10597975141199477
1262023200,-0.05980498686926784
1262044800,-0.1158151590363561
1262066400,-0.14765782010831752
1262088000,-0.1634064996059063
1262109600,-0.17560581690216762
1262131200,-0.17847937927842497
1262152800,-0.17571806016987945
1262174400,-0.15752084040295022
1262196000,-0.13945329689789984
1262217600,-0.10965965538952296
1262239200,-0.07187120157270749
1262260800,-0.008554760317624949
1262282400,-0.026811442200002603
1262304000,-0.03268485087046699
1262325600,-0.020320012641729543
1262347200,0.011769008781398055
1262368800,0.0694111310671825
1262390400,0.18024340008576575
1262412000,0.12449688411783014
1262433600,0.11771791984257954
1262455200,0.15827448213929735
1262476800,0.04201796213745859
1262498400,-0.03610246822919269
1262520000,-0.0956108725393643
1262541600,-0.13991306148102994
1262563200,-0.16677479299390077
1262584800,-0.17811243672920438
1262606400,-0.17909303389719172
1262628000,-0.15860891886375963
1262649600,-0.12835128123969824
1262671200,-0.07433742275577271
1262692800,-0.023773987978315633
1262714400,-0.06333803414772571
1262736000,-0.08137464243905553
1262757600,-0.07998221647382832
1262779200,-0.05248122877632429
1262800800,0.0044487484023039425
1262822400,-0.03062245964739564
1262844000,-0.04513299807740265
1262865600,-0.02143923249443258
1262887200,0.028952394308508295
1262908800,0.11650803745621405
1262930400,0.1338434416231512
1262952000,0.20788389139259647
1262973600,0.3442726395788642
1262995200,0.35942701035738017
1263016800,0.3494767572548594
1263038400,0.21793951428558128
1263060000,0.1732152963009262
1263081600,0.215169015979162
1263103200,0.10356682931267783
1263124800,0.024046869604315783
1263146400,0.0010729340193766507
1263168000,-0.03948222823608849
1263189600,-0.05412897549510375
1263211200,-0.03645534612658166
1263232800,-0.09796620062704134
1263254400,-0.12879076147864812
1263276000,-0.13998786046325357
1263297600,-0.12309551747714938
1263319200,-0.08243485444968832
1263340800,-0.13463107741223698
1263362400,-0.1539190029959425
1263384000,-0.14705154969292247
1263405600,-0.12540075405695844
1263427200,-0.07144292896214974
1263448800,-0.10943177699987992
1263470400,-0.11907414066872775
1263492000,-0.11455994586455726
1263513600,-0.0859483905432479
1263535200,-0.034259171569814756
1263556800,0.054950086065965256
1263578400,0.0836597584515304
1263600000,0.17191648553188893
1263621600,0.3303382195839912
1263643200,0.36709809476474936
1263664800,0.3729419744720387
1263686400,0.2571735645826741
1263708000,0.21407802291115818
1263729600,0.25086734810448685
1263751200,0.14655442221625764
1263772800,0.11240636063180398
1263794400,0.008325536975014924
1263816000,-0.05616403627093655
1263837600,-0.09590911899574428
1263859200,-0.10986617460340187
1263880800,-0.09758721096189238
1263902400,-0.05783556206765127
1263924000,-0.10607082617856353
1263945600,-0.13216314559543585
1263967200,-0.1342405926937444
1263988800,-0.12190490114485958
1264010400,-0.08739207942056967
1264032000,-0.034931991231391804
1264053600,-0.07770001469295992
1264075200,-0.09072810452048569
1264096800,-0.07262936206781784
1264118400,-0.03322336164421981
1264140000,-0.09072867029617462
1264161600,-0.11613039485615802
1264183200,-0.1214571979013014
1264204800,-0.10716446028111344
1264226400,-0.07210880252123766
1264248000,0.002703365871161302
1264269600,-0.014650642176082682
1264291200,0.008235990767550633
1264312800,0.06534324903716424
1264334400,0.16679962206576782
1264356000,0.10682619324519001
1264377600,0.1033645191887779
1264399200,0.14806528699197932
1264420800,0.026838850387109398
1264442400,-0.04698338249863654
1264464000,-0.09264159256876242
1264485600,-0.10246159622561338
1264507200,-0.09703026146812396
1264528800,-0.06791407205599526
1264550400,-0.01952866223331029
1264572000,-0.06099348198459169
1264593600,-0.0720058859093295
1264615200,-0.0693752999903511
1264636800,-0.04636375672323016
1264658400,-0.0029737942881540996
1264680000,-0.04474958865396796
1264701600,-0.06292619150244395
1264723200,-0.0583248880224909
1264744800,-0.03019795162988337
1264766400,0.032765958342967194
1264788000,-0.0004820830307878288
1264809600,-0.0012103781779580422
1264831200,0.02279369955318121
1264852800,0.06557106377339758
1264874400,0.037464831248866
1264896000,0.04981517674767555
1264917600,0.09247511127155285
1264939200,0.18537184840986407
1264960800,0.2812991939546754
1264982400,0.23882144847522835
1265004000,0.2709248323750132
1265025600,0.16290277596029484
1265047200,0.11995743114165733
1265068800,0.11098095889547596
1265090400,0.026699797083758248
1265112000,-0.024936945538701197
1265133600,-0.055920137246015515
1265155200,-0.058674772951552434
1265176800,-0.030083741655187665
1265198400,-0.09358191766545312
1265220000,-0.1271078738793511
1265241600,-0.14654843690697633
1265263200,-0.1478910218911671
1265284800,-0.15170425449884953
1265306400,-0.14494325563202656
1265328000,-0.1335790369230853
1265349600,-0.11387697444944014
1265371200,-0.06779101023986742
1265392800,-0.11638840912580065
1265414400,-0.14961338107266983
1265436000,-0.1691628667669902
1265457600,-0.16616733641468912
1265479200,-0.1490361305166217
1265500800,-0.11747237610899681
1265522400,-0.06378535700833743
1265544000,0.03338432337411812
1265565600,0.17505689610193811
1265587200,0.16923105407384675
1265608800,0.23046460673854258
1265630400,0.1446087418522236
1265652000,0.11926817783373435
1265673600,0.16448024162920633
1265695200,0.037453538235322464
1265716800,-0.04877977363035342
1265738400,-0.1028924903138322
1265760000,-0.1433478334083276
1265781600,-0.14838102096614825
1265803200,-0.14091248957718416
1265824800,-0.10587730216911846
1265846400,-0.04928588893739278
1265868000,-0.07987768772921701
1265889600,-0.07412369491486125
1265911200,-0.036404156488712924
1265932800,0.0398648478132303
1265954400,0.17311410247664052
1265976000,0.16332831695059813
1265997600,0.221591661169335
1266019200,0.1392930386738866
1266040800,0.12484695494332183
1266062400,0.18017965964810861
1266084000,0.07565421364299874
1266105600,0.027380553091843653
1266127200,0.020736082210884466
1266148800,-0.06675962138958429
1266170400,-0.10837617517672428
1266192000,-0.11958119475636933
1266213600,-0.1039069336034926
1266235200,-0.056494453560542696
1266256800,0.01833634596263659
1266278400,0.01497165875322265
1266300000,0.053398469102452883
1266321600,0.1468391484030988
1266343200,0.30477391610728743
1266364800,0.33465961228475194
1266386400,0.3325128851237121
1266408000,0.20208879963997656
1266429600,0.14172962837782072
1266451200,0.16203611847922178
1266472800,0.04034704820798668
1266494400,-0.024210324785520237
1266516000,-0.05510094402384842
1266537600,-0.09736393618562834
1266559200,-0.09683423732008122
1266580800,-0.06730404704875272
1266602400,-0.122263755819168
1266624000,-0.1660226870744258
1266645600,-0.19993286761007092
1266667200,-0.21865010359195405
1266688800,-0.2239084058365095
1266710400,-0.22351343025649362
1266732000,-0.21243022082985788
1266753600,-0.18211408139443527
1266775200,-0.1516474987592114
1266796800,-0.10089506314885852
1266818400,-0.14669229834739114
1266840000,-0.15763430596162492
1266861600,-0.14945956185090137
1266883200,-0.11125540493442149
1266904800,-0.04368945139167727
1266926400,-0.060929385095100985
1266948000,-0.034241137147588724
1266969600,0.044895564612770916
1266991200,0.17391337994243034
1267012800,0.2526889749481649
1267034400,0.19884436779178896
1267056000,0.22454523733210108
1267077600,0.12033571989836535
1267099200,0.08244304643446637
1267120800,-0.014875617440017447
1267142400,-0.06259692247033374
1267164000,-0.07639882252892366
1267185600,-0.046605432485601284
1267207200,0.019470339447199725
1267228800,0.006725990868370127
1267250400,0.04308287356458952
1267272000,0.12581392777807518
1267293600,0.262057421243607
1267315200,0.26000528487939467
1267336800,0.2155383040640539
1267358400,0.24893112110169838
1267380000,0.13264887832156694
1267401600,0.07594584537060359
1267423200,0.0606205755897635
1267444800,-0.029250573393099957
1267466400,-0.07174892545410756
1267488000,-0.0863382460936984
1267509600,-0.067092514938804
1267531200,-0.012550692686369061
1267552800,-0.047871692366564904
1267574400,-0.048594421170271504
1267596000,-0.016460390083371745
1267617600,0.05829774564317794
1267639200,0.18622036417772775
1267660800,0.17084351805372355
1267682400,0.226924471892912
1267704000,0.13323055614269413
1267725600,0.09694743455107999
1267747200,0.12646755296483614
1267768800,-0.0017159936459082425
1267790400,-0.09037826005364409
1267812000,-0.1477161594105385
1267833600,-0.18699714796622124
1267855200,-0.20744872371075873
1267876800,-0.2146232788967239
1267898400,-0.21071432973117793
1267920000,-0.2027508434259903
1267941600,-0.1828197549923884
1267963200,-0.14891701322392492
1267984800,-0.10289424834188848
1268006400,-0.03941490709830757
1268028000,-0.0743048521586333
1268049600,-0.08537734200327504
1268071200,-0.07246339584981308
1268092800,-0.07656476219765719
1268114400,-0.06538071586702161
1268136000,-0.01907735876966972
1268157600,-0.07389264930455117
1268179200,-0.09929059374494596
1268200800,-0.10753157442920964
1268222400,-0.09912381172018678
1268244000,-0.07273152694033097
1268265600,-0.010256637936751328
1268287200,0.07393875234831966
1268308800,0.07666242867249967
1268330400,0.12654007975377043
1268352000,0.22792332514199454
1268373600,0.18291019466286024
1268395200,0.20021105780874843
1268416800,0.28401104087200413
1268438400,0.22257428493847378
1268460000,0.23180328778265974
1268481600,0.0995574939155032
1268503200,0.02076183833269432
1268524800,-0.02459354501422236
1268546400,-0.042604841583753064
1268568000,-0.03530053766749933
1268589600,-0.021035240163639023
1268611200,0.0064641737752706985
1268632800,-0.05706238795356969
1268654400,-0.09231539442094276
1268676000,-0.11742067776874539
1268697600,-0.13998039244706495
1268719200,-0.15527648297318225
1268740800,-0.1645968546171511
1268762400,-0.1575575851061651
1268784000,-0.13955903518345875
1268805600,-0.10699144937783664
1268827200,-0.047308846373227326
1268848800,-0.0845160606593045
1268870400,-0.10569302440834448
1268892000,-0.10727915869250651
1268913600,-0.07883870622781039
1268935200,-0.013614676271728854
1268956800,-0.026340398867956243
1268978400,-0.008559859007373577
1269000000,0.05484124170348309
1269021600,0.16382205409919975
1269043200,0.12448460370351949
1269064800,0.14787260748191267
1269086400,0.02120360173216057
1269108000,-0.06278542064765368
1269129600,-0.11189733587945369
1269151200,-0.13132237979645403
1269172800,-0.13332654844885516
1269194400,-0.10817175487382859
1269216000,-0.06288910932935421
1269237600,0.01974468319689125
1269259200,0.02698434574833812
1269280800,0.09133274720179732
1269302400,0.21195924858710216
1269324000,0.18534691904854758
1269345600,0.2430083145844541
1269367200,0.16074085071348077
1269388800,0.14539641817211246
1269410400,0.1952830799893241
1269432000,0.1094244008172503
1269453600,0.08105053190771414
1269475200,-0.009202105602858154
1269496800,-0.059326220057453506
1269518400,-0.07851551774350922
1269540000,-0.07925811911852199
1269561600,-0.04381275615921555
1269583200,-0.002485889887138687
1269604800,0.0830225973483818
1269626400,0.22060333017548095
1269648000,0.21383433255373113
1269669600,0.300619597739317
1269691200,0.34825184103512796
1269712800,0.2745520168018539
1269734400,0.28579693346296026
1269756000,0.15933784626080158
1269777600,0.11320299719837365
1269799200,-0.0013852896849409213
1269820800,-0.070507241950859
1269842400,-0.10714024517939015
1269864000,-0.11333289270168158
1269885600,-0.1012474645800069
1269907200,-0.06166261067460449
1269928800,-0.11839730169940385
1269950400,-0.14744164204152316
1269972000,-0.16999092375053274
1269993600,-0.18301230209377348
1270015200,-0.19740775343501527
1270036800,-0.20627806914814387
1270058400,-0.20258666280227514
1270080000,-0.19988447299550854
1270101600,-0.19499255205599708
1270123200,-0.18445920733297538
1270144800,-0.18030452241816186
1270166400,-0.16799347392005237
1270188000,-0.1578060568633763
1270209600,-0.133917853927839
1270231200,-0.09323839952358959
1270252800,-0.024587896376852575
1270274400,-0.053548889491072865
1270296000,-0.05861808728046913
1270317600,-0.043035243412640284
1270339200,0.003516130284273139
1270360800,0.08749618190575764
1270382400,0.21817913219315277
1270404000,0.19913066123366419
1270425600,0.24179048581849052
1270447200,0.13648695312348663
1270468800,0.08282257457701953
1270490400,0.08320641361930958
1270512000,-0.00024257385309855994
1270533600,-0.05260705802505176
1270555200,-0.07261286179749053
1270576800,-0.06991601411957599
1270598400,-0.04942213241033254
1270620000,-0.004602787313569834
1270641600,-0.044139351028495796
1270663200,-0.05521085671680599
1270684800,-0.04326641641304922
1270706400,-0.005414660535561611
1270728000,-0.04622440173110168
1270749600,-0.07615174862977406
1270771200,-0.07076525114630089
1270792800,-0.046066004489355245
1270814400,0.002919779835864389
1270836000,-0.03594129238866956
1270857600,-0.03134036976227293
1270879200,-0.05767422237897979
1270900800,-0.07447053796538092
1270922400,-0.060124306061811766
1270944000,-0.04516178198214574
1270965600,0.0054858535316475165
1270987200,0.09103936279567337
1271008800,0.22124724796174125
1271030400,0.3062247655532442
1271052000,0.26340114755116095
1271073600,0.31775441000646176
1271095200,0.2395972827634734
1271116800,0.2372005680708655
1271138400,0.18945571145761714
1271160000,0.0897444304809745
1271181600,0.03246832409266451
1271203200,0.017544392323644194
1271224800,0.04042876711744052
1271246400,-0.016659057154728943
1271268000,-0.050201004835079
1271289600,-0.062281622059185006
1271311200,-0.05656129273816671
1271332800,-0.024326733805713582
1271354400,-0.07532217138392207
1271376000,-0.11022767597895837
1271397600,-0.12987512340515361
1271419200,-0.13295940830163636
1271440800,-0.13091171899495346
1271462400,-0.11406702827278145
1271484000,-0.09317633671588424
1271505600,-0.06464562858982785
1271527200,-0.026648637865336805
1271548800,0.030004045753050324
1271570400,0.11499709340107842
1271592000,0.24447486816304134
1271613600,0.21666103662777733
1271635200,0.2585223262766141
1271656800,0.15936458095577344
1271678400,0.11691211924594758
1271700000,0.008440889980059735
1271721600,-0.06297584342781011
1271743200,-0.10214484107718655
1271764800,-0.12640585101982904
1271786400,-0.13627990682521993
1271808000,-0.1387263000980959
1271829600,-0.13736745620269777
1271851200,-0.1270392585757373
1271872800,-0.1057982107937188
1271894400,-0.07746880858017924
1271916000,-0.031485841640043616
1271937600,-0.08014321149217725
1271959200,-0.1139728301615518
1271980800,-0.1399551328029231
1272002400,-0.1609858990740009
1272024000,-0.16499959738307407
1272045600,-0.1723512263714994
1272067200,-0.17296480581500778
1272088800,-0.17218680150834523
1272110400,-0.16926494259831315
1272132000,-0.16563829833779953
1272153600,-0.1463227934525673
1272175200,-0.1266265133977399
1272196800,-0.09249698587106508
1272218400,-0.03433863371361809
1272240000,0.05480215096529173
1272261600,0.19880390280629961
1272283200,0.18214269508508407
1272304800,0.23717549322863463
1272326400,0.3686478776174947
1272348000,0.37605397104717
1272369600,0.2676786893872807
1272391200,0.1135020162391398
1272412800,0.014301355142368202
1272434400,-0.04069764233552451
1272456000,-0.05670607597885675
1272477600,-0.049306809964603224
1272499200,-0.012333890337273709
1272520800,-0.06579892369904014
1272542400,-0.0876269306507845
1272564000,-0.0896759608054702
1272585600,-0.06925056664976821
1272607200,-0.029858803242287416
1272628800,-0.08350336796488082
1272650400,-0.09831533200596715
1272672000,-0.09410133855911723
1272693600,-0.060201849585083705
1272715200,0.00653495809639261
1272736800,-0.009379735389855134
1272758400,0.02249428402100837
1272780000,0.02803028960138271
1272801600,0.024226225733984925
1272823200,0.05067072987342651
1272844800,0.017552099364884378
1272866400,0.03235471560687607
1272888000,0.1018240977241397
1272909600,0.24326949218691074
1272931200,0.2592447574297032
1272952800,0.2519959793795101
1272974400,0.12058507962354292
1272996000,0.07412491037647256
1273017600,0.09851760124210551
1273039200,-0.025919952492699072
1273060800,-0.10803017362933925
1273082400,-0.15751465248591456
1273104000,-0.182983263814985
1273125600,-0.19229690767532154
1273147200,-0.18361230967367564
1273168800,-0.1480682613452758
1273190400,-0.0939200310377962
1273212000,-0.01316357267403534
1273233600,0.12178034206660071
1273255200,0.10266000762624915
1273276800,0.1356018718551093
1273298400,0.2384075541008388
1273320000,0.21641226526410468
1273341600,0.14665580046211346
1273363200,0.03070407516363735
1273384800,-0.03292706727549199
1273406400,-0.05298050559534149
1273428000,-0.03327182077939142
1273449600,0.04194507839701714
1273471200,0.033226550377119676
1273492800,0.07430062351106884
1273514400,0.17598649666250177
1273536000,0.1292566893303834
1273557600,0.15995857098537075
1273579200,0.2558949936851693
1273600800,0.21960983076730886
1273622400,0.2672466255185312
1273644000,0.17759291468917893
1273665600,0.043859177649733516
1273687200,-0.03642368327133809
1273708800,-0.08078051960765245
1273730400,-0.09106943422800856
1273752000,-0.06132148041004157
1273773600,-0.1292249633441881
1273795200,-0.17317154006425786
1273816800,-0.2017011336562165
1273838400,-0.21371290536754486
1273860000,-0.220499159489727
1273881600,-0.21838592692245898
1273903200,-0.21676382352561274
1273924800,-0.20545962139756757
1273946400,-0.17302903119091761
1273968000,-0.1304683360724081
1273989600,-0.07021353737393364
1274011200,-0.10638302022101342
1274032800,-0.12861650828685903
1274054400,-0.12729093179573492
1274076000,-0.11421309212256772
1274097600,-0.07671157797887168
1274119200,-0.011514582643503975
1274140800,-0.03154847113583172
1274162400,-0.0256913693789749
1274184000,0.008879645912873518
1274205600,0.07629654024674862
1274227200,0.1966061243534501
1274248800,0.16455910079838823
1274270400,0.19367212376667692
1274292000,0.2961600054867272
1274313600,0.25109045719366835
1274335200,0.2821998480213796
1274356800,0.1641352348479153
1274378400,0.10920251617922781
1274400000,0.10515823798031387
1274421600,0.022771095944278827
1274443200,-0.0219743508466025
1274464800,-0.03747024363822127
1274486400,-0.03480515711658348
1274508000,-0.003069350011092098
1274529600,-0.05698095143913612
1274551200,-0.09078055697755874
1274572800,-0.112540471031682
1274594400,-0.1239953081078539
1274616000,-0.10416935775883014
1274637600,-0.07023920729699921
1274659200,-0.12566380500529667
1274680800,-0.16338981792498714
1274702400,-0.18738767420968583
1274724000,-0.20141077034860563
1274745600,-0.19535037984940035
1274767200,-0.18582905998565977
1274788800,-0.16631926862875512
1274810400,-0.13238899505879625
1274832000,-0.0746650878331445
1274853600,-0.09995959295122778
1274875200,-0.09777430802581603
1274896800,-0.05362962399730431
1274918400,0.02722878534192799
1274940000,0.1517016419887111
1274961600,0.1345091666591424
1274983200,0.18867034708407232
1275004800,0.09503621659097786
1275026400,0.06943390131936465
1275048000,0.05993725590693197
1275069600,-0.026239570039082963
1275091200,-0.07247448025561026
1275112800,-0.0883321760890874
1275134400,-0.07791995418090204
1275156000,-0.04534691115357892
1275177600,0.022066516544355985
1275199200,0.12064157523517438
1275220800,0.27492128795157234
1275242400,0.30327356079577744
1275264000,0.29472799805046457
1275285600,0.1538739797111878
1275307200,0.07746370967845578
1275328800,0.05383119642923879
1275350400,0.07911426077559545
1275372000,0.027435347674017063
1275393600,0.0006694806544627237
1275415200,0.015846436658513485
1275436800,0.07688106177248007
1275458400,0.06565456675968384
1275480000,0.10177320943905484
1275501600,0.19143891258911394
1275523200,0.13573509393774144
1275544800,0.14862931225621914
1275566400,0.23592533783609032
1275588000,0.18954641228561966
1275609600,0.209078606532579
1275631200,0.08852437057584929
1275652800,0.02932015814593947
1275674400,0.021540891675652873
1275696000,-0.07025938319518626
1275717600,-0.13235755893572845
1275739200,-0.17194610692528473
1275760800,-0.1958640443817354
1275782400,-0.2133616115023008
1275804000,-0.2179122550619094
1275825600,-0.2065944377713383
1275847200,-0.1854284722522692
1275868800,-0.15086378963898578
1275890400,-0.09344664437396284
1275912000,-0.12446136802285328
1275933600,-0.1427764636399816
1275955200,-0.13521493701818885
1275976800,-0.11129407326720847
1275998400,-0.06236691325961524
1276020000,-0.11122144059424398
1276041600,-0.13270056874213818
1276063200,-0.1498617965051841
1276084800,-0.15657088547156217
1276106400,-0.1520198984320627
1276128000,-0.13632613358604914
1276149600,-0.09790030474613666
1276171200,-0.04501439507936861
1276192800,0.03538839473197283
1276214400,0.15303259676295053
1276236000,0.33031866704935076
1276257600,0.379477755709787
1276279200,0.3944413896619276
1276300800,0.2777844411741676
1276322400,0.2412961177657834
1276344000,0.28474895753913015
1276365600,0.1771417772451392
1276387200,0.13606618682907815
1276408800,0.02452270806942211
1276430400,-0.04276246834784907
1276452000,-0.09062580509539889
1276473600,-0.1182851831042635
1276495200,-0.13735321217325203
1276516800,-0.14492231108361298
1276538400,-0.12775829748220052
1276560000,-0.1000462671008059
1276581600,-0.055863905666356184
1276603200,-0.10735365543785871
1276624800,-0.1477682768215074
1276646400,-0.1755903879625519
1276668000,-0.19679968177001042
1276689600,-0.20910680538193097
1276711200,-0.21448253949395976
1276732800,-0.20075467392173935
1276754400,-0.18203746639402585
1276776000,-0.15305095335851426
1276797600,-0.10824689308075844
1276819200,-0.02996521870348344
1276840800,-0.028362780760073578
1276862400,0.020770623342768163
1276884000,0.13752920111125916
1276905600,0.102834348620305
1276927200,0.13700648565592477
1276948800,0.2313138036003559
1276970400,0.18891145494437442
1276992000,0.22547231799102704
1277013600,0.12024146907875581
1277035200,0.08739346540355772
1277056800,-0.01005994932377402
1277078400,-0.08567488559865952
1277100000,-0.12981692093883745
1277121600,-0.14508363450104775
1277143200,-0.1444238961693781
1277164800,-0.12950361256524395
1277186400,-0.09057134698969638
1277208000,-0.00906126967442886
1277229600,-0.014887331416256727
1277251200,0.026488940302679953
1277272800,0.10862657251636101
1277294400,0.25316804600902065
1277316000,0.26002128171068906
1277337600,0.2379021554198461
1277359200,0.1644766438822176
1277380800,0.1087388010977555
1277402400,0.11915144749394357
1277424000,0.1379338001809109
1277445600,0.11099764341454249
1277467200,0.12206127515935279
1277488800,0.13543339134599927
1277510400,0.2018671979573298
1277532000,0.12706390018473876
1277553600,0.1361407111580008
1277575200,0.21264509673586152
1277596800,0.1476078310576641
1277618400,0.15879156694826524
1277640000,0.02633674614657419
1277661600,-0.06463442883204419
1277683200,-0.12442294547992326
1277704800,-0.16153148538098
1277726400,-0.17230143635443274
1277748000,-0.1794913170441375
1277769600,-0.1810517894075436
1277791200,-0.17473320631737324
1277812800,-0.15044714192564568
1277834400,-0.09250915963567981
1277856000,-0.1332122600649584
1277877600,-0.1530409097376751
1277899200,-0.15317450118606243
1277920800,-0.14410104918407907
1277942400,-0.1071740371421768
1277964000,-0.05368731770407273
1277985600,-0.0914896203442693
1278007200,-0.11710199255690251
1278028800,-0.12099381782733276
1278050400,-0.10778043572034798
1278072000,-0.08966536430972646
1278093600,-0.05705994607450353
1278115200,0.003538462681312554
1278136800,0.10318275875102789
1278158400,0.25294205609489007
1278180000,0.26045016297073886
1278201600,0.34308804246567853
1278223200,0.392448823060591
1278244800,0.3092949615232786
1278266400,0.3088019116754601
1278288000,0.15529696975592203
1278309600,0.05070278920126284
1278331200,-0.020159410784537105
1278352800,-0.06533269674064617
1278374400,-0.09445005399395409
1278396000,-0.11036931784189766
1278417600,-0.10157805854564379
1278439200,-0.07658019377177834
1278460800,-0.0342109651901729
1278482400,-0.09243043832383224
1278504000,-0.1220428105366952
1278525600,-0.1469875307663676
1278547200,-0.15393321512080113
1278568800,-0.15742727610019697
1278590400,-0.15815075667119383
1278612000,-0.153410392806194
1278633600,-0.13531774788435902
1278655200,-0.1156284346097659
1278676800,-0.08657769737424503
1278698400,-0.03863581549855727
1278720000,-0.09076612807546337
1278741600,-0.1100023213497575
1278763200,-0.11807988354541159
1278784800,-0.10787142195714336
1278806400,-0.08279871715766007
1278828000,-0.03197391683741313
1278849600,0.053139468125241604
1278871200,0.04941955542687142
1278892800,0.0790468269584978
1278914400,0.14986346360345756
1278936000,0.27399490190966524
1278957600,0.24011379880269226
1278979200,0.277904271965319
1279000800,0.16656720078404075
1279022400,0.12176670372276138
1279044000,0.11634831516599009
1279065600,0.03281817780116972
1279087200,-0.028541173620028698
1279108800,-0.06832627933993304
1279130400,-0.095943510769469
1279152000,-0.10957254001153376
1279173600,-0.12008692190950483
1279195200,-0.12110074793649209
1279216800,-0.1273510261526847
1279238400,-0.1257785615379938
1279260000,-0.12318422406972818
1279281600,-0.10480381367857157
1279303200,-0.06874721804296652
1279324800,-0.0038864627231241025
1279346400,-0.03466386942494854
1279368000,-0.04021067198545453
1279389600,-0.037868342657800126
1279411200,-0.009478286680191794
1279432800,0.05626691965055912
1279454400,0.0425362133101022
1279476000,0.0798384211533647
1279497600,0.16234690958570003
1279519200,0.24809148422230998
1279540800,0.18421145078685888
1279562400,0.18989118507219255
1279584000,0.261609968126454
1279605600,0.1869143135809877
1279627200,0.05583754255454226
1279648800,-0.028605923954838283
1279670400,-0.08162149121017853
1279692000,-0.12064439138710537
1279713600,-0.13057841138813733
1279735200,-0.1342210810216714
1279756800,-0.1315185228622776
1279778400,-0.12287955067672436
1279800000,-0.09028633383903398
1279821600,-0.04182561907056673
1279843200,-0.08306063153122328
1279864800,-0.10206314382774542
1279886400,-0.11398729813478647
1279908000,-0.11555275299078815
1279929600,-0.08831483200979796
1279951200,-0.048704631293436704
1279972800,-0.09938081375528586
1279994400,-0.11954491481214377
1280016000,-0.11598391953655908
1280037600,-0.08209969434868775
1280059200,-0.022864162924995435
1280080800,-0.04307293073450029
1280102400,-0.021181982596940097
1280124000,0.04130368461811687
1280145600,0.16278119763598534
1280167200,0.12795228246738602
1280188800,0.15881078281710742
1280210400,0.2581009124468263
1280232000,0.22115155613115559
1280253600,0.2518592860072023
1280275200,0.13491444905008695
1280296800,0.0745490319186329
1280318400,0.07050640838670569
1280340000,-0.019751384042667977
1280361600,-0.07329169568467292
1280383200,-0.10320082868325267
1280404800,-0.1094238610339242
1280426400,-0.07601411698212351
1280448000,-0.012405166982358891
1280469600,-0.02881657333286114
1280491200,-0.0030746706551647296
1280512800,0.06274206560862433
1280534400,0.18990672301445038
1280556000,0.16655310294267067
1280577600,0.09770362883886413
1280599200,-0.029606201655887926
1280620800,-0.1061293145171991
1280642400,-0.14890348094258152
1280664000,-0.16585964216738208
1280685600,-0.15956595771251844
1280707200,-0.12115924684229107
1280728800,-0.16891991192954792
1280750400,-0.18991107697418944
1280772000,-0.1745035695773492
1280793600,-0.14049782620018528
1280815200,-0.07376502753350456
1280836800,-0.09707056902376505
1280858400,-0.08104629972605884
1280880000,-0.0335950668142371
1280901600,0.05398842035835277
1280923200,0.19818895371460796
1280944800,0.20076635580145852
1280966400,0.2836323649866549
1280988000,0.3320994506190259
1281009600,0.26867362972529224
1281031200,0.3001219418821295
1281052800,0.20379872382206654
1281074400,0.06327149079058039
1281096000,-0.012494633082389961
1281117600,-0.05519427455786125
1281139200,-0.05484996065573611
1281160800,-0.016568406099877975
1281182400,-0.05592814988628898
1281204000,-0.0676524616437551
1281225600,-0.03269508364626389
1281247200,0.033651570566242434
1281268800,0.150130052987882
1281290400,0.1166070654739376
1281312000,0.023992980276099682
1281333600,-0.008525858967697038
1281355200,-0.004004489810722656
1281376800,-0.0734068435675112
1281398400,-0.10759307622913643
1281420000,-0.1104086985762493
1281441600,-0.07453082375622352
1281463200,-0.00811760317574222
1281484800,-0.026409425644945653
1281506400,0.0017353867475984608
1281528000,0.07177714090922152
1281549600,0.17349146564484536
1281571200,0.12256683188252787
1281592800,0.12826133829392813
1281614400,0.20517135592814803
1281636000,0.1232063502142351
1281657600,0.04016567937919602
1281679200,-0.004095851686773965
1281700800,-0.013367054227257577
1281722400,0.02158866663412829
1281744000,0.025190732500809956
1281765600,0.05134345149041322
1281787200,-0.00036192763553564294
1281808800,-0.01799813521393228
1281830400,-0.04068010391129534
1281852000,-0.049975557277981086
1281873600,-0.02310367443869593
1281895200,-0.08745349988685805
1281916800,-0.1268103104009674
1281938400,-0.15619851533911652
1281960000,-0.18058380940763682
1281981600,-0.19748200637048302
1282003200,-0.206908168890384
1282024800,-0.20690859581749757
1282046400,-0.2063724483700808
1282068000,-0.1967582830582782
1282089600,-0.18788170443896246
1282111200,-0.16268786831666754
1282132800,-0.13418360510508903
1282154400,-0.09199521797769092
1282176000,-0.03675770807427492
1282197600,0.04269885748821714
1282219200,0.16430033068392436
1282240800,0.12250265194348803
1282262400,0.1277591116478685
1282284000,0.18530842132241482
1282305600,0.08607554545357211
1282327200,0.03082261060024126
1282348800,0.010470801940775681
1282370400,0.02829504231172099
1282392000,-0.030399510336591773
1282413600,-0.062402675056800375
1282435200,-0.06680144566853717
1282456800,-0.0478960206002018
1282478400,-0.002401730443578831
1282500000,0.07833558539647809
1282521600,0.08891017110245011
1282543200,0.13461869734326729
1282564800,0.23201686527292176
1282586400,0.17998365279435724
1282608000,0.19335833678839587
1282629600,0.05938040967183675
1282651200,-0.03260855612489076
1282672800,-0.08842728270047548
1282694400,-0.12607068649832132
1282716000,-0.14790506484155688
1282737600,-0.1502661051007649
1282759200,-0.14747339067430923
1282780800,-0.13042122498902683
1282802400,-0.09849658419294867
1282824000,-0.044417669238845964
1282845600,0.0307260470733679
1282867200,0.02226451918694871
1282888800,0.05216690445601434
1282910400,0.13377820314449856
1282932000,0.26143223703104956
1282953600,0.23889411343003697
1282975200,0.2802640500196699
1282996800,0.17517455496387555
1283018400,0.14524415189344686
1283040000,0.17593073024016126
1283061600,0.04753333473014218
1283083200,-0.026360168848004725
1283104800,-0.07890906355867722
1283126400,-0.10359809478079253
1283148000,-0.11481167834858312
1283169600,-0.10051533732105747
1283191200,-0.05965306024634509
1283212800,-0.10826470637178853
1283234400,-0.14078834915020555
1283256000,-0.16278206710983248
1283277600,-0.17737942866167833
1283299200,-0.18068400545520544
1283320800,-0.17233996617204342
1283342400,-0.16328252718093916
1283364000,-0.1361101843331144
1283385600,-0.09448344404527215
1283407200,-0.024003598673791364
1283428800,-0.04893005249180227
1283450400,-0.04038114526818296
1283472000,-0.011962495357005096
1283493600,0.028126354519423802
1283515200,-0.013994071211090075
1283536800,-0.020284372399327934
1283558400,0.0034424954073311587
1283580000,0.06282219403992184
1283601600,0.18052785773602237
1283623200,0.14306031838200267
1283644800,0.16014070685092038
1283666400,0.24442952852821956
1283688000,0.19739473222884688
1283709600,0.1527246898877965
1283731200,0.051848244533725496
1283752800,-0.0025087674631201207
1283774400,-0.018589815359159156
1283796000,0.005227637549231182
1283817600,-0.04819590177443286
1283839200,-0.07856568289070948
1283860800,-0.08714031243157785
1283882400,-0.07058955192179213
1283904000,-0.02889693259393966
1283925600,-0.07026085500504886
1283947200,-0.0857422863186708
1283968800,-0.07218543579240322
1283990400,-0.05104620343206463
1284012000,0.0017420457341321763
1284033600,-0.021025431580868437
1284055200,-0.010081027599350159
1284076800,0.03344234340210908
1284098400,-0.0028544797029288645
1284120000,0.0018679483720714929
1284141600,0.03742828637548179
1284163200,0.11998654675048531
1284184800,0.2559880229087892
1284206400,0.24993923915435462
1284228000,0.3119183449110551
1284249600,0.23567681523923822
1284271200,0.22302422084423146
1284292800,0.282039051913592
1284314400,0.2087585941085991
1284336000,0.07463158246067464
1284357600,-0.01137491177385877
1284379200,-0.06348560026630522
1284400800,-0.1000099096768099
1284422400,-0.1294668861032766
1284444000,-0.15222801449984968
1284465600,-0.16318701196622895
1284487200,-0.16681209589375537
1284508800,-0.1585217219390518
1284530400,-0.14501445939126814
1284552000,-0.12287951751504052
1284573600,-0.09297317576217029
1284595200,-0.03825202024099429
1284616800,-0.07710509461200614
1284638400,-0.1036887521418445
1284660000,-0.10749397931233086
1284681600,-0.123762437462255
1284703200,-0.12110416388186113
1284724800,-0.11795368368494381
1284746400,-0.10486982118239005
1284768000,-0.08425415308920346
1284789600,-0.050307835561854974
1284811200,0.007116884319131239
1284832800,-0.027515127449934722
1284854400,-0.03675621085745057
1284876000,-0.02658700542355724
1284897600,0.01344346180541127
1284919200,0.07975821129790395
1284940800,0.18271798559442243
1284962400,0.12019079078709438
1284984000,0.12341066307679807
1285005600,0.16816846472882294
1285027200,0.0534346339827777
1285048800,-0.020742561488474254
1285070400,-0.06652469616859474
1285092000,-0.0898502814427958
1285113600,-0.0830451129756344
1285135200,-0.06622159591562239
1285156800,-0.022824165676454955
1285178400,-0.07349830813209922
1285200000,-0.11234572187903198
1285221600,-0.13237922613422828
1285243200,-0.14737594569339613
1285264800,-0.14889468792588356
1285286400,-0.13795764721027853
1285308000,-0.12888766977064517
1285329600,-0.09924469189402045
1285351200,-0.051227773979198116
1285372800,0.01730659032398782
1285394400,-0.000581215740987448
1285416000,0.017369155208153797
1285437600,0.04686319157395347
1285459200,0.11759972184813437
1285480800,0.11214219007295882
1285502400,0.15989080822986698
1285524000,0.2439518846521183
1285545600,0.3912003011869903
1285567200,0.4053364473302806
1285588800,0.3954736913929882
1285610400,0.27590331913878385
1285632000,0.20762268425138922
1285653600,0.21722670030868846
1285675200,0.0817186774627201
1285696800,-0.01732632538766196
1285718400,-0.08087182907338167
1285740000,-0.12714797471370431
1285761600,-0.16111288410393954
1285783200,-0.18203259986222836
1285804800,-0.18217921619934946
1285826400,-0.17691897516385513
1285848000,-0.16441123219159912
1285869600,-0.19070277174095335
1285891200,-0.2020008343460405
1285912800,-0.19476772006817267
1285934400,-0.18225891836208857
1285956000,-0.1460438033154826
1285977600,-0.09300001775647472
1285999200,-0.13341035506885318
1286020800,-0.14984900059130235
1286042400,-0.15490021497656037
1286064000,-0.14401014942657023
1286085600,-0.11790191910519783
1286107200,-0.06777485026556679
1286128800,0.018374798136159803
1286150400,0.1393792306954732
1286172000,0.3255108088338834
1286193600,0.38912975930924376
1286215200,0.42802028293528105
1286236800,0.3451678866838691
1286258400,0.3506023044680625
1286280000,0.23502799761151416
1286301600,0.18450820569969684
1286323200,0.0802289254428899
1286344800,0.019730831667698914
1286366400,-0.005147525477801812
1286388000,0.007249817695538924
1286409600,-0.05640054902046995
1286431200,-0.10172725371428233
1286452800,-0.11998779193489635
1286474400,-0.11921842272159608
1286496000,-0.09727182194859875
1286517600,-0.057357516009381646
1286539200,-0.1149133257935643
1286560800,-0.14765564872801404
1286582400,-0.15972214880203492
1286604000,-0.1544860748513698
1286625600,-0.12083570268539673
1286647200,-0.06605971915996184
1286668800,-0.11024276906371569
1286690400,-0.13499649746281384
1286712000,-0.13424202792058326
1286733600,-0.12013015402092876
1286755200,-0.08292609336724754
1286776800,-0.018094113530290723
1286798400,-0.0376817235717541
1286820000,-0.02976662300414004
1286841600,0.01769759516601796
1286863200,0.09880754762385949
1286884800,0.23114192175951948
1286906400,0.22404677604145268
1286928000,0.28956063983867986
1286949600,0.2138632349291202
1286971200,0.2141907316629562
1286992800,0.2792996396672376
1287014400,0.20735725051379994
1287036000,0.0765289429785905
1287057600,-0.00244153116005158
1287079200,-0.04340996063035358
1287100800,-0.046218457310163705
1287122400,-0.016984280007053834
1287144000,-0.08108434985142461
1287165600,-0.1265989562908203
1287187200,-0.155795457985451
1287208800,-0.17009009033362185
1287230400,-0.1778354330590311
1287252000,-0.16865483455880284
1287273600,-0.15074559848476946
1287295200,-0.1080954832816262
1287316800,-0.05022089812155807
1287338400,-0.08535385497123393
1287360000,-0.10441706814152678
1287381600,-0.10366463816096871
1287403200,-0.08211869002491028
1287424800,-0.03557532801482435
1287446400,0.03667012107201233
1287468000,0.02476711255417692
1287489600,0.057432278880324844
1287511200,0.13776703176716806
1287532800,0.2732310612401753
1287554400,0.26889390313992123
1287576000,0.2353566717908156
1287597600,0.2662107106660264
1287619200,0.1623962756952902
1287640800,0.12567282549486677
1287662400,0.02042799146822341
1287684000,-0.04619040139168004
1287705600,-0.08510507960366578
1287727200,-0.11033286126036074
1287748800,-0.12687377257170762
1287770400,-0.12999295127510085
1287792000,-0.11875607433787824
1287813600,-0.08123685463272998
1287835200,-0.02790978261659728
1287856800,-0.06477132511221056
1287878400,-0.08255154289685417
1287900000,-0.07789155249819497
1287921600,-0.035335940528222726
1287943200,0.033816883260038615
1287964800,0.016700050468415044
1287986400,0.029710759002678513
1288008000,0.009348834212432471
1288029600,0.02170703541183902
1288051200,0.06564096074409285
1288072800,0.02774722334877523
1288094400,0.029259114620418393
1288116000,0.05789085735623588
1288137600,0.12455405608647116
1288159200,0.23769310202240795
1288180800,0.1951456459560141
1288202400,0.22623401635365098
1288224000,0.09430275759113096
1288245600,0.00631323629682147
1288267200,-0.047150486812656905
1288288800,-0.08567101379881276
1288310400,-0.10662419402252057
1288332000,-0.12179099420578207
1288353600,-0.11991957193400873
1288375200,-0.09604010004121788
1288396800,-0.04499139905479621
1288418400,-0.09429245716215912
1288440000,-0.12526893437939576
1288461600,-0.13919228872749126
1288483200,-0.13366312869601976
1288504800,-0.10621895169832712
1288526400,-0.05647900281185757
1288548000,-0.09681032225376598
1288569600,-0.11191915944180486
1288591200,-0.10165226838523214
1288612800,-0.07573119851793345
1288634400,-0.02415872340793057
1288656000,-0.07489057380834273
1288677600,-0.10875261404043363
1288699200,-0.12330376978554562
1288720800,-0.1272332360045731
1288742400,-0.12529015942292113
1288764000,-0.11417152376138444
1288785600,-0.07913696192171331
1288807200,-0.024441395291390472
1288828800,0.054050187970491465
1288850400,0.1665584383554456
1288872000,0.34855770813531567
1288893600,0.3841471342003564
1288915200,0.39216002869761224
1288936800,0.2717687056899737
1288958400,0.22898605220673432
1288980000,0.26404654120677395
1289001600,0.16426250584212
1289023200,0.11758597869452703
1289044800,0.004317381431895084
1289066400,-0.06409792932046009
1289088000,-0.09679260840106907
1289109600,-0.09424483001648584
1289131200,-0.06796184383615506
1289152800,-0.1299915417580963
1289174400,-0.16829467290148958
1289196000,-0.19041977126880416
1289217600,-0.19751074287930404
1289239200,-0.2009675885769709
1289260800,-0.1931597483269922
1289282400,-0.17492322637098137
1289304000,-0.14896838303518017
1289325600,-0.11654379409119368
1289347200,-0.058406678029256906
1289368800,-0.0972933394874938
1289390400,-0.11302564726190492
1289412000,-0.11727237937818365
1289433600,-0.10049640122541978
1289455200,-0.06524518672447777
1289476800,-4.170414728804639e-05
1289498400,0.11972377779821414
1289520000,0.30077916126943227
1289541600,0.35129694191684396
1289563200,0.3819204398278345
1289584800,0.28837495236847793
1289606400,0.2913554736726892
1289628000,0.33175865501704754
1289649600,0.25193354610148366
1289671200,0.13436088147922953
1289692800,0.035824928893216784
1289714400,-0.020779207740754604
1289736000,-0.045991156634784314
1289757600,-0.034981547880668734
1289779200,-0.10811847615699319
1289800800,-0.15124645625274952
1289822400,-0.17580302830094804
1289844000,-0.17461323022813838
1289865600,-0.16206891976451884
1289887200,-0.157708409958938
1289908800,-0.14197946760382008
1289930400,-0.10512050740506569
1289952000,-0.04634783112084742
1289973600,-0.08417163542436999
1289995200,-0.09406768443342112
1290016800,-0.07803140174024309
1290038400,-0.037412217690445226
1290060000,0.03654676333231734
1290081600,0.03556845420456678
1290103200,0.07888591172810491
1290124800,0.17179432772120173
1290146400,0.33320367456614863
1290168000,0.376235683070939
1290189600,0.3869308617411983
1290211200,0.2800724136809347
1290232800,0.24719663745171833
1290254400,0.29338189507103135
1290276000,0.20196541497063264
1290297600,0.06413963357961774
1290319200,-0.03615506339125471
1290340800,-0.10743624102667314
1290362400,-0.16085052624529245
1290384000,-0.19673084456771273
1290405600,-0.21354088464060864
1290427200,-0.22927500808186171
1290448800,-0.2344054509912583
1290470400,-0.23969774770258384
1290492000,-0.24487846305233954
1290513600,-0.24179002280338718
1290535200,-0.2392771598847932
1290556800,-0.23636398251277949
1290578400,-0.22926645159997625
1290600000,-0.2149022723749575
1290621600,-0.20270532436351185
1290643200,-0.18461649248567066
1290664800,-0.16086483701494292
1290686400,-0.12117068236292529
1290708000,-0.07020678192933891
1290729600,0.0039068505997029365
1290751200,-0.01863509067287312
1290772800,-0.010220554226484865
1290794400,0.04630779093986567
1290816000,0.1427688038625742
1290837600,0.29126284729590624
1290859200,0.2984581861773029
1290880800,0.37528336478765856
1290902400,0.4205520241049122
1290924000,0.3327851304652464
1290945600,0.33167465107894145
1290967200,0.1920703027280311
1290988800,0.12145804650545938
1291010400,0.10063235923576058
1291032000,0.0009051996112628691
1291053600,-0.06756056284076739
1291075200,-0.10098846929689217
1291096800,-0.10894984921998493
1291118400,-0.09041383430508557
1291140000,-0.04366237848726551
1291161600,-0.09406199381562075
1291183200,-0.11237587534269014
1291204800,-0.11818325493946624
1291226400,-0.0967466597109811
1291248000,-0.05894058881666672
1291269600,-0.11695049493659042
1291291200,-0.1492302266296686
1291312800,-0.15996727017278253
1291334400,-0.14790588621164408
1291356000,-0.11296694813391892
1291377600,-0.161858357878375
1291399200,-0.18055228097136175
1291420800,-0.18764592266083713
1291442400,-0.17899161655963486
1291464000,-0.1370185014979138
1291485600,-0.0690650228907489
1291507200,-0.07830062406924684
1291528800,-0.05022212965857825
1291550400,0.02446079251861133
1291572000,0.15207989149615633
1291593600,0.14010756439922128
1291615200,0.19550662108061842
1291636800,0.10828634032843872
1291658400,0.05948004626362691
1291680000,0.026999803874456024
1291701600,-0.06562065074898536
1291723200,-0.12102478722994423
1291744800,-0.1390899771420916
1291766400,-0.13256112808112935
1291788000,-0.09683902753690457
1291809600,-0.01424499159891418
1291831200,0.08307398240108313
1291852800,0.24193837460008044
1291874400,0.27054531691153777
1291896000,0.27493491756146554
1291917600,0.36750880210619385
1291939200,0.34708829200087343
1291960800,0.3784835689107715
1291982400,0.3018271988001714
1292004000,0.1890324114334257
1292025600,0.15400171136287133
1292047200,0.08840685115208419
1292068800,0.07238092715258582
1292090400,0.06886166843484157
1292112000,-0.0027969791362392263
1292133600,-0.02580307649796751
1292155200,-0.003308455501547264
1292176800,0.057127857064334625
1292198400,0.17470729227959272
1292220000,0.13847636919470024
1292241600,0.168510152169736
1292263200,0.053138057824311455
1292284800,0.0029212089152799497
1292306400,-0.0007365768477508583
1292328000,-0.08553651964534577
1292349600,-0.14022148595739975
1292371200,-0.16258582270688512
1292392800,-0.15616369254484114
1292414400,-0.11954521174506359
1292436000,-0.16591454343307424
1292457600,-0.18567985002406134
1292479200,-0.1762813337308028
1292500800,-0.14710037494129283
1292522400,-0.09064418588169898
1292544000,-0.132614521598847
1292565600,-0.15265667851790307
1292587200,-0.1545950665753866
1292608800,-0.1398487584456549
1292630400,-0.10768541992807389
1292652000,-0.06191392444145018
1292673600,-0.1065223111927496
1292695200,-0.13428802585861654
1292716800,-0.1522220081404534
1292738400,-0.15890182390008872
1292760000,-0.14053669947550929
1292781600,-0.11891392428949583
1292803200,-0.07738952691915116
1292824800,-0.014946654425634975
1292846400,0.0819846884670151
1292868000,0.2300341766673259
1292889600,0.2352018491857194
1292911200,0.29705085965190164
1292932800,0.21483684984211798
1292954400,0.2057881314743687
1292976000,0.2674092873730707
1292997600,0.19578179592641343
1293019200,0.18345793741515135
1293040800,0.11983318267748361
1293062400,-0.008768162837572951
1293084000,-0.09559750798273929
1293105600,-0.14666616876455613
1293127200,-0.18036708875957586
1293148800,-0.20139678948805734
1293170400,-0.20778975171551634
1293192000,-0.20222599342841635
1293213600,-0.19539361843915665
1293235200,-0.1770649162352515
1293256800,-0.14460041370172036
1293278400,-0.08394987932758861
1293300000,-0.12324822933256993
1293321600,-0.1336806718467274
1293343200,-0.12374367302337352
1293364800,-0.0877868915247596
1293386400,-0.1292216931751305
1293408000,-0.13764662207178976
1293429600,-0.12594456386972264
1293451200,-0.09703543962049985
1293472800,-0.04124395326981752
1293494400,-0.061447954415821515
1293516000,-0.04964459213069583
1293537600,0.008121314500595611
1293559200,0.13357741908114437
1293580800,0.12234288154677364
1293602400,0.1860548357835289
1293624000,0.11408054492032982
1293645600,0.11698208057550469
1293667200,0.2086719425370703
1293688800,0.17522363654690665
1293710400,0.10349803588765817
1293732000,0.07097896325123262
1293753600,0.05170021687348353
1293775200,0.08360803455387628
1293796800,0.05599767124764087
1293818400,0.08144767248038676
1293840000,0.13358438289237154
1293861600,0.24274515770099078
1293883200,0.2262346215609407
1293904800,0.17959882576909403
1293926400,0.21384359218832275
1293948000,0.11144482319225908
1293969600,0.07739947560934843
1293991200,-0.01407643726173502
1294012800,-0.06873085199541422
1294034400,-0.08224324971417613
1294056000,-0.049958471089943945
1294077600,0.024651203470612733
1294099200,0.04028308908000136
1294120800,0.11958525646695353
1294142400,0.2732305822028238
1294164000,0.303134393557973
1294185600,0.32262985602323124
1294207200,0.21998846241446865
1294228800,0.21286004893685928
1294250400,0.07806328734015526
1294272000,0.02103293850325691
1294293600,-0.09059734977251493
1294315200,-0.16388636668070333
1294336800,-0.2041244753545428
1294358400,-0.23201233813082342
1294380000,-0.24458764992321086
1294401600,-0.23504155891138373
1294423200,-0.21567001478902906
1294444800,-0.1820831070018657
1294466400,-0.1243514886889414
1294488000,-0.1562517105998133
1294509600,-0.169413512947184
1294531200,-0.16354257486629806
1294552800,-0.13549692967049615
1294574400,-0.08716343728248277
1294596000,-0.028187932483487207
1294617600,-0.05911701962501745
1294639200,-0.06965939140600715
1294660800,-0.05583332504234792
1294682400,-0.002698210409556326
1294704000,-0.038663616601688364
1294725600,-0.04263292930188703
1294747200,-0.016593229662403786
1294768800,0.03365551590528601
1294790400,0.12902089637150446
1294812000,0.26860226165790985
1294833600,0.2703488452517272
1294855200,0.22825516974940385
1294876800,0.264938374795085
1294898400,0.1499151195610451
1294920000,0.09021798530535752
1294941600,0.075103472590547
1294963200,-0.0150804159039514
1294984800,-0.07840790201047747
1295006400,-0.1154610267578173
1295028000,-0.12642490761240588
1295049600,-0.1195128930257445
1295071200,-0.09034015645372723
1295092800,-0.04018287299293574
1295114400,-0.0811580137710925
1295136000,-0.10353598204932482
1295157600,-0.10761274437969776
1295179200,-0.08931930715611751
1295200800,-0.039929417347102286
1295222400,-0.08932996784118032
1295244000,-0.11810423613384718
1295265600,-0.12008145568540546
1295287200,-0.10484733246855986
1295308800,-0.06838803613489411
1295330400,-0.013397975050227301
1295352000,-0.03954700384975916
1295373600,-0.053781645145579524
1295395200,-0.045280637716174174
1295416800,-0.005223670209535014
1295438400,0.05269033166390268
1295460000,0.02865805014230303
1295481600,0.04268075143254106
1295503200,0.06928934301537687
1295524800,0.14052016556967256
1295546400,0.2607323601793943
1295568000,0.22963559765275215
1295589600,0.2834217011013699
1295611200,0.18842482213530715
1295632800,0.13651166590991262
1295654400,0.12859355804242348
1295676000,0.051095129187435945
1295697600,0.01265830135936296
1295719200,-0.00923761101303957
1295740800,-0.006269660553940806
1295762400,0.031232188727515167
1295784000,-0.016139017605588266
1295805600,-0.040684255255544075
1295827200,-0.04080023960676783
1295848800,-0.07803651461080957
1295870400,-0.09365326302179114
1295892000,-0.11300531107370193
1295913600,-0.12721393514659313
1295935200,-0.14194771846719967
1295956800,-0.15419650197754492
1295978400,-0.15146011792713593
1296000000,-0.14851797534913613
1296021600,-0.14090964884542934
1296043200,-0.11796264706303913
1296064800,-0.09050848247891216
1296086400,-0.07891742479688968
1296108000,-0.05152633348667955
1296129600,0.002544742885985829
1296151200,0.08501797689836835
1296172800,0.22226181564793557
1296194400,0.20019005212366103
1296216000,0.24097180998234533
1296237600,0.12481935658770181
1296259200,0.06465696648414851
1296280800,0.05632727658234654
1296302400,-0.034890735225476185
1296324000,-0.08472844657078003
1296345600,-0.1210347577797008
1296367200,-0.13592759555157607
1296388800,-0.1393191939278872
1296410400,-0.1369891022380529
1296432000,-0.12804877461383124
1296453600,-0.11196733010234096
1296475200,-0.07389153725569442
1296496800,-0.01155809831922075
1296518400,-0.049366706542490986
1296540000,-0.06519727558832462
1296561600,-0.050575115738931656
1296583200,-0.009704378842551847
1296604800,-0.06629577378131546
1296626400,-0.10157109422893525
1296648000,-0.10301567885417567
1296669600,-0.09439259133107576
1296691200,-0.06154411029583187
1296712800,0.0005414413887647324
1296734400,-0.027716326856874765
1296756000,-0.022937876062191054
1296777600,0.025149351561186695
1296799200,0.10835517321935201
1296820800,0.24539279331433664
1296842400,0.23686613270475299
1296864000,0.3041300990513158
1296885600,0.24118550949055687
1296907200,0.2460636180609957
1296928800,0.3316367653107699
1296950400,0.28318287366582173
1296972000,0.19481480694022296
1296993600,0.06219620653023647
1297015200,-0.02118442817492182
1297036800,-0.06514452315539232
1297058400,-0.07142421826100882
1297080000,-0.038237456161313035
1297101600,-0.09887247481248201
1297123200,-0.1319005467985052
1297144800,-0.15199462536552857
1297166400,-0.15087113789946335
1297188000,-0.14133755548888668
1297209600,-0.11433312097634157
1297231200,-0.0677289756782963
1297252800,-0.11932632570963486
1297274400,-0.13701441805148176
1297296000,-0.137964490026858
1297317600,-0.11780698744483709
1297339200,-0.06545254873578177
1297360800,-0.11356869835976946
1297382400,-0.13360373436352818
1297404000,-0.13950185532605172
1297425600,-0.12072059413359648
1297447200,-0.07526018904485479
1297468800,0.006884084585514936
1297490400,0.0055910930100810385
1297512000,0.05050586190844289
1297533600,0.14286117837409765
1297555200,0.3114860906364496
1297576800,0.35782293751928657
1297598400,0.38487019576079373
1297620000,0.30471811964421003
1297641600,0.2982362248116185
1297663200,0.16829745397746476
1297684800,0.10998567245716317
1297706400,-0.0078531889690108
1297728000,-0.0862443906289373
1297749600,-0.13615813626719836
1297771200,-0.1634253183070771
1297792800,-0.17436145347482768
1297814400,-0.1719628695889544
1297836000,-0.15633665791058443
1297857600,-0.12203406688830912
1297879200,-0.10541887212979166
1297900800,-0.06433955837435859
1297922400,-0.11705992220586886
1297944000,-0.12972639667195673
1297965600,-0.12407967470713276
1297987200,-0.08557828596855827
1298008800,-0.01664563193558924
1298030400,-0.032159221361732326
1298052000,-0.03866567487126661
1298073600,-0.00360123670750212
1298095200,0.06976677266811508
1298116800,0.07265691573605462
1298138400,0.13068657778624163
1298160000,0.24832618887294347
1298181600,0.23692274683028142
1298203200,0.30795721824608857
1298224800,0.3556107814980822
1298246400,0.2825233994010278
1298268000,0.2514954781297651
1298289600,0.09169705248959306
1298311200,-0.006973773537251898
1298332800,-0.07361157098501206
1298354400,-0.10391854251719679
1298376000,-0.10532669400739283
1298397600,-0.09032529184098048
1298419200,-0.044205459733314925
1298440800,-0.09224750117475553
1298462400,-0.10516736135953896
1298484000,-0.10371431138692341
1298505600,-0.08138444172883579
1298527200,-0.0340958564687467
1298548800,-0.07965272896218481
1298570400,-0.09428675615050541
1298592000,-0.09256103971854984
1298613600,-0.06364911228315615
1298635200,-0.12203623448921731
1298656800,-0.16185616348480156
1298678400,-0.18174740858510138
1298700000,-0.19023595203435506
1298721600,-0.1826571814623158
1298743200,-0.1600120042698525
1298764800,-0.11398882026274135
1298786400,-0.04745360902861559
1298808000,0.05018050180114239
1298829600,0.19888897428387017
1298851200,0.2007264654251959
1298872800,0.280370833781395
1298894400,0.22272010617732024
1298916000,0.2485136470985056
1298937600,0.12761325165736634
1298959200,0.07339185882480956
1298980800,0.06619213474340138
1299002400,-0.014311492544662352
1299024000,-0.06117847236303518
1299045600,-0.0790521602446787
1299067200,-0.067021946393451
1299088800,-0.023965192572581076
1299110400,-0.07370840220867597
1299132000,-0.09774059038889435
1299153600,-0.08676633659801909
1299175200,-0.04885367308318986
1299196800,0.020910677183234472
1299218400,0.13513688417099065
1299240000,0.10115732400949912
1299261600,-0.005860292550155299
1299283200,-0.06474784821025883
1299304800,-0.09255223892443964
1299326400,-0.09301552930052673
1299348000,-0.06403807918994213
1299369600,-0.11806234074209673
1299391200,-0.1543488169403261
1299412800,-0.1686345339741278
1299434400,-0.16210326571871914
1299456000,-0.13463846056811737
1299477600,-0.06455800148328308
1299499200,0.03871379720390218
1299520800,0.07664379484963248
1299542400,0.17161470022792522
1299564000,0.1175615721970767
1299585600,0.14313946967593605
1299607200,0.2329762313315011
1299628800,0.18226778023644766
1299650400,0.20246453627117872
1299672000,0.08583249584863416
1299693600,0.024782865973223246
1299715200,0.023212837925346896
1299736800,-0.051845460598427415
1299758400,-0.08740338195874009
1299780000,-0.10349313931436592
1299801600,-0.09402951481335847
1299823200,-0.05845010530967987
1299844800,-0.11123686502629158
1299866400,-0.11842423361169252
1299888000,-0.10190903142757621
1299909600,-0.05715213158026056
1299931200,0.025787707959215003
1299952800,0.024593034428455063
1299974400,0.07026915307007374
1299996000,0.16525054810121553
1300017600,0.11097029517590015
1300039200,0.1042733441327722
1300060800,0.038022812969782126
1300082400,0.01138000126559487
1300104000,0.019635014443235732
1300125600,0.06317887549962435
1300147200,0.03896643072376359
1300168800,0.06601476919282992
1300190400,0.13551182616517665
1300212000,0.2780656830087254
1300233600,0.28408398007971297
1300255200,0.26017733520007713
1300276800,0.28336103217600966
1300298400,0.17509038309370828
1300320000,0.1322262954520084
1300341600,0.02488588206546191
1300363200,-0.036177504563534864
1300384800,-0.061948863838362185
1300406400,-0.06958400686483163
1300428000,-0.055231248715375714
1300449600,-0.12613512037104704
1300471200,-0.1739693033537929
1300492800,-0.21137989968391657
1300514400,-0.24134994086364941
1300536000,-0.2548658629413972
1300557600,-0.26883272380189416
1300579200,-0.2753188687993514
1300600800,-0.27763657818453336
1300622400,-0.27947278013262133
1300644000,-0.27864864098768904
1300665600,-0.2661352224587399
1300687200,-0.2549845202095437
1300708800,-0.24306017713178496
1300730400,-0.21794776751826941
1300752000,-0.18349521436305893
1300773600,-0.123990728213144
1300795200,-0.049798840496624586
1300816800,0.05974637851630493
1300838400,0.22154677367924663
1300860000,0.24375998660137294
1300881600,0.23432998103504754
1300903200,0.30826526996696135
1300924800,0.24667352739902143
1300946400,0.26735216476268114
1300968000,0.15050743839894304
1300989600,0.0916511157497482
1301011200,0.09003713453620138
1301032800,0.013935234640566334
1301054400,-0.015452639855974915
1301076000,-0.015423260187064941
1301097600,0.023130108449212095
1301119200,0.09794422325752045
1301140800,0.10323776913787745
1301162400,0.053822349403156305
1301184000,0.051633758426171336
1301205600,0.10099326447237644
1301227200,0.2144850439056457
1301248800,0.17809115991567573
1301270400,0.22029584889731532
1301292000,0.21188541086290014
1301313600,0.06445938551523372
1301335200,-0.02108094179610777
1301356800,-0.05376817206194197
1301378400,-0.04859753130126439
1301400000,-0.1313814550191098
1301421600,-0.1860225121525784
1301443200,-0.2184753061901074
1301464800,-0.22948991799655083
1301486400,-0.22403998655419843
1301508000,-0.19741441095200402
1301529600,-0.1579809892723766
1301551200,-0.09173190321707786
1301572800,0.0020433363298956175
1301594400,0.13626905682511659
1301616000,0.1066193417753595
1301637600,0.132854334996638
1301659200,0.23145421683473533
1301680800,0.19084728375203147
1301702400,0.22031099024165718
1301724000,0.10693701919617407
1301745600,0.07369344282864473
1301767200,-0.024900908807628824
1301788800,-0.08438789352083684
1301810400,-0.11160956170306577
1301832000,-0.09888565941077382
1301853600,-0.05579699249141476
1301875200,-0.09427890348825343
1301896800,-0.11010243235030147
1301918400,-0.10674721918456467
1301940000,-0.07588599314918604
1301961600,-0.013935465390772644
1301983200,-0.05308184125473736
1302004800,-0.07311889961397763
1302026400,-0.07077947454371217
1302048000,-0.03850659912742975
1302069600,-0.0009763630737405216
1302091200,-0.05457977992045207
1302112800,-0.07298873435892829
1302134400,-0.07075834112585294
1302156000,-0.034067459724025306
1302177600,0.04561618358963723
1302199200,0.0440034088022451
1302220800,0.08309976943462324
1302242400,0.171140426598404
1302264000,0.20507050960170786
1302285600,0.30923027837836387
1302307200,0.2783762907219317
1302328800,0.329459637112129
1302350400,0.25201008685522486
1302372000,0.11782465428590772
1302393600,0.03670543500028166
1302415200,-0.010955145641959554
1302436800,-0.02921508917516525
1302458400,-0.005163461267810254
1302480000,-0.07583427609501728
1302501600,-0.12189361980913957
1302523200,-0.14629097868036128
1302544800,-0.1648144686502794
1302566400,-0.17124319683213604
1302588000,-0.1755230218773553
1302609600,-0.16361420881399344
1302631200,-0.14019182973986088
1302652800,-0.09929623012036207
1302674400,-0.04476112532224068
1302696000,-0.09275235697909953
1302717600,-0.12071690460520487
1302739200,-0.13595875117525352
1302760800,-0.14164072044956713
1302782400,-0.13758808337723902
1302804000,-0.10871412476147678
1302825600,-0.06916165200996757
1302847200,-0.006413311533083693
1302868800,0.08103709298827758
1302890400,0.2143138511002447
1302912000,0.18490609831222352
1302933600,0.20885169766472197
1302955200,0.3023957757034422
1302976800,0.252001475136779
1302998400,0.2621543665543968
1303020000,0.11534195015010315
1303041600,0.024854502115662314
1303063200,-0.027251616186887026
1303084800,-0.05459553152728473
1303106400,-0.05695513317749573
1303128000,-0.022082413660132694
1303149600,-0.08895825423866968
1303171200,-0.12858167709745152
1303192800,-0.15756255773220024
1303214400,-0.17758594487031482
1303236000,-0.18926821356502954
1303257600,-0.1867461433677072
1303279200,-0.1882174475365151
1303300800,-0.18558032562378285
1303322400,-0.1761751229769069
1303344000,-0.15971170109833416
1303365600,-0.12145667030648093
1303387200,-0.0654874079728254
1303408800,-0.10289330063326801
1303430400,-0.11811879030114736
1303452000,-0.11167439444965568
1303473600,-0.06945484816177794
1303495200,-0.0016115062963646815
1303516800,-0.022424723623528146
1303538400,-0.004014093042496697
1303560000,0.054927050444740666
1303581600,0.15197617752217668
1303603200,0.3121912286845753
1303624800,0.3331168689970007
1303646400,0.32105040605095514
1303668000,0.39188245408555844
1303689600,0.3345077322716035
1303711200,0.35457479456982927
1303732800,0.24296253639226056
1303754400,0.09330526653658192
1303776000,-0.002238564066253737
1303797600,-0.05999621216063841
1303819200,-0.08584595827065818
1303840800,-0.09419667014244282
1303862400,-0.07706631422501059
1303884000,-0.0386701753653937
1303905600,-0.09044403044043767
1303927200,-0.11384580562146206
1303948800,-0.10845825970949541
1303970400,-0.10053758847878475
1303992000,-0.06554025180206732
1304013600,-0.12314562198922258
1304035200,-0.14830130522277463
1304056800,-0.1484844582280812
1304078400,-0.11881061944672212
1304100000,-0.06088827894297588
1304121600,-0.09321209416888193
1304143200,-0.10595985601721357
1304164800,-0.09397089592923825
1304186400,-0.05042247614505063
1304208000,0.028210604523318954
1304229600,0.02690886429045966
1304251200,0.07242511616979325
1304272800,0.172778999946186
1304294400,0.11646832917223274
1304316000,0.1073799995453037
1304337600,0.16126724859327315
1304359200,0.06258487602426427
1304380800,0.016028096678588413
1304402400,0.016055271224670264
1304424000,-0.05196974563536484
1304445600,-0.09045502624144836
1304467200,-0.09655311035831791
1304488800,-0.09704816903580582
1304510400,-0.06998048923559104
1304532000,-0.018194135142484247
1304553600,0.08561054533090864
1304575200,0.23838615020968384
1304596800,0.24942055411527844
1304618400,0.2220130178095438
1304640000,0.05291496292014597
1304661600,-0.051694993757948116
1304683200,-0.12434754847827553
1304704800,-0.16734961617742622
1304726400,-0.18790785153517983
1304748000,-0.19422171144863484
1304769600,-0.1802432608822691
1304791200,-0.1541740073852766
1304812800,-0.10602684677554837
1304834400,-0.059981616539004884
1304856000,0.02364577766291781
1304877600,0.14691927901862525
1304899200,0.3325134831556682
1304920800,0.3901269049578735
1304942400,0.4302075913515896
1304964000,0.345825826381309
1304985600,0.3597192813099439
1305007200,0.24024626475044758
1305028800,0.07167445441680254
1305050400,-0.025983195759428646
1305072000,-0.08825976002048395
1305093600,-0.12258603092557013
1305115200,-0.12873638153573713
1305136800,-0.11260169207723947
1305158400,-0.06773148320387942
1305180000,-0.12102081944799983
1305201600,-0.14653486474419272
1305223200,-0.146974202191871
1305244800,-0.12000857195179898
1305266400,-0.06912873319611862
1305288000,-0.11902618595094479
1305309600,-0.15219608515389
1305331200,-0.1651162062979749
1305352800,-0.15836189477729412
1305374400,-0.1320372464636327
1305396000,-0.07731824431324476
1305417600,-0.12094393756431895
1305439200,-0.135564209517136
1305460800,-0.13351862723594582
1305482400,-0.1065801453413623
1305504000,-0.06304979928519172
1305525600,0.012530077809177573
1305547200,0.007742166910446241
1305568800,0.04760233706957073
1305590400,0.12532666080708388
1305612000,0.2558932147429734
1305633600,0.24505344669666687
1305655200,0.30643718949643955
1305676800,0.22007305767746987
1305698400,0.19730106042262896
1305720000,0.2537466362839684
1305741600,0.1543963436415336
1305763200,0.119486046241542
1305784800,0.013980026698061698
1305806400,-0.05435824376169042
1305828000,-0.09554558222946334
1305849600,-0.10771794078494291
1305871200,-0.11208193528598961
1305892800,-0.10048999193141242
1305914400,-0.05830472909260864
1305936000,-0.11211521237462155
1305957600,-0.13835281190347531
1305979200,-0.14664295071091948
1306000800,-0.13144127951614493
1306022400,-0.08916630525709614
1306044000,-0.1397043418426854
1306065600,-0.15386875782666443
1306087200,-0.14910452832757054
1306108800,-0.12778917846678917
1306130400,-0.077014257078676
1306152000,-0.11423707160957948
1306173600,-0.12917728919677446
1306195200,-0.13044782952235365
1306216800,-0.11691203596134667
1306238400,-0.07703811854128893
1306260000,-0.04796627162565846
1306281600,0.011738543957275228
1306303200,0.030878943071405804
1306324800,0.09982711350377574
1306346400,0.2315987476592917
1306368000,0.21698909698591015
1306389600,0.26227957825340376
1306411200,0.17269711560552353
1306432800,0.11330688748916858
1306454400,0.11933437432235233
1306476000,0.05365859333994692
1306497600,0.0405876883145284
1306519200,0.07427740531844519
1306540800,0.04265392897674671
1306562400,0.04791518757672775
1306584000,0.08741930850175872
1306605600,0.14082215504474735
1306627200,0.23778857575893306
1306648800,0.196679795682558
1306670400,0.20608267366612282
1306692000,0.07401258954314335
1306713600,-0.01936249608988498
1306735200,-0.07472600891278254
1306756800,-0.1112165589839389
1306778400,-0.11935039780894283
1306800000,-0.11639349374467242
1306821600,-0.10336197799289552
1306843200,-0.07301283791229266
1306864800,-0.01152861749446965
1306886400,0.07019243980931614
1306908000,0.19040868496686053
1306929600,0.26079351116817895
1306951200,0.18553315038171803
1306972800,0.17841073652555506
1306994400,0.22964851564123046
1307016000,0.1417835060462653
1307037600,0.10440482010578023
1307059200,-0.00011262226434632927
1307080800,-0.07068372958490718
1307102400,-0.11334071522910036
1307124000,-0.1403105833459556
1307145600,-0.14877314420950022
1307167200,-0.1607068567539255
1307188800,-0.1697736767920784
1307210400,-0.1761640728957749
1307232000,-0.18191044859268132
1307253600,-0.18011460021643644
1307275200,-0.1741281288268728
1307296800,-0.16768672932000764
1307318400,-0.1641734753721186
1307340000,-0.16218705661602098
1307361600,-0.15708446724565145
1307383200,-0.14842822363553126
1307404800,-0.1426610787594746
1307426400,-0.12812161568983602
1307448000,-0.10414884882756291
1307469600,-0.07356141662927747
1307491200,-0.02835495478981981
1307512800,0.0347194789395446
1307534400,0.008416511912208937
1307556000,0.0013232487763690098
1307577600,0.023340063398966958
1307599200,0.0647708160884401
1307620800,0.13793627767056307
1307642400,0.26892294160603625
1307664000,0.23984076216980316
1307685600,0.27497263536365824
1307707200,0.15920574468727605
1307728800,0.08744803592727665
1307750400,0.053927125118980956
1307772000,0.05147036930269128
1307793600,-0.03313351115049182
1307815200,-0.08767029639742424
1307836800,-0.11753338112044937
1307858400,-0.1372252027749526
1307880000,-0.15111961381074948
1307901600,-0.1567498580396501
1307923200,-0.15143112824220534
1307944800,-0.13265840785227845
1307966400,-0.1009602034022319
1307988000,-0.04425372487261618
1308009600,-0.08760060610320156
1308031200,-0.10577416475721207
1308052800,-0.10119648739315765
1308074400,-0.07969167583926008
1308096000,-0.037337372780483574
1308117600,-0.08688857435935854
1308139200,-0.10801036364880284
1308160800,-0.10131395091090692
1308182400,-0.06668934897449971
1308204000,-0.003738527709906018
1308225600,-0.01430265733179395
1308247200,0.015430987155616555
1308268800,0.09137183125541468
1308290400,0.23119745752596976
1308312000,0.24359562756495146
1308333600,0.21143278418765854
1308355200,0.2728669935950999
1308376800,0.1999143801488403
1308398400,0.20392572669530634
1308420000,0.0647407456599193
1308441600,-0.03732880017521989
1308463200,-0.11021773676899142
1308484800,-0.15668871376649196
1308506400,-0.1754338624978618
1308528000,-0.17994938894439946
1308549600,-0.15608773243928892
1308571200,-0.11745803760522525
1308592800,-0.04696725411724728
1308614400,0.051711562132284616
1308636000,0.20715904637816887
1308657600,0.2310663465516614
1308679200,0.3119104777606586
1308700800,0.26521039392681234
1308722400,0.25366094752196044
1308744000,0.20962417330334432
1308765600,0.16720240449131124
1308787200,0.09815284879109323
1308808800,0.07957344596148047
1308830400,0.10267666910641876
1308852000,0.05064352545885071
1308873600,0.05466098862389991
1308895200,0.09732846235716094
1308916800,0.20253683208451267
1308938400,0.1719739529787137
1308960000,0.20543014279861901
1308981600,0.08908523714625907
1309003200,0.02251770192032529
1309024800,-0.012236747776597192
1309046400,0.0006875986129654399
1309068000,-0.07847300696906219
1309089600,-0.13001788017296223
1309111200,-0.16137106238263962
1309132800,-0.17602486307570817
1309154400,-0.1796433089982053
1309176000,-0.17458889401353744
1309197600,-0.15782149446085664
1309219200,-0.1166324288894136
1309240800,-0.16862868557045674
1309262400,-0.20080765663340033
1309284000,-0.21204151798609427
1309305600,-0.21586248554515072
1309327200,-0.20928791714214873
1309348800,-0.2006685656121131
1309370400,-0.1850018703313422
1309392000,-0.16447908980805812
1309413600,-0.1405939660134769
1309435200,-0.10726608809215174
1309456800,-0.07820986018514944
1309478400,-0.03261708915017186
1309500000,0.034899687605614974
1309521600,0.018762596923013214
1309543200,0.03281934865263854
1309564800,0.07615554028455926
1309586400,0.15651679681458563
1309608000,0.30012625205173604
1309629600,0.2886625377228632
1309651200,0.34943333279333066
1309672800,0.2664871448317607
1309694400,0.2492915297554485
1309716000,0.29845336330628003
1309737600,0.20740960739727088
1309759200,0.16824247856676214
1309780800,0.05885930210867221
1309802400,-0.007055956294351254
1309824000,-0.038608874866036584
1309845600,-0.03508734335582435
1309867200,-0.008754520211829583
1309888800,-0.07473285311377927
1309910400,-0.1222484907641582
1309932000,-0.15190260944410594
1309953600,-0.1646230090531518
1309975200,-0.17487311515797488
1309996800,-0.18370713526143068
1310018400,-0.18757863416161882
1310040000,-0.18452190439810415
1310061600,-0.18089577107476346
1310083200,-0.17609364981439346
1310104800,-0.16880993029827396
1310126400,-0.15186203291649406
1310148000,-0.1292099606367876
1310169600,-0.09626896896533463
1310191200,-0.0560757995715349
1310212800,0.003371477309718561
1310234400,-0.017990770981533233
1310256000,-0.011217428219486195
1310277600,0.024413686063037093
1310299200,0.0899426558912387
1310320800,0.18553130144874858
1310342400,0.12370580787779803
1310364000,0.11274018866224861
1310385600,0.16000368833085968
1310407200,0.04616283051117778
1310428800,-0.01912376110911279
1310450400,-0.05313428775105866
1310472000,-0.06762027910802364
1310493600,-0.07102282703898197
1310515200,-0.04767507955532725
1310536800,0.006199830981326662
1310558400,-0.03089460280157811
1310580000,-0.02763049848889329
1310601600,0.003859677655964913
1310623200,0.051193680981035286
1310644800,0.012283368472864414
1310666400,-0.0018158797838590118
1310688000,0.017176975486120197
1310709600,0.0435168775273604
1310731200,0.07614605917764145
1310752800,0.03284784103960439
1310774400,0.004982154688148513
1310796000,0.013255286353226769
1310817600,0.027723518269140754
1310839200,0.06817590847142982
1310860800,0.12495170384791454
1310882400,0.2419810544893875
1310904000,0.22158294174301585
1310925600,0.2665663863984902
1310947200,0.17472195732936174
1310968800,0.13985505739042217
1310990400,0.16956908201806598
1311012000,0.042781331181263926
1311033600,-0.03199380827796659
1311055200,-0.1024669498132629
1311076800,-0.1439387409031831
1311098400,-0.17274896866543074
1311120000,-0.19309081023444188
1311141600,-0.18557439517136676
1311163200,-0.17065635942983315
1311184800,-0.14018987796755952
1311206400,-0.11222336946485142
1311228000,-0.06741713367868735
1311249600,-0.10541267920245383
1311271200,-0.11790489197245073
1311292800,-0.11899152135276733
1311314400,-0.09623237652339679
1311336000,-0.04766685008827011
1311357600,-0.09769082307455179
1311379200,-0.11699700142074426
1311400800,-0.11699324715634685
1311422400,-0.09371557278431236
1311444000,-0.05707284997878284
1311465600,0.007415505598976725
1311487200,-0.021809320278309036
1311508800,-0.013160140020296668
1311530400,0.03872145918754483
1311552000,0.12688498580274907
1311573600,0.2705582447667409
1311595200,0.27312923485637236
1311616800,0.35109545475977033
1311638400,0.3970430055540269
1311660000,0.30964557152851113
1311681600,0.3084158803504339
1311703200,0.17027729568500372
1311724800,0.10132714949813766
1311746400,0.08113370670532755
1311768000,-0.01694998351648072
1311789600,-0.08083945660773126
1311811200,-0.10927636344126168
1311832800,-0.10464225445966718
1311854400,-0.07017325830905995
1311876000,-0.12089762564448414
1311897600,-0.14933895453521828
1311919200,-0.1556331031690534
1311940800,-0.14336009126095195
1311962400,-0.11097970765614594
1311984000,-0.06048815516048882
1312005600,-0.1069669913186761
1312027200,-0.1269584063420026
1312048800,-0.12354883293449234
1312070400,-0.10377672964519463
1312092000,-0.06328494207833078
1312113600,-0.10929475958181724
1312135200,-0.1313658684287289
1312156800,-0.1364287152629442
1312178400,-0.1230835897144556
1312200000,-0.07585733682862794
1312221600,-0.005657419667283538
1312243200,-0.016049898649669145
1312264800,0.013129698192043723
1312286400,0.07872817985647024
1312308000,0.1943485453574544
1312329600,0.16442771530977784
1312351200,0.18898118603636369
1312372800,0.28771558226269306
1312394400,0.25097637781514753
1312416000,0.29252244493208057
1312437600,0.20783356644653395
1312459200,0.06708722445514106
1312480800,-0.01988988254088561
1312502400,-0.07041525617558042
1312524000,-0.09073904605903277
1312545600,-0.1076960576429395
1312567200,-0.10761461734868785
1312588800,-0.08442164261837944
1312610400,-0.03647618511078079
1312632000,-0.03422583435532965
1312653600,-0.07404601734811146
1312675200,-0.0877151134642192
1312696800,-0.0791124969099051
1312718400,-0.04399009697118825
1312740000,0.007495281926554048
1312761600,-0.030702872032853573
1312783200,-0.0489478190235446
1312804800,-0.07991063789648294
1312826400,-0.07102258085848522
1312848000,-0.06299215180657103
1312869600,-0.028308582882509592
1312891200,0.04175908971692424
1312912800,0.14734132069948128
1312934400,0.31511697671927646
1312956000,0.33872685154922355
1312977600,0.330963447011965
1312999200,0.19202503815675492
1313020800,0.11514453713210565
1313042400,0.09076144475660017
1313064000,-0.01023570522120959
1313085600,-0.076863625417395
1313107200,-0.11763670535314769
1313128800,-0.14930557513087805
1313150400,-0.16614133852224272
1313172000,-0.16516061456078593
1313193600,-0.15094772851443888
1313215200,-0.12184604143309767
1313236800,-0.08812768516277102
1313258400,-0.03271306329729187
1313280000,-0.07853251512637682
1313301600,-0.10617708637415671
1313323200,-0.11011565989616709
1313344800,-0.09668696185249781
1313366400,-0.07217850828788369
1313388000,-0.030905454081437272
1313409600,-0.07977722232372361
1313431200,-0.10574368431054038
1313452800,-0.12286939008631681
1313474400,-0.13146878572283663
1313496000,-0.11751222056351218
1313517600,-0.09453465314284283
1313539200,-0.0469067038128739
1313560800,0.025969413215609943
1313582400,0.13659147420470275
1313604000,0.3064129034640661
1313625600,0.3405556819621384
1313647200,0.31989799366045174
1313668800,0.376796454754238
1313690400,0.2981641841869941
1313712000,0.29361817731510315
1313733600,0.14828710721367913
1313755200,0.04872014176177866
1313776800,-0.01751701386803392
1313798400,-0.06253277040396354
1313820000,-0.08871294314101946
1313841600,-0.08965354921752111
1313863200,-0.08336708470852514
1313884800,-0.06351104567162381
1313906400,-0.020308109897765672
1313928000,-0.07034500034846412
1313949600,-0.107367272564923
1313971200,-0.12764255967101445
1313992800,-0.1403652020054118
1314014400,-0.13997699133092914
1314036000,-0.1403256721860494
1314057600,-0.14170316891263404
1314079200,-0.13560975634705563
1314100800,-0.11938683495571403
1314122400,-0.07516807462541619
1314144000,-0.13110024848769913
1314165600,-0.16770391144315924
1314187200,-0.18613819639645987
1314208800,-0.19344654407821466
1314230400,-0.18749889754232957
1314252000,-0.17975169151476503
1314273600,-0.15986333201610498
1314295200,-0.11706464513304993
1314316800,-0.05588956328990205
1314338400,0.02747771802827295
1314360000,0.1431246311984516
1314381600,0.09288390331863705
1314403200,0.10054581368370116
1314424800,0.17712218339643632
1314446400,0.10198699387248508
1314468000,0.08254406382416107
1314489600,-0.00953438555107701
1314511200,-0.061436696654858236
1314532800,-0.08324208641815332
1314554400,-0.07451192266507027
1314576000,-0.04431900643293829
1314597600,0.009098850957810045
1314619200,0.10512379737694119
1314640800,0.25607695578591216
1314662400,0.25936926090499113
1314684000,0.34560744518891917
1314705600,0.4106554684058671
1314727200,0.35860021216868987
1314748800,0.3744746973235282
1314770400,0.26638515964231035
1314792000,0.12781458043754573
1314813600,0.03839246219989455
1314835200,-0.006027164137747228
1314856800,-0.0076258034743211245
1314878400,0.02709610706757376
1314900000,-0.018638486211487306
1314921600,-0.02772645505587963
1314943200,-0.010502508444196049
1314964800,0.04522121563310169
1314986400,0.15443925391371244
1315008000,0.11185891903151768
1315029600,0.13240254676652408
1315051200,-0.008394213265639994
1315072800,-0.0952392367597213
1315094400,-0.15387387987298357
1315116000,-0.19066680963347107
1315137600,-0.1989057204858245
1315159200,-0.199217974008834
1315180800,-0.19578054812339107
1315202400,-0.18130952614460608
1315224000,-0.14517265185102268
1315245600,-0.13641413256747034
1315267200,-0.10925718194267146
1315288800,-0.05627499966944044
1315310400,-0.09143770248604334
1315332000,-0.1045464342212749
1315353600,-0.10607446348583058
1315375200,-0.10217431929412232
1315396800,-0.08346418255403082
1315418400,-0.02645616141525782
1315440000,-0.07078273692771225
1315461600,-0.09358965176099386
1315483200,-0.09801159017372524
1315504800,-0.09566619574154314
1315526400,-0.06936661828794816
1315548000,-0.030245099585324703
1315569600,0.044749003172562835
1315591200,0.15366330256973199
1315612800,0.3278977511009974
1315634400,0.3616444382543874
1315656000,0.25984711401623833
1315677600,0.22949806524958494
1315699200,0.2749650979229945
1315720800,0.1745130936403264
1315742400,0.13204677284241398
1315764000,0.025529547158357785
1315785600,-0.043816006903967766
1315807200,-0.07698998053281193
1315828800,-0.08823113272125355
1315850400,-0.06971333586205605
1315872000,-0.03142106099417223
1315893600,-0.08815134226817002
1315915200,-0.12088166356130306
1315936800,-0.13705547759622871
1315958400,-0.14222985544829
1315980000,-0.13622739644157258
1316001600,-0.1076445751614806
1316023200,-0.05685726296726615
1316044800,-0.10868162619384554
1316066400,-0.14285401445094328
1316088000,-0.1512598341155523
1316109600,-0.14688737805580893
1316131200,-0.11970467181745939
1316152800,-0.07145244867938266
1316174400,-0.11845334632056392
1316196000,-0.13805074875987988
1316217600,-0.12394768956472456
1316239200,-0.09340008113128748
1316260800,-0.03487395474883496
1316282400,-0.05891530893904015
1316304000,-0.042940576893839066
1316325600,0.012684145331233937
1316347200,0.10754656782241978
1316368800,0.27453053458754706
1316390400,0.3055143304564115
1316412000,0.30653933648920595
1316433600,0.188708706987764
1316455200,0.14369966919428281
1316476800,0.16200393705343946
1316498400,0.030092433721519984
1316520000,-0.049833509623249755
1316541600,-0.10445061284200181
1316563200,-0.13547581055850452
1316584800,-0.14832837240603808
1316606400,-0.1396376849100207
1316628000,-0.1215864514820578
1316649600,-0.07697707380340191
1316671200,-0.013926116106592057
1316692800,0.07765744799006713
1316714400,0.22308723964622437
1316736000,0.22152742770698566
1316757600,0.28707553861887375
1316779200,0.22351053408779498
1316800800,0.2340216419025386
1316822400,0.20256987908268653
1316844000,0.11385847963114781
1316865600,0.04938273839483771
1316887200,0.03349311779479444
1316908800,0.06785934286663986
1316930400,0.02573714356275926
1316952000,0.030226192001780672
1316973600,0.07586407809326098
1316995200,0.17804767019930884
1317016800,0.1344247960185055
1317038400,0.15888473386599622
1317060000,0.03604446777825207
1317081600,-0.03982994688243674
1317103200,-0.07711165939465653
1317124800,-0.09381836228093399
1317146400,-0.08383147164824223
1317168000,-0.07780836858349978
1317189600,-0.04962473270635287
1317211200,-0.0007740771354988324
1317232800,-0.041960155675108184
1317254400,-0.05862422640342056
1317276000,-0.054509828203755786
1317297600,-0.018477693809405185
1317319200,-0.07639789321081035
1317340800,-0.114598805551119
1317362400,-0.1451390343439098
1317384000,-0.15327844822070658
1317405600,-0.16109897891190533
1317427200,-0.16007587043486318
1317448800,-0.15787195820451927
1317470400,-0.1538460243471828
1317492000,-0.14260239646810324
1317513600,-0.12035371361041008
1317535200,-0.10295044021681449
1317556800,-0.07734720514398499
1317578400,-0.037722599899079626
1317600000,0.01899041984668559
1317621600,0.11012992801156954
1317643200,0.2444679422803817
1317664800,0.22299459553267498
1317686400,0.25572713366285676
1317708000,0.1267042798794041
1317729600,0.04507545385861059
1317751200,-0.00756134010961465
1317772800,-0.042171560389537364
1317794400,-0.057962791593714466
1317816000,-0.061729516362951126
1317837600,-0.060863830578757744
1317859200,-0.04416707502704374
1317880800,-0.009769361079626213
1317902400,0.05182517020511783
1317924000,0.009719577262855515
1317945600,-0.011697334182749153
1317967200,-0.021270251859475016
1317988800,-0.01229043913126314
1318010400,0.02815350272659424
1318032000,-0.032740950830875734
1318053600,-0.0748327221228224
1318075200,-0.10170760090130673
1318096800,-0.12682575235309076
1318118400,-0.1450962636126254
1318140000,-0.1659184844477018
1318161600,-0.18079035363134596
1318183200,-0.18736750872944838
1318204800,-0.18476955717980034
1318226400,-0.1771119936291158
1318248000,-0.1677633093858762
1318269600,-0.15825428367986313
1318291200,-0.13958942990500817
1318312800,-0.1026112185753082
1318334400,-0.040080410678717565
1318356000,0.05893686098779585
1318377600,0.20418144219414394
1318399200,0.19693922160635166
1318420800,0.252248658422763
1318442400,0.16360189907721587
1318464000,0.13893605306093804
1318485600,0.16990684529297612
1318507200,0.04529864216888674
1318528800,-0.03379636369468471
1318550400,-0.08351953963138728
1318572000,-0.10535367520210541
1318593600,-0.10120549135699103
1318615200,-0.07991433214410662
1318636800,-0.02894850136951524
1318658400,-0.06904472611423175
1318680000,-0.0692018482301517
1318701600,-0.050954073277163656
1318723200,-0.004528644433346218
1318744800,0.08165447299146933
1318766400,0.21065666351332668
1318788000,0.19325404865142815
1318809600,0.25389019105203614
1318831200,0.1662678433427286
1318852800,0.14698441600348564
1318874400,0.07327974039768392
1318896000,0.04926803804504836
1318917600,0.07385061944018079
1318939200,0.090026332567001
1318960800,0.046695998349078595
1318982400,0.028555687217978434
1319004000,0.024992305873275292
1319025600,0.0831099204648815
1319047200,0.1926599294244662
1319068800,0.15551710951890046
1319090400,0.19426969903148936
1319112000,0.09145463519920752
1319133600,0.04341130424672883
1319155200,0.05078754896946597
1319176800,-0.014267049156722715
1319198400,-0.030413485628376064
1319220000,-0.011829411749568926
1319241600,0.0016142322679448817
1319263200,-0.072023609589112
1319284800,-0.11091856666627799
1319306400,-0.11436967085596474
1319328000,-0.09697008245153341
1319349600,-0.04558441819239109
1319371200,-0.0776224301433723
1319392800,-0.1052156919377295
1319414400,-0.10088417971939487
1319436000,-0.08174114514998612
1319457600,-0.14787643807413003
1319479200,-0.1875199085240777
1319500800,-0.2006362115218117
1319522400,-0.20725817302352748
1319544000,-0.20092155178551024
1319565600,-0.18514434957507253
1319587200,-0.14847164113884656
1319608800,-0.0846492061744833
1319630400,0.013779424928127393
1319652000,0.1682429061886418
1319673600,0.17015115920533438
1319695200,0.2465072436413203
1319716800,0.179067594781373
1319738400,0.18867442358870998
1319760000,0.2628680375000588
1319781600,0.19152689777511034
1319803200,0.06721625687798607
1319824800,-0.003308569218170049
1319846400,-0.03730644651681669
1319868000,-0.0388273442349826
1319889600,0.0004525234534778627
1319911200,-0.047286103265243
1319932800,-0.06609598205460482
1319954400,-0.05870079802778416
1319976000,-0.012144762108778878
1319997600,0.061210225233768734
1320019200,0.1914936646419147
1320040800,0.1673398853992515
1320062400,0.21053809145006044
1320084000,0.10374310066750744
1320105600,0.062363428372608845
1320127200,0.05301497336369532
1320148800,-0.03796238654860502
1320170400,-0.09142371346674376
1320192000,-0.12310880498218318
1320213600,-0.12751832315120112
1320235200,-0.12922943985863064
1320256800,-0.10524406779681225
1320278400,-0.05372390893262344
1320300000,-0.0939219234851113
1320321600,-0.09764697106268516
1320343200,-0.07968550467459813
1320364800,-0.032396615615437774
1320386400,0.04793772566235455
1320408000,0.17855471915436288
1320429600,0.14778724812099336
1320451200,0.17515833941695264
1320472800,0.04569363207531407
1320494400,-0.027405327758354317
1320516000,-0.07867727415321393
1320537600,-0.10908182500892295
1320559200,-0.1338226569179657
1320580800,-0.14764680826965285
1320602400,-0.13689979934025678
1320624000,-0.1137986628359084
1320645600,-0.06845767934293527
1320667200,-0.11282708990732446
1320688800,-0.14583924524426864
1320710400,-0.16168444556969214
1320732000,-0.17492531014330018
1320753600,-0.17671077263540214
1320775200,-0.16779375263419852
1320796800,-0.14289504776614134
1320818400,-0.10329860842188109
1320840000,-0.045960998498351974
1320861600,0.03620445673649576
1320883200,0.04063306912301806
1320904800,0.04118959525231487
1320926400,0.0877548765691146
1320948000,0.1572596826133751
1320969600,0.1614729098464624
1320991200,0.16969741045310316
1321012800,0.22473218623562194
1321034400,0.3646203599300579
1321056000,0.37771018653679145
1321077600,0.36663450837361694
1321099200,0.23591296487788482
1321120800,0.1929348927250732
1321142400,0.21168638862735084
1321164000,0.07928974836643218
1321185600,0.005693724969478564
1321207200,-0.03502256290666207
1321228800,-0.05269395054088773
1321250400,-0.04316077739654617
1321272000,-0.11246813390887722
1321293600,-0.16169184106800144
1321315200,-0.18848982101433326
1321336800,-0.20109081110391902
1321358400,-0.2075634520625779
1321380000,-0.2104408118028466
1321401600,-0.2000131344334014
1321423200,-0.17974881103435625
1321444800,-0.14182679447947943
1321466400,-0.19717280332765275
1321488000,-0.225682456753977
1321509600,-0.23476237524129873
1321531200,-0.22798109244151565
1321552800,-0.19407928697869048
1321574400,-0.1340035156160088
1321596000,-0.03565211551277575
1321617600,0.1226497855166053
1321639200,0.13045255434042477
1321660800,0.21900264655936522
1321682400,0.2754049026023253
1321704000,0.21129053199284917
1321725600,0.2221773717204416
1321747200,0.0941378261716957
1321768800,0.027007027265500638
1321790400,0.019120464589888753
1321812000,-0.0696789172544081
1321833600,-0.1167128119439439
1321855200,-0.13592395301222496
1321876800,-0.12138848737268501
1321898400,-0.06022329971960042
1321920000,-0.08604205549510147
1321941600,-0.07322120476202386
1321963200,-0.014056526020397364
1321984800,0.09124744995348227
1322006400,0.26837656938726906
1322028000,0.3125096614250225
1322049600,0.3397434750753506
1322071200,0.3529797242858586
1322092800,0.2607282643757543
1322114400,0.26244351180714764
1322136000,0.13229241375386816
1322157600,0.07295528895761905
1322179200,-0.04147017891016726
1322200800,-0.10223637230586831
1322222400,-0.12306784192271959
1322244000,-0.10790598074505028
1322265600,-0.05926486884183348
1322287200,-0.08709558424786756
1322308800,-0.07907770463036837
1322330400,-0.027769614679944127
1322352000,0.06827970152181914
1322373600,0.22390006163350457
1322395200,0.24334026351195137
1322416800,0.3537287884079807
1322438400,0.34484067451484274
1322460000,0.21606937232327145
1322481600,0.05544272819507823
1322503200,-0.040004866559251825
1322524800,-0.09329137906577459
1322546400,-0.11390969369771867
1322568000,-0.0936125462359148
1322589600,-0.1692288075792417
1322611200,-0.2154604260447257
1322632800,-0.24075427896647378
1322654400,-0.2526541809330471
1322676000,-0.25330914501438445
1322697600,-0.23645453034097536
1322719200,-0.22204626505179642
1322740800,-0.1936479921502923
1322762400,-0.1512581459915374
1322784000,-0.09427101783817128
1322805600,-0.12530345008871505
1322827200,-0.14040011744264622
1322848800,-0.13313481030461197
1322870400,-0.11462108416819448
1322892000,-0.09692782941591224
1322913600,-0.035744189443822044
1322935200,0.027297761731832154
1322956800,0.09657469426918841
1322978400,0.14647054063050158
1323000000,0.2745726907922281
1323021600,0.2634943500922134
1323043200,0.2927441062225056
1323064800,0.18825218194725574
1323086400,0.13157773828275668
1323108000,0.12377986936110585
1323129600,0.04364111902928375
1323151200,1.0921355333565197e-05
1323172800,-0.014885503679329289
1323194400,0.0050256601999857375
1323216000,0.055924514017721944
1323237600,0.02458838304763453
1323259200,0.03021977752067257
1323280800,0.0695892029454409
1323302400,0.03124911056014215
1323324000,-0.020826912752395718
1323345600,-0.05122313496821488
1323367200,-0.05141508458928927
1323388800,-0.011046097511342418
1323410400,-0.06451122012746932
1323432000,-0.08838256760266912
1323453600,-0.09318934978261635
1323475200,-0.07412654960641138
1323496800,-0.018572631500545028
1323518400,-0.052189452989836176
1323540000,-0.04329539188428243
1323561600,-0.008158339712612483
1323583200,0.06367138646556739
1323604800,0.18673291996110736
1323626400,0.15610338437326798
1323648000,0.1873649362219541
1323669600,0.058335873719777026
1323691200,-0.022484106096460663
1323712800,-0.06940795454310378
1323734400,-0.09882015548104499
1323756000,-0.11358047469709323
1323777600,-0.1045015172263892
1323799200,-0.07957992409358515
1323820800,-0.039094115354038145
1323842400,-0.09415319895718419
1323864000,-0.11619549879117652
1323885600,-0.12621471721229824
1323907200,-0.11413033943883527
1323928800,-0.085881632967264
1323950400,-0.036641192161703764
1323972000,-0.08147728637894278
1323993600,-0.09494724869907546
1324015200,-0.09764610276975658
1324036800,-0.07969154172742367
1324058400,-0.03591236316712175
1324080000,-0.08815035515337521
1324101600,-0.111699816108109
1324123200,-0.1177517062090597
1324144800,-0.10133184973007624
1324166400,-0.06640276059416308
1324188000,-0.003178946886508209
1324209600,-0.020305566563155623
1324231200,-0.0031800266077885164
1324252800,0.049854190195213116
1324274400,0.14971859288990416
1324296000,0.31214582425140286
1324317600,0.3261264702502885
1324339200,0.2980611417739209
1324360800,0.3556018002817999
1324382400,0.2869063519035079
1324404000,0.2912945705099507
1324425600,0.15724900617884538
1324447200,0.08050876899248668
1324468800,0.06141441343774526
1324490400,-0.020461770343382923
1324512000,-0.0690003128712912
1324533600,-0.08999791221273624
1324555200,-0.08438259503009965
1324576800,-0.05258969654939449
1324598400,-0.11177392643407308
1324620000,-0.15976664822739484
1324641600,-0.19239136224228284
1324663200,-0.2070876528182577
1324684800,-0.213996223356525
1324706400,-0.20979056753916384
1324728000,-0.2040144461161557
1324749600,-0.1945870424673461
1324771200,-0.16752898839080493
1324792800,-0.10991757784948693
1324814400,-0.14729449297263186
1324836000,-0.15262666421625748
1324857600,-0.1311255573848756
1324879200,-0.11780914720468202
1324900800,-0.0808349966659355
1324922400,-0.011097440136489639
1324944000,0.1019171352831496
1324965600,0.27669024111523244
1324987200,0.32456377712509976
1325008800,0.35252341627669526
1325030400,0.25994388889160636
1325052000,0.2611729792985171
1325073600,0.1398688837229676
1325095200,0.0903012485611461
1325116800,-0.024884744722422553
1325138400,-0.09863276516331118
1325160000,-0.13307528315897393
1325181600,-0.14947405060570487
1325203200,-0.13815200739547123
1325224800,-0.10861255965477719
1325246400,-0.050625786865094335
1325268000,0.043115545957734897
1325289600,0.14572253178216807
1325311200,0.08258727051913477
1325332800,0.07651304644950464
1325354400,0.12444425279154764
1325376000,0.014934974591463743
1325397600,-0.036509197482091686
1325419200,-0.05210251264787837
1325440800,-0.025322903528488955
1325462400,0.04721993208298311
1325484000,0.11020049250582523
1325505600,0.11939766753674955
1325527200,0.18125434913137378
1325548800,0.30566814625434385
1325570400,0.30408861587086194
1325592000,0.2764570901604442
1325613600,0.33823293267360477
1325635200,0.27591422995773074
1325656800,0.30666311609895175
1325678400,0.21126790614364999
1325700000,0.058549004383714326
1325721600,-0.045046869868448636
1325743200,-0.11785157125560078
1325764800,-0.17129391132032645
1325786400,-0.1983487458281052
1325808000,-0.21700223795792678
1325829600,-0.22761303909560474
1325851200,-0.2283290045701698
1325872800,-0.24060405324731168
1325894400,-0.24688161464432204
1325916000,-0.25209268971454474
1325937600,-0.25249290573892125
1325959200,-0.24387988567657864
1325980800,-0.23402773613752945
1326002400,-0.22982532706821993
1326024000,-0.22750206421661895
1326045600,-0.22188115899273686
1326067200,-0.2089805929289293
1326088800,-0.1861347955254777
1326110400,-0.1506645286121553
1326132000,-0.09090820132914687
1326153600,-0.008853459633916549
1326175200,-0.011165573924690947
1326196800,0.018952039675280294
1326218400,0.0887890432804185
1326240000,0.20149176869276705
1326261600,0.37189783162945445
1326283200,0.4116024673543609
1326304800,0.4250632533582058
1326326400,0.307833656039738
1326348000,0.2665154470513381
1326369600,0.30480104294465793
1326391200,0.19657659014565015
1326412800,0.14904387707269334
1326434400,0.03019159941429614
1326456000,-0.03495791782621077
1326477600,-0.07834143012218614
1326499200,-0.09489865560171924
1326520800,-0.09038821789477118
1326542400,-0.06905309451987941
1326564000,-0.021386467836431763
1326585600,-0.06065453651796103
1326607200,-0.08553001171876125
1326628800,-0.0959523462373926
1326650400,-0.08269182802405788
1326672000,-0.050479880746429936
1326693600,-0.1061441650044759
1326715200,-0.14548332255546986
1326736800,-0.16598721110088557
1326758400,-0.1751251729001693
1326780000,-0.1785630330186232
1326801600,-0.15650539210482917
1326823200,-0.1269318722505873
1326844800,-0.109520243424095
1326866400,-0.06415170320521936
1326888000,-0.011110368715539942
1326909600,0.06984945876195119
1326931200,0.07535342190761722
1326952800,0.07926809037453529
1326974400,0.13694108565894517
1326996000,0.23860671243706147
1327017600,0.1906560007188141
1327039200,0.20526215890453525
1327060800,0.06361262379979091
1327082400,-0.016887393316796104
1327104000,-0.07129223477587313
1327125600,-0.10055210395548139
1327147200,-0.10424945103729868
1327168800,-0.10706331276587064
1327190400,-0.08335749584049397
1327212000,-0.03936845502921492
1327233600,-0.08497118976925003
1327255200,-0.10637818425273197
1327276800,-0.09874714236173869
1327298400,-0.06567548788731105
1327320000,-0.007412977131676268
1327341600,-0.04120587888083109
1327363200,-0.04105894754151966
1327384800,0.000717542919181649
1327406400,-0.04260124874764475
1327428000,-0.04786234289123474
1327449600,-0.02118814300058984
1327471200,0.030010022897338146
1327492800,0.12072577347238093
1327514400,0.1475627652139226
1327536000,0.10613379969673226
1327557600,0.11783863030948223
1327579200,0.18643030218035817
1327600800,0.3226908485379777
1327622400,0.3180120650740199
1327644000,0.27123645828838094
1327665600,0.30495083111683396
1327687200,0.1988441011654658
1327708800,0.15441126570520944
1327730400,0.04256576354399977
1327752000,-0.01884056047068923
1327773600,-0.0550750110685193
1327795200,-0.05497954334814545
1327816800,-0.024154014743393598
1327838400,-0.08330639396314127
1327860000,-0.1141501119778591
1327881600,-0.11430096875854728
1327903200,-0.10011978592417804
1327924800,-0.06635318318154176
1327946400,-0.12680942477220736
1327968000,-0.16600941729842084
1327989600,-0.1807396937918106
1328011200,-0.18358815887617713
1328032800,-0.16811340878012887
1328054400,-0.1401274982023619
1328076000,-0.08994400834387246
1328097600,-0.13152386402554717
1328119200,-0.15579636675580782
1328140800,-0.16687254638811905
1328162400,-0.16345893047316418
1328184000,-0.1407961779283665
1328205600,-0.1126526977152282
1328227200,-0.06358455201267624
1328248800,0.007857792348845899
1328270400,0.11678486358344328
1328292000,0.2673586478485427
1328313600,0.26528333055686315
1328335200,0.3250286285918764
1328356800,0.2375786510262005
1328378400,0.22541239931530904
1328400000,0.2782037254198459
1328421600,0.18007141497523102
1328443200,0.14622618298940301
1328464800,0.03745393395512367
1328486400,-0.0266439821563155
1328508000,-0.06200752574673747
1328529600,-0.07744766591603236
1328551200,-0.06888608738166202
1328572800,-0.03117714495520535
1328594400,-0.09148049094023031
1328616000,-0.12831232159832145
1328637600,-0.15482200160585682
1328659200,-0.16578923711732235
1328680800,-0.15557902420414238
1328702400,-0.13309241340995778
1328724000,-0.0792798741796607
1328745600,-0.12683472484580433
1328767200,-0.15283142807767922
1328788800,-0.16979315014790825
1328810400,-0.17360009514109018
1328832000,-0.16886363295623572
1328853600,-0.15636507521634102
1328875200,-0.13080940216032277
1328896800,-0.09102782235726722
1328918400,-0.02868268267014293
1328940000,0.054906424983628965
1328961600,0.06663332608612929
1328983200,0.1250339364815729
1329004800,0.23943757379871547
1329026400,0.20480821930839604
1329048000,0.24701467858270967
1329069600,0.36008838465370147
1329091200,0.35502365913103784
1329112800,0.22396718636295632
1329134400,0.17213338188373298
1329156000,0.06306223439014845
1329177600,0.014599380123221338
1329199200,-0.006450360355132023
1329220800,0.013273319909591436
1329242400,-0.04911880228167238
1329264000,-0.08394039065359872
1329285600,-0.10322446877408964
1329307200,-0.09726283915881419
1329328800,-0.06186856389059599
1329350400,-0.12161247198276796
1329372000,-0.15996019591087127
1329393600,-0.1693413853533715
1329415200,-0.17491361274834877
1329436800,-0.17445011924318252
1329458400,-0.1633875904861657
1329480000,-0.1331134547104642
1329501600,-0.10756670672034624
1329523200,-0.06872395398396106
1329544800,-0.005800983301256085
1329566400,0.10709330695386535
1329588000,0.26767035143084245
1329609600,0.289087507123033
1329631200,0.266496355962348
1329652800,0.33082598717566764
1329674400,0.28172006597553534
1329696000,0.3193488541659112
1329717600,0.2280193006909264
1329739200,0.09426308678542616
1329760800,0.006471611275052622
1329782400,-0.046548150551122394
1329804000,-0.08186046279636809
1329825600,-0.09996946905038823
1329847200,-0.10115673868708192
1329868800,-0.0794355053395208
1329890400,-0.038922062902551235
1329912000,-0.09736856407552794
1329933600,-0.13960850813044418
1329955200,-0.15830619153188216
1329976800,-0.15782105780245867
1329998400,-0.14131261242488152
1330020000,-0.10259011626619213
1330041600,-0.04023446660669699
1330063200,-0.06824818179487038
1330084800,-0.06843270267798879
1330106400,-0.039965710381844974
1330128000,0.014276076945674024
1330149600,-0.02025576720633747
1330171200,-0.019310068629804014
1330192800,0.016525639707556466
1330214400,0.08802575001961702
1330236000,0.20944440890138188
1330257600,0.18630305222041676
1330279200,0.22765747643194087
1330300800,0.11240995273937218
1330322400,0.04409001291639122
1330344000,0.028526406640411922
1330365600,0.04102445420692152
1330387200,-0.02880717609080148
1330408800,-0.07173722307463198
1330430400,-0.09125291705858386
1330452000,-0.09052836227163663
1330473600,-0.061104103706233606
1330495200,-0.018867884399088666
1330516800,-0.07334931620984782
1330538400,-0.10160834640436694
1330560000,-0.10595178398258567
1330581600,-0.08190925097153039
1330603200,-0.03969436637096717
1330624800,-0.08923264164611608
1330646400,-0.11684443675593785
1330668000,-0.11884687716250386
1330689600,-0.09548349142872467
1330711200,-0.06629217894442394
1330732800,-0.019530416269092132
1330754400,-0.06247256418094893
1330776000,-0.07378530229510379
1330797600,-0.06746101415590024
1330819200,-0.03133602068881147
1330840800,0.03137979654972239
1330862400,0.011597993699876609
1330884000,0.020968470892266236
1330905600,0.04537524084865584
1330927200,0.1049650474629038
1330948800,0.21124062123442167
1330970400,0.17022377958344115
1330992000,0.18116342292094573
1331013600,0.24612198582858236
1331035200,0.16508150107746558
1331056800,0.13803522811518412
1331078400,0.045223418132223844
1331100000,-0.012663334889694101
1331121600,-0.03146690839882596
1331143200,-0.024224642982894826
1331164800,0.01512250573556674
1331186400,-0.03658258921396293
1331208000,-0.059252676552488
1331229600,-0.06824913928872564
1331251200,-0.050171552948191436
1331272800,-0.00603592741355434
1331294400,-0.05017931290154025
1331316000,-0.05154863233460998
1331337600,-0.02776842439859838
1331359200,-0.025770505810972497
1331380800,0.004342766722893798
1331402400,-0.051271111414763176
1331424000,-0.08567902880145717
1331445600,-0.10725800457870005
1331467200,-0.11212495587608526
1331488800,-0.09935905802033021
1331510400,-0.07314129062729295
1331532000,-0.02591693369825665
1331553600,0.05388681252132824
1331575200,0.1772921408159045
1331596800,0.13709083925185964
1331618400,0.15248961376751058
1331640000,0.2258015900759089
1331661600,0.140944974258417
1331683200,0.11634415533711831
1331704800,0.01862436493834936
1331726400,-0.04018913047564341
1331748000,-0.06723005060814041
1331769600,-0.053857057065232014
1331791200,-0.02058830324048523
1331812800,-0.07936190641645643
1331834400,-0.10605659221722837
1331856000,-0.11136155472719267
1331877600,-0.08690222235144852
1331899200,-0.043050228890807674
1331920800,-0.08715475326529204
1331942400,-0.11020261737355787
1331964000,-0.11432093552944875
1331985600,-0.08487800600679905
1332007200,-0.03633760656776268
1332028800,-0.08483524407543977
1332050400,-0.10677179516252494
1332072000,-0.1038696237362616
1332093600,-0.08818746204542062
1332115200,-0.052195658624558675
1332136800,0.008837831478154895
1332158400,-0.014765064613939734
1332180000,-0.009381841503220842
1332201600,0.028697697913776327
1332223200,0.09765545204918005
1332244800,0.21348473278386504
1332266400,0.1850136809595467
1332288000,0.2179382379763645
1332309600,0.3167371172495568
1332331200,0.27794583704335124
1332352800,0.30124918411149093
1332374400,0.1859253906686658
1332396000,0.1319855222453314
1332417600,0.014436911697308819
1332439200,-0.06092416088028954
1332460800,-0.0986655769069192
1332482400,-0.11244452848963093
1332504000,-0.10387342823368315
1332525600,-0.073194052620872
1332547200,-0.13220166987623233
1332568800,-0.16218932362262753
1332590400,-0.17262919059732096
1332612000,-0.1611029008397083
1332633600,-0.1333471935484643
1332655200,-0.07757334417605075
1332676800,-0.12123054650263526
1332698400,-0.13724415144422114
1332720000,-0.1362202618203785
1332741600,-0.1149337839853215
1332763200,-0.0662492666563244
1332784800,-0.1093419659775656
1332806400,-0.12961641300761673
1332828000,-0.13352909690580628
1332849600,-0.11315609391130911
1332871200,-0.06370428223985342
1332892800,0.011226323240070973
1332914400,0.0023107289654133722
1332936000,0.04332030950517979
1332957600,0.12776084483433647
1332979200,0.28143718671986584
1333000800,0.29698612874357305
1333022400,0.27505742360125196
1333044000,0.3444248939319197
1333065600,0.2951144047827758
1333087200,0.3231632595918562
1333108800,0.2225337881928383
1333130400,0.0794736744943271
1333152000,-0.013990795920393262
1333173600,-0.08105769853632545
1333195200,-0.11841777330321765
1333216800,-0.1355231120473569
1333238400,-0.1265690106868595
1333260000,-0.13027488690355776
1333281600,-0.10246637707308351
1333303200,-0.08423133587623918
1333324800,-0.03760962028241406
1333346400,-0.07470961233059334
1333368000,-0.0724077285974194
1333389600,-0.08886761754887092
1333411200,-0.07385391573317543
1333432800,-0.02237622758765012
1333454400,-0.052134659966532985
1333476000,-0.07601657981530041
1333497600,-0.06466759853881901
1333519200,-0.07930546355045034
1333540800,-0.060308025275443794
1333562400,-0.008650446435859521
1333584000,0.07883607516637631
1333605600,0.21554763003572688
1333627200,0.20998892036695224
1333648800,0.2711980453826191
1333670400,0.19708670617646254
1333692000,0.19048612478080995
1333713600,0.26104387061803724
1333735200,0.19387218955272764
1333756800,0.08030156150066992
1333778400,0.017339065488099534
1333800000,-0.025331818067363263
1333821600,-0.03867360152207728
1333843200,-0.01536140956463962
1333864800,-0.0755120609775776
1333886400,-0.1017097473148847
1333908000,-0.10046806242424977
1333929600,-0.08114263907456261
1333951200,-0.031450210607705684
1333972800,-0.07627665987532829
1333994400,-0.09610882284214668
1334016000,-0.09461499330262121
1334037600,-0.07646494531675395
1334059200,-0.03625846560149176
1334080800,-0.08812435217952085
1334102400,-0.1239738107839474
1334124000,-0.14725656722405223
1334145600,-0.15142152638868467
1334167200,-0.14726671106135025
1334188800,-0.12896188461600688
1334210400,-0.09817842951943723
1334232000,-0.035208815608466615
1334253600,0.04795442571821354
1334275200,0.18034109226851713
1334296800,0.15115034330818558
1334318400,0.17891385422458386
1334340000,0.27317948749101134
1334361600,0.22855628690072838
1334383200,0.2402614739027496
1334404800,0.09451422536322274
1334426400,0.0013438207181835082
1334448000,-0.06120043604624699
1334469600,-0.09096299308310858
1334491200,-0.10877222742034158
1334512800,-0.10364915748766886
1334534400,-0.07899141884239438
1334556000,-0.030394985939136643
1334577600,-0.06897401688141946
1334599200,-0.08599832466422316
1334620800,-0.08510605703840421
1334642400,-0.06325969969081709
1334664000,-0.011775142213757486
1334685600,-0.061419956961053825
1334707200,-0.08769101497643926
1334728800,-0.09676441732329713
1334750400,-0.08159528602502428
1334772000,-0.05778827980679496
1334793600,-0.011851453987081942
1334815200,-0.06810998885415813
1334836800,-0.09756962865198614
1334858400,-0.09848094387470552
1334880000,-0.08759660741569165
1334901600,-0.05635832495100798
1334923200,0.006705460518934475
1334944800,-0.02629806851580345
1334966400,-0.025544819957526485
1334988000,3.494286594210583e-05
1335009600,0.06395888121581172
1335031200,0.1751156942752299
1335052800,0.1322313297757634
1335074400,0.1419219040038192
1335096000,0.20796986289535155
1335117600,0.11808387633341029
1335139200,0.09182390520084246
1335160800,0.0012387909930360597
1335182400,-0.04572021217141862
1335204000,-0.06719650083043605
1335225600,-0.05815605213373644
1335247200,-0.013907966376993819
1335268800,-0.059914729743874254
1335290400,-0.06754217231049159
1335312000,-0.06706935562206856
1335333600,-0.04032501333820088
1335355200,0.019721482709096072
1335376800,-0.0030982770420783165
1335398400,0.010644627426635404
1335420000,0.04032903819181647
1335441600,0.07004780568359384
1335463200,0.005781499588846703
1335484800,-0.043375434742079506
1335506400,-0.06328053374804106
1335528000,-0.054772715052511335
1335549600,-0.02605395218064699
1335571200,0.04501686496290939
1335592800,0.03329344215148061
1335614400,0.06312577460568454
1335636000,0.13822250711363807
1335657600,0.27890914119945404
1335679200,0.27142290326816415
1335700800,0.223193867033269
1335722400,0.2553808616672979
1335744000,0.14833726645397827
1335765600,0.11343305645466772
1335787200,0.010098897978640414
1335808800,-0.048773195161593154
1335830400,-0.07783601319706888
1335852000,-0.07843550314402835
1335873600,-0.04727139609428177
1335895200,-0.10928231111578779
1335916800,-0.1516792911123069
1335938400,-0.17652018211669643
1335960000,-0.18323593029888524
1335981600,-0.18743088320842816
1336003200,-0.18399193029829045
1336024800,-0.16922275780821266
1336046400,-0.14303228970070442
1336068000,-0.11285625769305759
1336089600,-0.061886249499356685
1336111200,-0.11582993614228729
1336132800,-0.1505762799196738
1336154400,-0.1586763888437769
1336176000,-0.14858911246359524
1336197600,-0.12147088006044998
1336219200,-0.06898847064179328
1336240800,0.0052817653129806075
1336262400,0.1203355326185796
1336284000,0.2919861308969923
1336305600,0.3341353189873242
1336327200,0.34929954518067796
1336348800,0.24444236393443206
1336370400,0.21317531582779814
1336392000,0.25048574527740086
1336413600,0.13627430660257772
1336435200,0.08655117663545533
1336456800,-0.031524224318134675
1336478400,-0.10983939571425018
1336500000,-0.15667443773561732
1336521600,-0.18704826291914586
1336543200,-0.19954101608561794
1336564800,-0.20328752235008068
1336586400,-0.19273022401869744
1336608000,-0.1762718637485478
1336629600,-0.14442712817712872
1336651200,-0.089895739843834
1336672800,-0.0004135617741088393
1336694400,0.13182063320794268
1336716000,0.20192082052164514
1336737600,0.13452403097189916
1336759200,0.1290491776140728
1336780800,0.18458192077427352
1336802400,0.08838510983844872
1336824000,0.06345466150330889
1336845600,-0.038494774434270476
1336867200,-0.09380047225978733
1336888800,-0.1175501312241158
1336910400,-0.11797183704453626
1336932000,-0.09084120799330794
1336953600,-0.02561212071627421
1336975200,-0.0581933090810355
1336996800,-0.0585895738795463
1337018400,-0.026341689228872422
1337040000,0.046593647095881624
1337061600,0.17271906494424566
1337083200,0.1376399316762283
1337104800,0.16882935941494454
1337126400,0.2709105167452496
1337148000,0.2355670704970344
1337169600,0.28934885730142096
1337191200,0.20794810719125656
1337212800,0.07698240383884103
1337234400,0.002040648446696179
1337256000,-0.027801670232542014
1337277600,-0.025861781382888638
1337299200,-0.10646425729744931
1337320800,-0.15429363386336656
1337342400,-0.17483969087642873
1337364000,-0.18572780956361523
1337385600,-0.18183772271954243
1337407200,-0.16734264626502005
1337428800,-0.14583340594736582
1337450400,-0.1254116928417826
1337472000,-0.093690778583553
1337493600,-0.04529380850258101
1337515200,-0.0853196915791514
1337536800,-0.09971699562199625
1337558400,-0.0938669601019595
1337580000,-0.07380609240944826
1337601600,-0.025026175612936075
1337623200,-0.0630956657276187
1337644800,-0.05985878674040413
1337666400,-0.034004092996012675
1337688000,0.02670805130665152
1337709600,0.1359834557764586
1337731200,0.09043462612084172
1337752800,0.10859432588698491
1337774400,0.19258678816212915
1337796000,0.1391353611493854
1337817600,0.14613334308190445
1337839200,0.0993306549796209
1337860800,0.09163005440137204
1337882400,0.11414658555853677
1337904000,0.15860190328139456
1337925600,0.13994058417405197
1337947200,0.05836012385415251
1337968800,0.016121017556122504
1337990400,0.013786849140860907
1338012000,0.024071241666766968
1338033600,-0.04239375168896506
1338055200,-0.07858996817477687
1338076800,-0.09409130674484545
1338098400,-0.09234629252801103
1338120000,-0.05033633968268969
1338141600,-0.10792326720873595
1338163200,-0.14262038255358583
1338184800,-0.16318614528547412
1338206400,-0.1632732887141661
1338228000,-0.14826073089028946
1338249600,-0.1122869135792396
1338271200,-0.06515903281989269
1338292800,0.011570440825974748
1338314400,0.1406169710332813
1338336000,0.11233833479662597
1338357600,0.15420896245668086
1338379200,0.26438232115473914
1338400800,0.2417532743013805
1338422400,0.07938318745327305
1338444000,-0.02496175747668572
1338465600,-0.07995253307251673
1338487200,-0.10024713649836037
1338508800,-0.0973727913700525
1338530400,-0.06312354831485957
1338552000,-0.11428354079589084
1338573600,-0.14166294196163912
1338595200,-0.15205051349677656
1338616800,-0.15028932334205278
1338638400,-0.1463399557137147
1338660000,-0.13224000151106086
1338681600,-0.1011458033498052
1338703200,-0.0547251239681808
1338724800,0.0209242570573904
1338746400,0.15422685477820944
1338768000,0.12607334683058022
1338789600,0.1547286368894852
1338811200,0.12622677134661892
1338832800,0.02548391774695659
1338854400,-0.029733228590506096
1338876000,-0.0553540010602486
1338897600,-0.04303034411251515
1338919200,0.00750642521643155
1338940800,-0.017646798070879245
1338962400,-0.007391884910769003
1338984000,0.040595427482541024
1339005600,0.13271982549471056
1339027200,0.2929852177304545
1339048800,0.32341049656359394
1339070400,0.3215376433679329
1339092000,0.19537276549516894
1339113600,0.1413672019237729
1339135200,0.16374802996710103
1339156800,0.028055982267548157
1339178400,-0.055735968556137536
1339200000,-0.1084406983560138
1339221600,-0.13687232238043848
1339243200,-0.13823152174712022
1339264800,-0.11713483684931655
1339286400,-0.07172842190730437
1339308000,-0.12320847792667995
1339329600,-0.1450131419996104
1339351200,-0.1485714130453809
1339372800,-0.13387501960280068
1339394400,-0.08908118883557273
1339416000,-0.1257417597890031
1339437600,-0.14439641602089706
1339459200,-0.13781318678052873
1339480800,-0.10559587045313833
1339502400,-0.051273928323684784
1339524000,-0.08833240378311724
1339545600,-0.0894593552827103
1339567200,-0.08496161999390223
1339588800,-0.052177164089347
1339610400,0.01265994578015342
1339632000,-0.004949556972959776
1339653600,0.02598445684340872
1339675200,0.09418390819059463
1339696800,0.21617062510649326
1339718400,0.1910665451913277
1339740000,0.23416184162250822
1339761600,0.14343588931522955
1339783200,0.1186042684759366
1339804800,0.1575299086990734
1339826400,0.04457986646820296
1339848000,-0.010855288470067274
1339869600,-0.031130512955152127
1339891200,-0.01604496337766846
1339912800,0.04285256290647424
1339934400,0.030316200626586944
1339956000,0.04907064782768876
1339977600,0.07013573976646659
1339999200,0.07371848878185283
1340020800,0.05133577977286824
1340042400,-0.033719688734458145
1340064000,-0.07811839740296482
1340085600,-0.13524872898223672
1340107200,-0.17028273323719245
1340128800,-0.19426916613108308
1340150400,-0.2067660080814313
1340172000,-0.21104607994211536
1340193600,-0.20127648637729517
1340215200,-0.1800993502281617
1340236800,-0.13323680697091236
1340258400,-0.07515702739590513
1340280000,0.000939284159904713
1340301600,0.1098688055316493
1340323200,0.29131497338937923
1340344800,0.3485594875120969
1340366400,0.38362346219718463
1340388000,0.310668889518025
1340409600,0.32989698946668267
1340431200,0.22752820497541615
1340452800,0.0781548119763143
1340474400,-0.01162561382033489
1340496000,-0.06536847873777776
1340517600,-0.0824683916954113
1340539200,-0.07924557765702467
1340560800,-0.044780721269356935
1340582400,-0.10232207115648351
1340604000,-0.13002261468004356
1340625600,-0.12783419517454844
1340647200,-0.10478756748213312
1340668800,-0.061371099750245336
1340690400,-0.11381308503304642
1340712000,-0.14257888185582945
1340733600,-0.15843732864587018
1340755200,-0.14912938913857976
1340776800,-0.12302331838735371
1340798400,-0.07497061482446236
1340820000,-0.12064041153526102
1340841600,-0.13137535207780585
1340863200,-0.12856299555295786
1340884800,-0.10033007479090311
1340906400,-0.04039506704085036
1340928000,0.06165274457011595
1340949600,0.10708606410807309
1340971200,0.08944766735332375
1340992800,0.13408693070164102
1341014400,0.22451965796508494
1341036000,0.17372603612593096
1341057600,0.20310054356139406
1341079200,0.2870311913000556
1341100800,0.22939442443968291
1341122400,0.24833700591346258
1341144000,0.1288015588774165
1341165600,0.06908265593630933
1341187200,0.05842054849847683
1341208800,-0.027786743160770844
1341230400,-0.06832441400619463
1341252000,-0.09044553381977752
1341273600,-0.09265593437091224
1341295200,-0.07996222512065848
1341316800,-0.04199106506806069
1341338400,-0.084744697314757
1341360000,-0.10488279369465936
1341381600,-0.10226023811850951
1341403200,-0.07137047588837085
1341424800,-0.0209776250356946
1341446400,-0.05429410700964063
1341468000,-0.08050273182248628
1341489600,-0.06859353093991012
1341511200,-0.028287509034355507
1341532800,0.05667037432431251
1341554400,0.06377640234634266
1341576000,-0.005182404997875784
1341597600,-0.03831106404344339
1341619200,-0.03532038519278226
1341640800,0.0058996653680861155
1341662400,-0.03302583934255647
1341684000,-0.044161640173260804
1341705600,-0.024151684376337787
1341727200,0.0352072012100339
1341748800,0.1402675293095791
1341770400,0.08882836759114532
1341792000,0.0857291208560235
1341813600,0.1373481592884091
1341835200,0.028663577431598974
1341856800,-0.0351113901775493
1341878400,-0.0675422544205667
1341900000,-0.07636334731317446
1341921600,-0.05183072313656385
1341943200,-0.0024640548686763047
1341964800,-0.04338198169485097
1341986400,-0.06948270438880545
1342008000,-0.05331084922749742
1342029600,-0.008983527146832718
1342051200,0.019164876886059293
1342072800,-0.039059570052860995
1342094400,-0.08699328568678275
1342116000,-0.11292052934721072
1342137600,-0.10895268162686492
1342159200,-0.09756649338453705
1342180800,-0.07097490885451295
1342202400,-0.018757379240264757
1342224000,0.019161496846878373
1342245600,0.08281545870200638
1342267200,0.11860717530274947
1342288800,0.08885737160034907
1342310400,0.10637023673318209
1342332000,0.17655003029484329
1342353600,0.3216824604674838
1342375200,0.3275748956041198
1342396800,0.19495926897055993
1342418400,0.12609087082855597
1342440000,0.11698406170066081
1342461600,0.029880086214272017
1342483200,-0.0122920801859101
1342504800,-0.026325245472012464
1342526400,-0.015348278453650978
1342548000,0.011479370905512765
1342569600,-0.05278527085633823
1342591200,-0.10227238900280765
1342612800,-0.1391598558533814
1342634400,-0.15487669225382253
1342656000,-0.16603716582813285
1342677600,-0.17199979180037278
1342699200,-0.16955754688617933
1342720800,-0.1662350277057605
1342742400,-0.15713557002111433
1342764000,-0.15217513968741037
1342785600,-0.1504400828011474
1342807200,-0.13830482828274976
1342828800,-0.10936145214895851
1342850400,-0.06933809981501438
1342872000,-0.00891942305853588
1342893600,0.07866660743447759
1342915200,0.09031868103906848
1342936800,0.02799523948468515
1342958400,0.003421454423790927
1342980000,0.01724426164780201
1343001600,0.05371004621700709
1343023200,0.13487132181405737
1343044800,0.26319742430330656
1343066400,0.2379846425722298
1343088000,0.2665318100078869
1343109600,0.13970930439354218
1343131200,0.06702848070406518
1343152800,0.043153384628690006
1343174400,0.05118752272839863
1343196000,-0.030813083391099963
1343217600,-0.07904400526234895
1343239200,-0.11113994988363776
1343260800,-0.13503341871139976
1343282400,-0.15265916754281056
1343304000,-0.14954262209887084
1343325600,-0.1462299304257726
1343347200,-0.13080803542034092
1343368800,-0.10830331950465975
1343390400,-0.07463706669777512
1343412000,-0.020211318720101124
1343433600,-0.05388170956466067
1343455200,-0.0756764256536644
1343476800,-0.07828454827868157
1343498400,-0.05736855034715439
1343520000,-0.011717320142786772
1343541600,-0.048846336602674914
1343563200,-0.0627553925548783
1343584800,-0.04868346656913243
1343606400,-0.010428308784231205
1343628000,0.06214879735210985
1343649600,0.06195549438412851
1343671200,0.10202346072552865
1343692800,0.18289214565240908
1343714400,0.3297108385882296
1343736000,0.3459745277221268
1343757600,0.32063422284071025
1343779200,0.15578453755594396
1343800800,0.04789579788457929
1343822400,-0.015302516565010735
1343844000,-0.053707700445696456
1343865600,-0.07246818785237553
1343887200,-0.08730191771876043
1343908800,-0.09128932089392175
1343930400,-0.10011425690318314
1343952000,-0.1018942310649662
1343973600,-0.08849355315560971
1343995200,-0.053424155736676235
1344016800,-0.001959216473534489
1344038400,-0.0412184608537025
1344060000,-0.07007346029027295
1344081600,-0.07464300887156344
1344103200,-0.05076209399689591
1344124800,0.00392900864953416
1344146400,-0.03719400197166139
1344168000,-0.0536588694332882
1344189600,-0.05017742649614698
1344211200,-0.019147999720757536
1344232800,0.046754207908803025
1344254400,0.027961106433452017
1344276000,0.05382845862203729
1344297600,0.12302106962200013
1344319200,0.24779154563784156
1344340800,0.21742522589811347
1344362400,0.2591438501391107
1344384000,0.1461991621160602
1344405600,0.08196452085000802
1344427200,0.05504246739681938
1344448800,0.06510334878172447
1344470400,-0.015472070481362357
1344492000,-0.07472927233298404
1344513600,-0.11308858733041097
1344535200,-0.1318609740942982
1344556800,-0.1447662285156749
1344578400,-0.1502245217987194
1344600000,-0.13721352756436817
1344621600,-0.1216230006208392
1344643200,-0.08740870902543585
1344664800,-0.039600830031401135
1344686400,-0.09123720072253803
1344708000,-0.12832809255191785
1344729600,-0.14009661009939944
1344751200,-0.152751438422061
1344772800,-0.15864468580840885
1344794400,-0.15680783504936785
1344816000,-0.14975842214737942
1344837600,-0.12692507750535553
1344859200,-0.09681304123679957
1344880800,-0.04309047375809302
1344902400,0.03543296651243034
1344924000,0.02562958271527166
1344945600,0.05902567324768908
1344967200,0.13169537911824514
1344988800,0.25414256521294804
1345010400,0.22489047823787855
1345032000,0.26369678081699693
1345053600,0.35995462393075944
1345075200,0.3149377336297965
1345096800,0.3467082012148432
1345118400,0.24075891740704913
1345140000,0.1958673423695609
1345161600,0.08374815199388627
1345183200,0.005604758223395026
1345204800,-0.04394162684295897
1345226400,-0.05426282915727511
1345248000,-0.045206737529915
1345269600,-0.013414628106689142
1345291200,-0.07468580774926616
1345312800,-0.12184619920281711
1345334400,-0.1479337757427476
1345356000,-0.17452343775889936
1345377600,-0.194036430957162
1345399200,-0.20867696112236192
1345420800,-0.21482811121873313
1345442400,-0.2219214678792458
1345464000,-0.22364295576707005
1345485600,-0.22800670846193027
1345507200,-0.22596045360048483
1345528800,-0.21472886024057436
1345550400,-0.19477837008434687
1345572000,-0.1603079405042166
1345593600,-0.10782542267213349
1345615200,-0.02788304614380187
1345636800,-0.041679102246560594
1345658400,-0.016920298287159352
1345680000,0.028119802009092837
1345701600,0.10176037213428224
1345723200,0.2296286652045145
1345744800,0.20897233969253456
1345766400,0.25362517256942685
1345788000,0.14855776248373243
1345809600,0.1144451516302494
1345831200,0.13100356605564112
1345852800,0.07402773749173329
1345874400,0.06010928647629295
1345896000,0.09737015505551443
1345917600,0.1793165299810905
1345939200,0.20433984659411886
1345960800,0.16858984941067462
1345982400,0.18958308491267567
1346004000,0.2715974492836942
1346025600,0.21642253294958527
1346047200,0.09420093284585015
1346068800,0.011381161124003822
1346090400,-0.0343060848920245
1346112000,-0.05008177899704449
1346133600,-0.023101415090030802
1346155200,-0.09246988986436845
1346176800,-0.13203654886677801
1346198400,-0.1543057885871265
1346220000,-0.16159265481978805
1346241600,-0.14582473083911887
1346263200,-0.11632168336484554
1346284800,-0.07586743924754938
1346306400,-0.008869778286060032
1346328000,0.08524076203904335
1346349600,0.2231026797417427
1346371200,0.21072342937960764
1346392800,0.22135822359184248
1346414400,0.08565162307077245
1346436000,-0.004488253431873021
1346457600,-0.06642572929312128
1346479200,-0.12275899113709708
1346500800,-0.16242101917334154
1346522400,-0.17997692147704766
1346544000,-0.18406397886438694
1346565600,-0.1765637767404359
1346587200,-0.15607925617287727
1346608800,-0.1431997345627708
1346630400,-0.12371510731314164
1346652000,-0.09382329367440378
1346673600,-0.038811006140260035
1346695200,-0.0778237590381487
1346716800,-0.09187732850772415
1346738400,-0.08373922023019054
1346760000,-0.06796791874061356
1346781600,-0.03282610834802209
1346803200,-0.08818072097115151
1346824800,-0.11635933823015947
1346846400,-0.12472833046788961
1346868000,-0.10387840061927339
1346889600,-0.06368486468683462
1346911200,0.010138112067867723
1346932800,-0.0057475093805466615
1346954400,0.017465108560388867
1346976000,0.07607945653928949
1346997600,0.18087579524798963
1347019200,0.3527982902329421
1347040800,0.39501628771597785
1347062400,0.40299383042574
1347084000,0.2797876392545279
1347105600,0.23856451663700104
1347127200,0.27172311754458983
1347148800,0.15946561014975918
1347170400,0.11212669260827723
1347192000,0.007791249118608901
1347213600,-0.0600514447379394
1347235200,-0.08952207269029044
1347256800,-0.09221298959996527
1347278400,-0.06608681401220767
1347300000,-0.13111438753423732
1347321600,-0.15922113077109332
1347343200,-0.17690219371837776
1347364800,-0.17884670748405845
1347386400,-0.15742145597004215
1347408000,-0.11548894412292464
1347429600,-0.15985536881943244
1347451200,-0.18377761253231276
1347472800,-0.1842020236284808
1347494400,-0.17110043901958638
1347516000,-0.12616921741684142
1347537600,-0.1655049156535344
1347559200,-0.1830349623172374
1347580800,-0.17553552162844405
1347602400,-0.14952518162579154
1347624000,-0.09758364377794052
1347645600,-0.019250685543349796
1347667200,-0.01859248268952997
1347688800,0.02729439347256915
1347710400,0.1304520011850796
1347732000,0.29834173958302423
1347753600,0.33613607319953526
1347775200,0.34377653290950017
1347796800,0.2304423068094252
1347818400,0.21846069906521698
1347840000,0.2795088139858326
1347861600,0.20773305859854455
1347883200,0.09374889975375919
1347904800,0.031531952196003486
1347926400,0.010764421866160542
1347948000,0.027404478931918344
1347969600,-0.02833452140311941
1347991200,-0.042091246422888036
1348012800,-0.011316901754566677
1348034400,0.06036029454657857
1348056000,0.14317268418101153
1348077600,0.06831006217343291
1348099200,0.0529070338215107
1348120800,0.09584363685954711
1348142400,-0.020753618112493433
1348164000,-0.0852333815877646
1348185600,-0.11895779116960542
1348207200,-0.11599199543305935
1348228800,-0.09287742476523865
1348250400,-0.044737654763228524
1348272000,0.04144232583443836
1348293600,0.051977153395915326
1348315200,0.11854172083749905
1348336800,0.2250920136056994
1348358400,0.1845020203819368
1348380000,0.21905139592464462
1348401600,0.21634407420219887
1348423200,0.06924277548413199
1348444800,-0.026954654468825723
1348466400,-0.09330504648569853
1348488000,-0.12886490653087423
1348509600,-0.14998852095870013
1348531200,-0.15019680711467856
1348552800,-0.16451241408357267
1348574400,-0.16896251521517133
1348596000,-0.16308601719999477
1348617600,-0.14332960903726472
1348639200,-0.12011388693653116
1348660800,-0.07747906786657473
1348682400,-0.12929221443853328
1348704000,-0.15448091457846835
1348725600,-0.15644586913171868
1348747200,-0.15292787620191894
1348768800,-0.13182098691113736
1348790400,-0.1008479211669463
1348812000,-0.04343034381491179
1348833600,-0.07358031357137426
1348855200,-0.08350102756566133
1348876800,-0.07461025800818491
1348898400,-0.038510412117498755
1348920000,0.03655945328776096
1348941600,0.019874020995329138
1348963200,0.04146764908741574
1348984800,0.10348133067359178
1349006400,0.2186537296134318
1349028000,0.3905197803442633
1349049600,0.42948336234039775
1349071200,0.429799173378037
1349092800,0.2975151507145411
1349114400,0.2500832743653678
1349136000,0.2655076124077744
1349157600,0.12528372640071306
1349179200,0.0343646546185514
1349200800,-0.028747633395110397
1349222400,-0.06432841058608296
1349244000,-0.09002247340934377
1349265600,-0.09410852144411785
1349287200,-0.07727951634967493
1349308800,-0.030235149869322284
1349330400,-0.08557363316445411
1349352000,-0.12579276005500586
1349373600,-0.16118551717219323
1349395200,-0.18218911820065062
1349416800,-0.1970981882616108
1349438400,-0.21049612490270644
1349460000,-0.21375763160729241
1349481600,-0.21457011801315234
1349503200,-0.20461674201513785
1349524800,-0.18524839490282335
1349546400,-0.15022162941600997
1349568000,-0.09936484746342923
1349589600,-0.148053490772497
1349611200,-0.17965465822809348
1349632800,-0.19428160382638665
1349654400,-0.20044851553067325
1349676000,-0.19531959608416183
1349697600,-0.16383527943053627
1349719200,-0.11662164996657448
1349740800,-0.052779367587181436
1349762400,0.03351740217695834
1349784000,0.17123097108324756
1349805600,0.14634093251557068
1349827200,0.19627955031045438
1349848800,0.09455163008742012
1349870400,0.046454315603490705
1349892000,0.043526553993764816
1349913600,-0.027687827273057908
1349935200,-0.07592363372424962
1349956800,-0.09106101767780891
1349978400,-0.08122352799779342
1350000000,-0.04580953338950339
1350021600,0.029812990496973668
1350043200,0.14454544686806134
1350064800,0.3291714089108806
1350086400,0.38629218732035153
1350108000,0.4254154249241474
1350129600,0.46109174127892805
1350151200,0.3891814687045729
1350172800,0.3994221476339167
1350194400,0.296318594552436
1350216000,0.1642278229403342
1350237600,0.06904466633406184
1350259200,0.013092310217651636
1350280800,-0.0006977566992917017
1350302400,0.034701091431332376
1350324000,-0.01803384961461672
1350345600,-0.03157575488344073
1350367200,-0.018778589174484675
1350388800,0.030016037001106444
1350410400,0.1464692159230997
1350432000,0.1063706353458371
1350453600,0.13057097741610274
1350475200,0.0028138630777049534
1350496800,-0.08398644671717988
1350518400,-0.13045961161173636
1350540000,-0.18304535233753808
1350561600,-0.21378203063472537
1350583200,-0.2301001321088502
1350604800,-0.2299696505996827
1350626400,-0.22296287419238406
1350648000,-0.20732409227751983
1350669600,-0.18660173319007758
1350691200,-0.14075400063091742
1350712800,-0.18678623967590471
1350734400,-0.21170670028173286
1350756000,-0.21275539223013615
1350777600,-0.20435826342848648
1350799200,-0.17873808743887382
1350820800,-0.14136704837289857
1350842400,-0.07393971800808008
1350864000,-0.10582856617681849
1350885600,-0.1142025306077636
1350907200,-0.09682273867887337
1350928800,-0.050165125528873644
1350950400,0.030538838950127392
1350972000,0.029007463049187415
1350993600,0.08350922874003133
1351015200,0.1922379913109613
1351036800,0.1471882812853294
1351058400,0.16348418485786048
1351080000,0.25989450701492667
1351101600,0.20973733350701995
1351123200,0.24063614984427606
1351144800,0.12316216657741919
1351166400,0.06321625997816971
1351188000,0.04699162350295702
1351209600,-0.03681034309678112
1351231200,-0.09139847521892366
1351252800,-0.11216640351756409
1351274400,-0.10080016578361893
1351296000,-0.05701916139706967
1351317600,0.036657143083959905
1351339200,0.05735557050295961
1351360800,0.017334219658220698
1351382400,0.027539506662911717
1351404000,0.09411859160271474
1351425600,0.23970857049127586
1351447200,0.24995197365142138
1351468800,0.22445398652221477
1351490400,0.06574694908234624
1351512000,-0.030483606906396843
1351533600,-0.08853151697340458
1351555200,-0.11229366946428132
1351576800,-0.10774771564734732
1351598400,-0.06082252475833014
1351620000,-0.10905714186268987
1351641600,-0.1293841895501579
1351663200,-0.1244804122173568
1351684800,-0.0966263645769985
1351706400,-0.03128766468629473
1351728000,-0.052957210957054565
1351749600,-0.0399199965668979
1351771200,0.013799974210616517
1351792800,0.1039759771836202
1351814400,0.2635758493911475
1351836000,0.2821397372051514
1351857600,0.27348417379889073
1351879200,0.13751685272975706
1351900800,0.08314331315540782
1351922400,0.09905595956316421
1351944000,-0.0390108056397
1351965600,-0.12391881874441872
1351987200,-0.17080455472195152
1352008800,-0.1778507545683714
1352030400,-0.1612836198243993
1352052000,-0.11137923844286311
1352073600,-0.14951876596263952
1352095200,-0.1558454226410167
1352116800,-0.1489687758728204
1352138400,-0.12540184140129051
1352160000,-0.08413597790566428
1352181600,-0.08229963736748037
1352203200,-0.05743416477543688
1352224800,-0.06795963463376076
1352246400,-0.10159588871543283
1352268000,-0.1047981727725603
1352289600,-0.10117695435776122
1352311200,-0.08099055996352719
1352332800,-0.027614185629534105
1352354400,0.05553438850770221
1352376000,0.07698483815518378
1352397600,0.14881979885780977
1352419200,0.2838797328588001
1352440800,0.28339478112798344
1352462400,0.3696939015564322
1352484000,0.43426378158401346
1352505600,0.3972682509605352
1352527200,0.44684554362543716
1352548800,0.3857008892656206
1352570400,0.3055903142264184
1352592000,0.18993641490181518
1352613600,0.11983202037144065
1352635200,0.0804306541909448
1352656800,-0.0271682452914474
1352678400,-0.09596653245040727
1352700000,-0.14056802286667927
1352721600,-0.16517165115250756
1352743200,-0.18222699974827253
1352764800,-0.1980722801586862
1352786400,-0.20492599886269547
1352808000,-0.20538178983419358
1352829600,-0.20996832294552645
1352851200,-0.21886836336916243
1352872800,-0.2311705985365499
1352894400,-0.23115403286598377
1352916000,-0.2340117949857939
1352937600,-0.23285874632124196
1352959200,-0.23666398877999795
1352980800,-0.23835910553420755
1353002400,-0.21615257490061024
1353024000,-0.18703854711367146
1353045600,-0.14467514045101243
1353067200,-0.0762975395284631
1353088800,0.014714341181350898
1353110400,0.1486677929335684
1353132000,0.11944614789498022
1353153600,0.1511608347520682
1353175200,0.026548477545052518
1353196800,-0.04903921856695695
1353218400,-0.1013894323907231
1353240000,-0.13092093361502327
1353261600,-0.15068121900097414
1353283200,-0.15689680274623777
1353304800,-0.14456625254462138
1353326400,-0.11097597409563537
1353348000,-0.04746155564671528
1353369600,0.04724510905440345
1353391200,0.06890064425978512
1353412800,0.13990646981561794
1353434400,0.2709320871723687
1353456000,0.2572348614607077
1353477600,0.32471105693869445
1353499200,0.3620014595830292
1353520800,0.2774273674304729
1353542400,0.2749596948330043
1353564000,0.13067499590377252
1353585600,0.052158708660569944
1353607200,0.02219132402570332
1353628800,0.03004520153447987
1353650400,-0.04390547765072616
1353672000,-0.07174569449429732
1353693600,-0.07394015169070184
1353715200,-0.03755095708504405
1353736800,0.03585062123426286
1353758400,0.033025964789151915
1353780000,0.07929296162323096
1353801600,0.18715068768104254
1353823200,0.1313683189642162
1353844800,0.14009235470004786
1353866400,0.2151402456592344
1353888000,0.14458264644202748
1353909600,0.15389041173675555
1353931200,0.0073838638782347255
1353952800,-0.0793652052082916
1353974400,-0.13533938046426544
1353996000,-0.15763498787981634
1354017600,-0.1540007036759994
1354039200,-0.13827538733057093
1354060800,-0.116914630095077
1354082400,-0.07220697335321954
1354104000,-0.11535560770240871
1354125600,-0.13979344797738597
1354147200,-0.15119743777420425
1354168800,-0.1523112749910865
1354190400,-0.13320924496415648
1354212000,-0.10885269266045061
1354233600,-0.07850791446862215
1354255200,-0.0468398952183571
1354276800,0.0051038904587020345
1354298400,0.04602475463098496
1354320000,-0.002456809370869159
1354341600,-0.01806303416910595
1354363200,0.0034177025804670164
1354384800,0.05465416800047014
1354406400,0.023023418813930933
1354428000,0.016680083246818717
1354449600,0.04248665807545801
1354471200,0.10969890802730281
1354492800,0.23746368310677007
1354514400,0.21026028525563065
1354536000,0.24828413656110707
1354557600,0.1325547878705828
1354579200,0.06815993809241341
1354600800,0.05969355419394151
1354622400,-0.0283882476049752
1354644000,-0.07977935475848233
1354665600,-0.11217302654919716
1354687200,-0.12748509827941149
1354708800,-0.13486434390121194
1354730400,-0.1445415480209821
1354752000,-0.15189847579193352
1354773600,-0.1552808753824308
1354795200,-0.1526997329025857
1354816800,-0.13696036203207484
1354838400,-0.12067945291555092
1354860000,-0.09576917827786212
1354881600,-0.049283907841944904
1354903200,-0.10168267438835264
1354924800,-0.13458255991752432
1354946400,-0.15523574317594976
1354968000,-0.15530730212044358
1354989600,-0.1412737005628969
1355011200,-0.10679847324367232
1355032800,-0.052245742439834764
1355054400,0.03075007307511496
1355076000,0.15853606887162244
1355097600,0.13756422615311964
1355119200,0.17051853431378378
1355140800,0.26869889561564564
1355162400,0.22870558672425398
1355184000,0.2588715746136183
1355205600,0.15392061006273888
1355227200,0.1119001991092339
1355248800,0.006352802513896749
1355270400,-0.06658933013408071
1355292000,-0.11810011939075551
1355313600,-0.144768003129686
1355335200,-0.152411473150203
1355356800,-0.14995329712375072
1355378400,-0.1313496017925309
1355400000,-0.08683483364414223
1355421600,-0.03220781868797762
1355443200,0.05514454825915624
1355464800,0.18955243535221403
1355486400,0.17269188082098302
1355508000,0.21048392768086316
1355529600,0.3173365787740133
1355551200,0.2808777732055271
1355572800,0.32122761280568113
1355594400,0.23867500437384576
1355616000,0.10315358219143772
1355637600,0.01897899313749865
1355659200,-0.029995905954291052
1355680800,-0.05392619170513644
1355702400,-0.04494406327942774
1355724000,-0.009668209272424025
1355745600,-0.06008868878190681
1355767200,-0.07930451499729017
1355788800,-0.06327482089192066
1355810400,-0.024315525414406902
1355832000,0.042181982366617216
1355853600,0.1453452447887778
1355875200,0.08569761776816162
1355896800,0.07729907336227465
1355918400,0.12063479015063427
1355940000,0.0029153011644262317
1355961600,-0.07799886066673822
1355983200,-0.1264321078631185
1356004800,-0.16222867835052404
1356026400,-0.18220773565764448
1356048000,-0.19191335637616191
1356069600,-0.19742140395204058
1356091200,-0.195267013503408
1356112800,-0.17552450480113846
1356134400,-0.15442533099932731
1356156000,-0.15550998827239657
1356177600,-0.14114053787866515
1356199200,-0.1088116719378593
1356220800,-0.12185454540391841
1356242400,-0.12957314929458927
1356264000,-0.11995552576882959
1356285600,-0.10665651598676905
1356307200,-0.07252139608788831
1356328800,-0.01541303639017405
1356350400,-0.05664906147283219
1356372000,-0.07536765063702203
1356393600,-0.06656616950539693
1356415200,-0.04907400097222507
1356436800,-0.010624582662173615
1356458400,0.061175559382534606
1356480000,0.18128443491226878
1356501600,0.1554807310530892
1356523200,0.1907213258242742
1356544800,0.3043209488327869
1356566400,0.28204435853036935
1356588000,0.33908841924801275
1356609600,0.2754640430309283
1356631200,0.1677884485218911
1356652800,0.12914408849148043
1356674400,0.07779182244838152
1356696000,0.06049464647502337
1356717600,-0.03913831212317151
1356739200,-0.1035461045417537
1356760800,-0.14143294792733466
1356782400,-0.15457170197316847
1356804000,-0.16385887786588063
1356825600,-0.1634002966246282
1356847200,-0.1582385937900456
1356868800,-0.13653246478474018
1356890400,-0.08501912719026584
1356912000,-0.13514055284524068
1356933600,-0.15847691168746753
1356955200,-0.16270850578205523
1356976800,-0.14890520628981566
1356998400,-0.12424284752535761
1357020000,-0.08273159687657039
1357041600,-0.015176271758493787
1357063200,0.10228515323879989
1357084800,0.2774354172393634
1357106400,0.3176332567557234
1357128000,0.32784425826872127
1357149600,0.2090327299203789
1357171200,0.17201405953345228
1357192800,0.21574227456560652
1357214400,0.11893679279198077
1357236000,0.09492821236943624
1357257600,0.0031722874595448702
1357279200,-0.039715115707635015
1357300800,-0.04851191773259872
1357322400,-0.01664456238975262
1357344000,-0.07366453378718853
1357365600,-0.11045876737047083
1357387200,-0.12380025842439754
1357408800,-0.11334829018058838
1357430400,-0.07812314728902255
1357452000,-0.017797948621031817
1357473600,-0.03390125490670676
1357495200,-0.01182048488430161
1357516800,0.048539201733465265
1357538400,0.14862782640331937
1357560000,0.10448702950172473
1357581600,-0.010333885609387333
1357603200,-0.08198489247913958
1357624800,-0.1244123926062358
1357646400,-0.14126678449327004
1357668000,-0.13359312133615073
1357689600,-0.09292449849694685
1357711200,-0.03246041633030289
1357732800,-0.059380583542342893
1357754400,-0.051845770351798284
1357776000,-0.01935417620490748
1357797600,0.059222510623243824
1357819200,0.1810021784018997
1357840800,0.15080157640827754
1357862400,0.1823600454014589
1357884000,0.28746636843160844
1357905600,0.2611812268452194
1357927200,0.3116720991215294
1357948800,0.2251979756426558
1357970400,0.09112519060749008
1357992000,0.01654072259764551
1358013600,-0.019700694538096697
1358035200,-0.026044888308512835
1358056800,0.003810874034174544
1358078400,-0.05033547220310619
1358100000,-0.08444683644634503
1358121600,-0.09968879227545173
1358143200,-0.11343500437369207
1358164800,-0.11479842691204661
1358186400,-0.08626575252129827
1358208000,-0.03475736791536713
1358229600,-0.08284027075010449
1358251200,-0.11095793257143874
1358272800,-0.1379101357113206
1358294400,-0.15291756824321065
1358316000,-0.16832988438401614
1358337600,-0.17346422699478173
1358359200,-0.17029348025199237
1358380800,-0.15224096005969245
1358402400,-0.13007754006503214
1358424000,-0.09892532240987707
1358445600,-0.05293658626240422
1358467200,0.026491957722656556
1358488800,0.1514553171132617
1358510400,0.11442932393042851
1358532000,0.14160539099904496
1358553600,0.2270220148914253
1358575200,0.16426619215914132
1358596800,0.15785965120155876
1358618400,0.08191677390942886
1358640000,0.040604320292386475
1358661600,0.02102273059940889
1358683200,0.02326641187938705
1358704800,0.05832383481493253
1358726400,-0.0010306997074867735
1358748000,-0.038293537039734815
1358769600,-0.04788853870013466
1358791200,-0.047654289573301235
1358812800,-0.08225565334980957
1358834400,-0.10087791319002277
1358856000,-0.10895341837670687
1358877600,-0.1125699101243915
1358899200,-0.09733070973476156
1358920800,-0.07230476941892318
1358942400,-0.03405808603983265
1358964000,0.032717879579245816
1358985600,0.01624213390947448
1359007200,0.010945564298752507
1359028800,0.030002399515764736
1359050400,0.08161241211718345
1359072000,0.17741166753362486
1359093600,0.11985769139370947
1359115200,0.10855559395851251
1359136800,0.1569832742043394
1359158400,0.03664149768300512
1359180000,-0.04075776923674526
1359201600,-0.08162490502445634
1359223200,-0.10305182958812333
1359244800,-0.1101187753397198
1359266400,-0.10179863721072514
1359288000,-0.07428271450092203
1359309600,-0.026095651659377078
1359331200,-0.07311343511190686
1359352800,-0.09768957901368494
1359374400,-0.10302788284199682
1359396000,-0.10334726653981093
1359417600,-0.09407385000586613
1359439200,-0.07428094102359095
1359460800,-0.029466039836475832
1359482400,-0.06974322804353422
1359504000,-0.08862540740400096
1359525600,-0.0869106160498589
1359547200,-0.06046712756559745
1359568800,-0.013161018081701031
1359590400,-0.05462331066146872
1359612000,-0.08757827028586337
1359633600,-0.09503232921525007
1359655200,-0.0809393737242378
1359676800,-0.03911439907193193
1359698400,0.027354277846212992
1359720000,0.004886539677056646
1359741600,0.012976525308452308
1359763200,0.0621037437551461
1359784800,0.16254554231641152
1359806400,0.327295036858503
1359828000,0.36504302799985383
1359849600,0.3704532254236058
1359871200,0.25486254415088316
1359892800,0.21821750948864668
1359914400,0.26142030822987855
1359936000,0.15964734031349265
1359957600,0.12520553600999484
1359979200,0.029563800638903084
1360000800,-0.01841469420024172
1360022400,-0.035097180940851964
1360044000,-0.024317968764708084
1360065600,-0.09407959469609826
1360087200,-0.13289964599278414
1360108800,-0.15781998925972068
1360130400,-0.17127221540216309
1360152000,-0.1607253593433967
1360173600,-0.1428162907973774
1360195200,-0.0925797399952296
1360216800,-0.1397638286874518
1360238400,-0.16942341059984461
1360260000,-0.18518000492246584
1360281600,-0.1811484859658218
1360303200,-0.1696707865134273
1360324800,-0.1451099990196476
1360346400,-0.11081607132862123
1360368000,-0.05190394124654965
1360389600,0.055491918552929266
1360411200,0.08586978642107505
1360432800,0.17924859387682143
1360454400,0.12647960911888836
1360476000,0.14382191455461824
1360497600,0.2458162439611858
1360519200,0.20791412967538497
1360540800,0.24492277532854173
1360562400,0.14910376532162994
1360584000,0.11702455278058618
1360605600,0.017088948630263168
1360627200,-0.0462974734847974
1360648800,-0.08503788967451456
1360670400,-0.0999829836424149
1360692000,-0.10202252592717412
1360713600,-0.08457707174090633
1360735200,-0.07230523521146506
1360756800,-0.0369656619590438
1360778400,0.04381292501447315
1360800000,-0.04753328703824575
1360821600,-0.10404103019315956
1360843200,-0.14876773913099572
1360864800,-0.17350302574355989
1360886400,-0.16985777513309652
1360908000,-0.17398449387142373
1360929600,-0.15546630209271467
1360951200,-0.11290275900263494
1360972800,-0.028785355488198352
1360994400,-0.028578703353938847
1361016000,0.014866207473836823
1361037600,0.10811330786639581
1361059200,0.2738237659355328
1361080800,0.3148995254081399
1361102400,0.3305268791186807
1361124000,0.22962966715310623
1361145600,0.21068095650155633
1361167200,0.2807873011942449
1361188800,0.212894675288724
1361210400,0.09735073234985045
1361232000,0.029692896606703406
1361253600,-0.003564244625793401
1361275200,-0.009311547755727227
1361296800,0.021249562671623395
1361318400,0.09246283814827352
1361340000,0.08655151286780537
1361361600,0.13742501363416115
1361383200,0.2520026576855011
1361404800,0.21702039077351618
1361426400,0.1271281075932275
1361448000,0.10733701122252176
1361469600,0.1393425781664454
1361491200,0.01082603637519347
1361512800,-0.07674096962619355
1361534400,-0.13830020262939025
1361556000,-0.18125228170866658
1361577600,-0.20250138838548062
1361599200,-0.2243598976303588
1361620800,-0.24195949459449806
1361642400,-0.2501329151361171
1361664000,-0.25467575042457496
1361685600,-0.2445902973675965
1361707200,-0.23342044089322694
1361728800,-0.21047794435863412
1361750400,-0.1799390091271332
1361772000,-0.13450248983074378
1361793600,-0.06407863418034712
1361815200,-0.09493447365090403
1361836800,-0.10678922145031763
1361858400,-0.09918735640574552
1361880000,-0.06867711354737845
1361901600,-0.020641834877681453
1361923200,-0.06870383198852276
1361944800,-0.09116022884728302
1361966400,-0.09291829347664803
1361988000,-0.08786499120988855
1362009600,-0.06613150853557677
1362031200,-0.030959410775497243
1362052800,0.0329427219325891
1362074400,0.015756903384168613
1362096000,0.023842497162240545
1362117600,0.062205549314398256
1362139200,0.14168143512619844
1362160800,0.2716613316244056
1362182400,0.2530638380290947
1362204000,0.3045844495603873
1362225600,0.21874886038433358
1362247200,0.2041070367040329
1362268800,0.2716159828590444
1362290400,0.19431718483248756
1362312000,0.058858636258065505
1362333600,-0.034883920653132505
1362355200,-0.09273998561088372
1362376800,-0.12168333972429629
1362398400,-0.14313351749982745
1362420000,-0.1438299859025908
1362441600,-0.1294284703504505
1362463200,-0.09333642702734124
1362484800,-0.05157354668205892
1362506400,-0.0034492861043445566
1362528000,-0.04649747343427971
1362549600,-0.07511178292722
1362571200,-0.07101928253101848
1362592800,-0.04914560654894458
1362614400,-0.004727382199458036
1362636000,-0.052149922564065615
1362657600,-0.07554334671223964
1362679200,-0.07718040901680968
1362700800,-0.057620238358353865
1362722400,-0.005732863604999666
1362744000,0.07333236093070283
1362765600,0.19497017955191892
1362787200,0.1692880526793631
1362808800,0.19772300568027096
1362830400,0.290584780562401
1362852000,0.24639832390329122
1362873600,0.2857292954012871
1362895200,0.17604424824795653
1362916800,0.13701807553388595
1362938400,0.03414393203647881
1362960000,-0.02772615457353457
1362981600,-0.04873517005395801
1363003200,-0.04665933545027923
1363024800,-0.007919366020936236
1363046400,-0.06293864565753873
1363068000,-0.09567054342541964
1363089600,-0.09713100244989487
1363111200,-0.07962443589201357
1363132800,-0.03697224009574972
1363154400,-0.08905746151782588
1363176000,-0.11764491871667088
1363197600,-0.1375607709176403
1363219200,-0.14059525025586272
1363240800,-0.13463703283185724
1363262400,-0.11678952769089784
1363284000,-0.0996273060856491
1363305600,-0.07316121034880588
1363327200,-0.031899141946231196
1363348800,0.027321548794421814
1363370400,0.006280527708009256
1363392000,0.011742264664473742
1363413600,0.04805075833540333
1363435200,0.12381973691979993
1363456800,0.24572230366514464
1363478400,0.21441100950425027
1363500000,0.23699123587115006
1363521600,0.1048132499642048
1363543200,0.01554290730705675
1363564800,-0.041420315971253646
1363586400,-0.08271831115925887
1363608000,-0.1067036378094078
1363629600,-0.12122302194171172
1363651200,-0.1170245893199153
1363672800,-0.09144591715505938
1363694400,-0.03973801231803675
1363716000,-0.07904809512111502
1363737600,-0.1001091230196072
1363759200,-0.09754367808998232
1363780800,-0.07870739121051244
1363802400,-0.03515802348607204
1363824000,-0.0963550227583381
1363845600,-0.14225710849030343
1363867200,-0.17354251700761641
1363888800,-0.19290484339747688
1363910400,-0.20905744685609323
1363932000,-0.2214987818876663
1363953600,-0.21855417634818491
1363975200,-0.2103959917750545
1363996800,-0.19530508244060965
1364018400,-0.17236083631984947
1364040000,-0.12600042386630073
1364061600,-0.06514070035491062
1364083200,0.0363280768239583
1364104800,0.05800509274778516
1364126400,0.12376516363946527
1364148000,0.2530201252069072
1364169600,0.24648614466366348
1364191200,0.31385379759397675
1364212800,0.347096813360418
1364234400,0.2591903231750149
1364256000,0.2558572026685402
1364277600,0.12595771311412085
1364299200,0.06457554539423832
1364320800,0.06322467665256179
1364342400,-0.007294460526454688
1364364000,-0.03160417498232517
1364385600,-0.005662166408011926
1364407200,0.06208414961931101
1364428800,0.05866562955613436
1364450400,0.11627165814218139
1364472000,0.21713262876675068
1364493600,0.1673632725667935
1364515200,0.1571616648621252
1364536800,0.08891367868028313
1364558400,0.026449775706082368
1364580000,-0.011279145371799165
1364601600,-0.059762555364646704
1364623200,-0.086824570364683
1364644800,-0.11294802426759906
1364666400,-0.10442319368330896
1364688000,-0.0665093870736142
1364709600,0.0029044755685488245
1364731200,-0.003604832007536911
1364752800,0.02654569413040911
1364774400,0.10708985538093327
1364796000,0.25234735866223773
1364817600,0.2691550576916631
1364839200,0.25675578703380303
1364860800,0.12033017615716263
1364882400,0.050347123906715134
1364904000,0.035853743778257424
1364925600,-0.05602885426942891
1364947200,-0.10369130094193263
1364968800,-0.12206334999384173
1364990400,-0.11730210428817853
1365012000,-0.07499476305473825
1365033600,-0.1287380161261047
1365055200,-0.16070653543860489
1365076800,-0.1793752744374486
1365098400,-0.1846506156350439
1365120000,-0.1886228471935684
1365141600,-0.18938070100799598
1365163200,-0.185216880311589
1365184800,-0.17527131337380594
1365206400,-0.16705990403029278
1365228000,-0.14998888044308173
1365249600,-0.11674402951196504
1365271200,-0.06338552124317173
1365292800,0.01140727116553903
1365314400,-0.004929518782344058
1365336000,0.021251439060974917
1365357600,0.07893269597678676
1365379200,0.18213123058462052
1365400800,0.3546291672243467
1365422400,0.395533993675583
1365444000,0.4110746353383552
1365465600,0.3144429855409613
1365487200,0.29301073335114985
1365508800,0.1257359457055954
1365530400,0.010177359043268913
1365552000,-0.07235134928848683
1365573600,-0.12140901654828347
1365595200,-0.1586156732868768
1365616800,-0.17485297455100332
1365638400,-0.18488157880715553
1365660000,-0.1868134112593847
1365681600,-0.17510810143163297
1365703200,-0.15862324689337248
1365724800,-0.13523922917200565
1365746400,-0.09117659670196399
1365768000,-0.02819127732605256
1365789600,-0.06698200340897072
1365811200,-0.08654021379890613
1365832800,-0.08554950027960391
1365854400,-0.05873804645391814
1365876000,-0.012653082913820293
1365897600,-0.059893863978168704
1365919200,-0.0875348992002285
1365940800,-0.098643725208855
1365962400,-0.08001145466571072
1365984000,-0.043295988709485644
1366005600,0.02373738441093625
1366027200,0.010049623031910704
1366048800,0.0311203396747763
1366070400,0.09456026936613046
1366092000,0.20120896415104733
1366113600,0.1550690009708124
1366135200,0.17610983057256258
1366156800,0.26834096881399594
1366178400,0.21225101834725194
1366200000,0.22538584636849102
1366221600,0.08620165648264375
1366243200,0.011871499044086138
1366264800,-0.015835022439582704
1366286400,-0.009822665230995009
1366308000,-0.08144065383568994
1366329600,-0.12674133876010224
1366351200,-0.1582147097770176
1366372800,-0.1727614902272352
1366394400,-0.1750520733055796
1366416000,-0.17338085103116677
1366437600,-0.16522913415392662
1366459200,-0.14385277641189376
1366480800,-0.10270164371431448
1366502400,-0.04043804007898695
1366524000,-0.0737546273978064
1366545600,-0.06971495929088437
1366567200,-0.049020518426868095
1366588800,0.0004070510448036524
1366610400,0.05058435561885581
1366632000,0.036069521022028136
1366653600,0.0437206875474547
1366675200,0.08077159793252371
1366696800,0.12633513954656453
1366718400,0.19414945316731044
1366740000,0.21298415928595316
1366761600,0.31770142636991516
1366783200,0.28263696159684626
1366804800,0.315873956103351
1366826400,0.22432707639220026
1366848000,0.21226496162430158
1366869600,0.06511217864608518
1366891200,-0.037718874095210894
1366912800,-0.09749476271858912
1366934400,-0.13931116838505872
1366956000,-0.16538702036144934
1366977600,-0.17433531446892236
1366999200,-0.17720921392762454
1367020800,-0.16481506738508095
1367042400,-0.14599510732609947
1367064000,-0.09865512970851115
1367085600,-0.04669496945744324
1367107200,-0.08736880288932794
1367128800,-0.09778102581375342
1367150400,-0.07908229469789188
1367172000,-0.042465764003667084
1367193600,0.022934099499245603
1367215200,-0.004054610503776375
1367236800,0.0009453481822289944
1367258400,0.05469243386302111
1367280000,0.02689089992651606
1367301600,0.04541854978994106
1367323200,0.10908290584886263
1367344800,0.2177676202564967
1367366400,0.1788946613241115
1367388000,0.19101733262762052
1367409600,0.2799798376570163
1367431200,0.2276193574716332
1367452800,0.24653566336879007
1367474400,0.11102607810794532
1367496000,0.01952052329170062
1367517600,-0.047154306889755596
1367539200,-0.08167200226587681
1367560800,-0.09262627919903962
1367582400,-0.08376900263190727
1367604000,-0.045993140244739175
1367625600,-0.10445535056963381
1367647200,-0.13784864134313088
1367668800,-0.1605577104000005
1367690400,-0.17117690386378887
1367712000,-0.17290415211677765
1367733600,-0.17247936144531353
1367755200,-0.16532909509231114
1367776800,-0.15074441867020968
1367798400,-0.134933669656063
1367820000,-0.1209546077534517
1367841600,-0.08024121123695366
1367863200,-0.019761123921140378
1367884800,-0.05942888804670449
1367906400,-0.07817185434868382
1367928000,-0.06716292642688598
1367949600,-0.041707870467053126
1367971200,0.014629040277224559
1367992800,-0.021184381904238492
1368014400,-0.027362114952536386
1368036000,-0.013352271954540071
1368057600,0.036662019356310194
1368079200,0.11300695098401592
1368100800,0.23504142687586488
1368122400,0.19935145232551993
1368144000,0.2239342400921379
1368165600,0.32798649185163875
1368187200,0.28577793048157346
1368208800,0.3266074547637654
1368230400,0.22837054289154418
1368252000,0.0768765272516238
1368273600,-0.018587873678921674
1368295200,-0.08514772957756081
1368316800,-0.13181276398545902
1368338400,-0.16229797440456745
1368360000,-0.17960459110735044
1368381600,-0.190281556772403
1368403200,-0.1972350510713802
1368424800,-0.1970920132009121
1368446400,-0.19082491563199902
1368468000,-0.19104912555230938
1368489600,-0.1882886454838386
1368511200,-0.1874296850930446
1368532800,-0.18212426093831163
1368554400,-0.15328123561291712
1368576000,-0.113899621350421
1368597600,-0.04879783711741316
1368619200,-0.07414170370523432
1368640800,-0.08518657446986545
1368662400,-0.06485117730902479
1368684000,-0.02884412457549551
1368705600,0.05027382367392376
1368727200,0.05263544061106233
1368748800,0.10538827064403311
1368770400,0.21187685067892703
1368792000,0.16505867693899479
1368813600,0.18316859904971763
1368835200,0.27769933667958274
1368856800,0.23937533073767547
1368878400,0.28575213842449254
1368900000,0.1984096271032444
1368921600,0.18123821241937038
1368943200,0.10707810816696059
1368964800,0.08225444507375501
1368986400,0.09320526465511908
1369008000,0.02197529479596662
1369029600,-0.014511118533007912
1369051200,-0.02390666641018275
1369072800,-0.003978561908269007
1369094400,0.043968023520298244
1369116000,0.0057085343301611045
1369137600,0.017896860885340822
1369159200,0.028331203267069723
1369180800,0.02495929739551072
1369202400,0.011115300935711475
1369224000,-0.05256687145903294
1369245600,-0.10028686835021842
1369267200,-0.1159001649229869
1369288800,-0.11331522259470314
1369310400,-0.1079843829629204
1369332000,-0.09013475415203413
1369353600,-0.04114019230903468
1369375200,0.027794895034748968
1369396800,0.14070335897661446
1369418400,0.09064233352969324
1369440000,0.0846311521843793
1369461600,0.14072237158472883
1369483200,0.02469867672839271
1369504800,-0.05038216094140857
1369526400,-0.09854684693694847
1369548000,-0.12436936497129956
1369569600,-0.12571785524398033
1369591200,-0.10991861399303585
1369612800,-0.08038492307131322
1369634400,-0.025640607842362467
1369656000,-0.05904748908549298
1369677600,-0.06752116723193768
1369699200,-0.06642995687774822
1369720800,-0.0494473864037414
1369742400,-0.0032848563195851943
1369764000,-0.058993885888865935
1369785600,-0.09033932365830441
1369807200,-0.1117841876232232
1369828800,-0.12186982711848139
1369850400,-0.10860774015077135
1369872000,-0.07764233986679626
1369893600,-0.028184532216384797
1369915200,-0.07289971748713708
1369936800,-0.09910696576399836
1369958400,-0.12401240237156995
1369980000,-0.13880240641947234
1370001600,-0.13898805280752202
1370023200,-0.12460465446591311
1370044800,-0.08817757048821673
1370066400,-0.03461307862573246
1370088000,0.040775409592615885
1370109600,0.15348126904007464
1370131200,0.3297222247280925
1370152800,0.37274277846869563
1370174400,0.38391005711393267
1370196000,0.27524449059097794
1370217600,0.24879341967205942
1370239200,0.3060532905394907
1370260800,0.22473891175207333
1370282400,0.09483202820326456
1370304000,0.013310175990580847
1370325600,-0.0323895844252364
1370347200,-0.04171980069596579
1370368800,-0.021212026824353733
1370390400,0.02478375635204215
1370412000,-0.021134373121757234
1370433600,-0.03549080547448703
1370455200,-0.027111021872216742
1370476800,0.004548335729101433
1370498400,-0.05826866330592403
1370520000,-0.08149244675573009
1370541600,-0.09213956892170559
1370563200,-0.0806288360502726
1370584800,-0.05467296052595125
1370606400,-0.008860295490596817
1370628000,-0.05770290728038648
1370649600,-0.0749501285627782
1370671200,-0.0798503778835834
1370692800,-0.05938247474323127
1370714400,-0.009694503960094095
1370736000,-0.05020314483242784
1370757600,-0.05496090979026261
1370779200,-0.030482156620440237
1370800800,0.04348589723847185
1370822400,0.16321623452909645
1370844000,0.1270810923810369
1370865600,0.15987102103483225
1370887200,0.03243816455382462
1370908800,-0.04797619888381588
1370930400,-0.09850641798747001
1370952000,-0.12611686964514798
1370973600,-0.14974369748810262
1370995200,-0.16322164820907017
1371016800,-0.1688921758816526
1371038400,-0.15927841637245266
1371060000,-0.15085329658830113
1371081600,-0.14791694500645142
1371103200,-0.14515714166509677
1371124800,-0.13964230839446268
1371146400,-0.11972599248181942
1371168000,-0.09240228487886601
1371189600,-0.07983640821199942
1371211200,-0.06265904760228817
1371232800,-0.025002640309918826
1371254400,-0.0021758777574092253
1371276000,0.0454425950375138
1371297600,0.14080888103940475
1371319200,0.16655012081889842
1371340800,0.25073974902589236
1371362400,0.3973662193944455
1371384000,0.4145140794018308
1371405600,0.4009759910546129
1371427200,0.265279769466942
1371448800,0.20876341884463517
1371470400,0.22119612281823153
1371492000,0.08918512857598035
1371513600,0.009108676844552716
1371535200,-0.032180744222037816
1371556800,-0.05284252864423146
1371578400,-0.038690573590294444
1371600000,-0.0038992906673803868
1371621600,-0.06089095582277464
1371643200,-0.09756834774306565
1371664800,-0.11252833212873178
1371686400,-0.11396745256070764
1371708000,-0.10432775240925658
1371729600,-0.061461427075174574
1371751200,-0.11748419594363217
1371772800,-0.15741291658898457
1371794400,-0.18695246253537628
1371816000,-0.19322446655828376
1371837600,-0.20448050112639418
1371859200,-0.20034486903167809
1371880800,-0.1941477548906799
1371902400,-0.18317962585683964
1371924000,-0.16376204575895859
1371945600,-0.1240953623736975
1371967200,-0.07951875248224363
1371988800,-0.006932469176486957
1372010400,-0.02035338273455986
1372032000,0.0013007840101874057
1372053600,0.06794640207672731
1372075200,0.17182999472073562
1372096800,0.3446091558658469
1372118400,0.3816550610280764
1372140000,0.38734170711776406
1372161600,0.2727613962870473
1372183200,0.2364981635328007
1372204800,0.27144671577525664
1372226400,0.1650702992458975
1372248000,0.12927695113979923
1372269600,0.01831513450998762
1372291200,-0.053678892314635226
1372312800,-0.09975519009022625
1372334400,-0.12293924908564716
1372356000,-0.14130345939290653
1372377600,-0.14971845334371656
1372399200,-0.1523778705369466
1372420800,-0.1487185209655908
1372442400,-0.12966952981654395
1372464000,-0.10061375971348065
1372485600,-0.05156859119637863
1372507200,-0.09716490998593333
1372528800,-0.12516711614448603
1372550400,-0.13300348532726408
1372572000,-0.12980820327085302
1372593600,-0.10391228823692672
1372615200,-0.05190836181588111
1372636800,-0.08733671737817797
1372658400,-0.09852843507571
1372680000,-0.08732985621631432
1372701600,-0.051880703540191614
1372723200,0.02644191569407285
1372744800,0.03255184088539381
1372766400,0.08922479148688187
1372788000,0.21140654773878964
1372809600,0.18510000866689033
1372831200,0.23981530214291988
1372852800,0.2454162022359292
1372874400,0.10878376312891733
1372896000,0.02202500593955667
1372917600,-0.04556481477174691
1372939200,-0.08286652144565924
1372960800,-0.09414853512896353
1372982400,-0.08878947569203023
1373004000,-0.059578858302177434
1373025600,0.002746957323005436
1373047200,-0.024417547416919552
1373068800,-0.02044466601101895
1373090400,0.012431524939803568
1373112000,-0.02818086525514447
1373133600,-0.038162794210787485
1373155200,-0.008753460109951455
1373176800,0.05584550915869871
1373198400,0.03997253466305846
1373220000,0.030236790811996532
1373241600,0.023252781927302166
1373263200,0.05140230481011097
1373284800,0.08353392860427576
1373306400,0.04106815731090854
1373328000,0.043397605802728695
1373349600,0.10197953387469456
1373371200,0.21353802730171903
1373392800,0.1830945525506562
1373414400,0.20108871753140167
1373436000,0.07391736069462981
1373457600,0.009205068386293487
1373479200,-0.017640574694403
1373500800,-0.05468428067501903
1373522400,-0.056819937707110926
1373544000,-0.0426550355392135
1373565600,-0.0137322729397001
1373587200,-0.0721293965676644
1373608800,-0.10624143546436303
1373630400,-0.10849256835511145
1373652000,-0.10796824565351018
1373673600,-0.0940024178480967
1373695200,-0.058320394404825726
1373716800,-0.12058437564450226
1373738400,-0.1532515437233109
1373760000,-0.17799962465286928
1373781600,-0.1955510792967165
1373803200,-0.19623225072164655
1373824800,-0.19739573621540252
1373846400,-0.18381865935419447
1373868000,-0.1688845176138974
1373889600,-0.13768421639746498
1373911200,-0.08645959298642003
1373932800,-0.002000269154502521
1373954400,0.12203605364578415
1373976000,0.1743846237390612
1373997600,0.28836931590036896
1374019200,0.2689105735948424
1374040800,0.3415240501136778
1374062400,0.38260249750010294
1374084000,0.3051936847402663
1374105600,0.3104279441597233
1374127200,0.18227250951508023
1374148800,0.11473304030696238
1374170400,0.10090291774262997
1374192000,0.008167321659674529
1374213600,-0.05088654463018515
1374235200,-0.08070859950447934
1374256800,-0.08096636026527515
1374278400,-0.06493548533139161
1374300000,-0.026355243922482716
1374321600,-0.07248119036656553
1374343200,-0.09336596148108371
1374364800,-0.0962301909048146
1374386400,-0.08089115506955487
1374408000,-0.031860085167648655
1374429600,-0.08308052481117323
1374451200,-0.10574924808362074
1374472800,-0.10464538644168456
1374494400,-0.08617446946643967
1374516000,-0.04452808608807968
1374537600,-0.08735595208061453
1374559200,-0.11750760106066212
1374580800,-0.12815086639346757
1374602400,-0.11659542355779055
1374624000,-0.08376968432701185
1374645600,-0.014889248188100307
1374667200,-0.04102711340764754
1374688800,-0.03185483343884017
1374710400,0.003523867714579826
1374732000,0.06910742798729419
1374753600,0.18995601529855483
1374775200,0.14791287024850538
1374796800,0.1588854287248605
1374818400,0.2346283413018173
1374840000,0.1642277419259811
1374861600,0.1483615744936413
1374883200,0.06349855922553807
1374904800,0.022004516926460417
1374926400,0.015716001048716066
1374948000,0.037446121694724055
1374969600,-0.029155768095101633
1374991200,-0.07916806267228517
1375012800,-0.11139214403576649
1375034400,-0.11705469946651521
1375056000,-0.10686740078141352
1375077600,-0.10067738864980383
1375099200,-0.07893454298469049
1375120800,-0.0531696750528166
1375142400,-0.003209669253629893
1375164000,-0.05427076363998973
1375185600,-0.08888155327198545
1375207200,-0.11364008977600369
1375228800,-0.11374496542554698
1375250400,-0.105887283682324
1375272000,-0.0909991943141826
1375293600,-0.062187432219068944
1375315200,-0.029248528290809178
1375336800,0.04235795571415979
1375358400,0.15791581704548505
1375380000,0.12251635850767233
1375401600,0.14778346796367026
1375423200,0.24650600825438018
1375444800,0.197094211155949
1375466400,0.09481155768247408
1375488000,0.03558132485938958
1375509600,0.015788417834067203
1375531200,0.03448342942602514
1375552800,-0.03154698365054637
1375574400,-0.07506727376047963
1375596000,-0.09511203571953791
1375617600,-0.09114506121090882
1375639200,-0.07188183770850282
1375660800,-0.029920473866721156
1375682400,-0.08752407706461315
1375704000,-0.11607889880260405
1375725600,-0.1364600437579386
1375747200,-0.1396184649161031
1375768800,-0.13231014562466292
1375790400,-0.11287586156123633
1375812000,-0.07962863290102168
1375833600,-0.014678110923590226
1375855200,0.06553657567763176
1375876800,0.05973673561355877
1375898400,0.09770446458170987
1375920000,0.18374874061606436
1375941600,0.34273745753142104
1375963200,0.3611737172411884
1375984800,0.25181114164614543
1376006400,0.21548847505372562
1376028000,0.24594828823082068
1376049600,0.13189430891864087
1376071200,0.0696873936230405
1376092800,0.046733273837950166
1376114400,0.06528609822431353
1376136000,0.001845931120523281
1376157600,-0.034459534516071484
1376179200,-0.04649559103880939
1376200800,-0.03687209172975392
1376222400,0.00456258050343436
1376244000,-0.05819819309365125
1376265600,-0.09808883982393343
1376287200,-0.13191664699951022
1376308800,-0.15812030717834016
1376330400,-0.16790417454355439
1376352000,-0.17771832318482322
1376373600,-0.1861997085661188
1376395200,-0.1859686538745173
1376416800,-0.18920485205161805
1376438400,-0.18868491898312076
1376460000,-0.1930150804070993
1376481600,-0.18777502598701684
1376503200,-0.17869628695446066
1376524800,-0.16268168593433666
1376546400,-0.14969135782420706
1376568000,-0.1366242746404434
1376589600,-0.1130331549140482
1376611200,-0.07454412798062847
1376632800,-0.015454767539252318
1376654400,0.06986565796995173
1376676000,0.20469576944884227
1376697600,0.17686138560704742
1376719200,0.21903416355512426
1376740800,0.328291611574832
1376762400,0.30152772015489326
1376784000,0.3546178996107057
1376805600,0.26785571360867844
1376827200,0.12938255662426995
1376848800,0.041377638901306746
1376870400,-0.01943394790840562
1376892000,-0.062046477030359426
1376913600,-0.08264257342486865
1376935200,-0.09189809928924918
1376956800,-0.08847212011205657
1376978400,-0.07663037431682249
1377000000,-0.04516053752467056
1377021600,-0.006511990850069399
1377043200,-0.05864844938990292
1377064800,-0.0921873671763632
1377086400,-0.11099784821213218
1377108000,-0.11569912227130366
1377129600,-0.09474990670138916
1377151200,-0.0822462251363659
1377172800,-0.05680221206895984
1377194400,-0.009111495458198726
1377216000,0.06272981037889985
1377237600,0.060506025032114205
1377259200,0.0932264722046155
1377280800,0.1778378115223372
1377302400,0.32453609213658313
1377324000,0.3339697600988616
1377345600,0.31385287575372
1377367200,0.15093205647422642
1377388800,0.041358800004325846
1377410400,-0.026963989678954386
1377432000,-0.0608766648307631
1377453600,-0.08341733106633607
1377475200,-0.08760929099200286
1377496800,-0.08597155221641878
1377518400,-0.06650337656095334
1377540000,-0.04156932926713631
1377561600,-0.01589325923997756
1377583200,-0.03319403157179431
1377604800,-0.025074590780913286
1377626400,0.01642505887467259
1377648000,-0.040841578895635805
1377669600,-0.0782309865947714
1377691200,-0.09869791125691245
1377712800,-0.11086560867406858
1377734400,-0.11700497630021803
1377756000,-0.1274512326310811
1377777600,-0.13647788783070242
1377799200,-0.14255939138075557
1377820800,-0.13955312740346443
1377842400,-0.12966639897869914
1377864000,-0.11630094583706338
1377885600,-0.09807564864107557
1377907200,-0.06298044891119693
1377928800,-0.003944411210610538
1377950400,0.08889311896874122
1377972000,0.2290807399134862
1377993600,0.20383283878024527
1378015200,0.23517558746105546
1378036800,0.32628190036671423
1378058400,0.2713741767251618
1378080000,0.2790258422052865
1378101600,0.13159506913112518
1378123200,0.03325762437710067
1378144800,-0.028833440950797484
1378166400,-0.08063075487398491
1378188000,-0.12066655937206675
1378209600,-0.13814720921852902
1378231200,-0.15110063117414813
1378252800,-0.16105532640757617
1378274400,-0.17131911442820907
1378296000,-0.166158804234371
1378317600,-0.16706813541458013
1378339200,-0.1598536596990621
1378360800,-0.15040795671392257
1378382400,-0.13785417931864477
1378404000,-0.11800441870422404
1378425600,-0.07758360679924843
1378447200,-0.028585192895869416
1378468800,-0.08109505578498669
1378490400,-0.11222192334982835
1378512000,-0.12833975506393716
1378533600,-0.12250398648746777
1378555200,-0.10963842111423883
1378576800,-0.07933051743513267
1378598400,-0.024151044274428046
1378620000,0.05433755282985997
1378641600,0.18100275754948886
1378663200,0.3599810288594696
1378684800,0.4021472368659131
1378706400,0.4169870248300088
1378728000,0.3112579660161423
1378749600,0.28034749037240186
1378771200,0.32245675247966266
1378792800,0.22110278171918615
1378814400,0.1852500893383771
1378836000,0.0725131955749623
1378857600,-0.0021751847568836774
1378879200,-0.05264430903148638
1378900800,-0.08837912273659837
1378922400,-0.10206078891246256
1378944000,-0.1110627038399132
1378965600,-0.11100276201204119
1378987200,-0.09058995015272807
1379008800,-0.06439621916836126
1379030400,-0.01815869754373811
1379052000,-0.07534585564104457
1379073600,-0.11008399169049948
1379095200,-0.1281711100581658
1379116800,-0.12892870127593495
1379138400,-0.12461789754863639
1379160000,-0.11221239750283624
1379181600,-0.0897832108208756
1379203200,-0.058401901294849665
1379224800,-0.003048842298749882
1379246400,-0.03815236916307635
1379268000,-0.031905265401600255
1379289600,0.00038268184046003073
1379311200,0.06858993709410308
1379332800,0.17824485380003072
1379354400,0.12895635766445157
1379376000,0.11922373909524057
1379397600,0.1640269237630354
1379419200,0.04583855928610961
1379440800,-0.03019229219251436
1379462400,-0.0782294445774943
1379484000,-0.10820022724885911
1379505600,-0.11487318096447062
1379527200,-0.10603850517033143
1379548800,-0.08641832103092313
1379570400,-0.08156082444038451
1379592000,-0.05179213736232148
1379613600,-0.05034794828536006
1379635200,-0.012644626145298737
1379656800,-0.06976101769749307
1379678400,-0.10785049742271549
1379700000,-0.1254298217168324
1379721600,-0.1262311111870474
1379743200,-0.13250986133808612
1379764800,-0.13652221244621737
1379786400,-0.12842051479427005
1379808000,-0.10776285598447655
1379829600,-0.060754342068537553
1379851200,0.008647176495887591
1379872800,-0.006445810703383632
1379894400,0.012277063999653517
1379916000,0.07103064891796457
1379937600,0.1854511447543705
1379959200,0.36077536604491545
1379980800,0.40331192873102506
1380002400,0.4217573080566871
1380024000,0.32147336737385024
1380045600,0.29953318415439
1380067200,0.3547953032203546
1380088800,0.2692185707584246
1380110400,0.13357224258126366
1380132000,0.040799653391356994
1380153600,-0.011905130502053662
1380175200,-0.04254597067998464
1380196800,-0.04851117258730361
1380218400,-0.020016456968223448
1380240000,-0.08728085953642903
1380261600,-0.1312631259378469
1380283200,-0.15519198822582558
1380304800,-0.17400150554316712
1380326400,-0.18304055207619974
1380348000,-0.19734567762171956
1380369600,-0.20209442392947832
1380391200,-0.19726429857326133
1380412800,-0.179476472871677
1380434400,-0.15621089951605974
1380456000,-0.12452911647968797
1380477600,-0.09877536466834817
1380499200,-0.04687522831460375
1380520800,-0.08608848413505946
1380542400,-0.10250042890603345
1380564000,-0.09159742347957202
1380585600,-0.0564491645862272
1380607200,0.007303660141714505
1380628800,-0.02295669645881642
1380650400,-0.024516247433160776
1380672000,-0.00787784084850389
1380693600,0.036694664004354116
1380715200,0.11454181192018956
1380736800,0.23581528001440344
1380758400,0.19321396122822768
1380780000,0.2053820635169032
1380801600,0.2949997906472853
1380823200,0.23869909604059772
1380844800,0.24581160947895186
1380866400,0.10270465801943937
1380888000,0.021036876793307832
1380909600,-0.03130440980521747
1380931200,-0.05393273192245166
1380952800,-0.04672416447847333
1380974400,-0.017925004020655666
1380996000,-0.08269275814824163
1381017600,-0.12159183244658246
1381039200,-0.15985323117396216
1381060800,-0.19136225442456795
1381082400,-0.21429151851413128
1381104000,-0.22868172782467772
1381125600,-0.22930348372084827
1381147200,-0.2291962260892781
1381168800,-0.21962105523015635
1381190400,-0.20823359086691864
1381212000,-0.18638519638312928
1381233600,-0.14702719524157096
1381255200,-0.10271698685269484
1381276800,-0.03157688119689057
1381298400,-0.010717759279302824
1381320000,0.05734807721795701
1381341600,0.16957605090925504
1381363200,0.33572136552377996
1381384800,0.3748315102372503
1381406400,0.39619901210455866
1381428000,0.28990230245972276
1381449600,0.2524865940622948
1381471200,0.2954729734544453
1381492800,0.20232172253074576
1381514400,0.06879015647376757
1381536000,-0.021167857318248953
1381557600,-0.07724930284503463
1381579200,-0.09787180109514972
1381600800,-0.10131928770946225
1381622400,-0.09551608595313998
1381644000,-0.07481646697579508
1381665600,-0.02375104801147676
1381687200,-0.06077748446315468
1381708800,-0.06298966989102789
1381730400,-0.0441711670181048
1381752000,-0.026924328930681155
1381773600,-0.012428882962336338
1381795200,-0.07874273780334662
1381816800,-0.10650436938939098
1381838400,-0.10813119601753814
1381860000,-0.0755825621084655
1381881600,-0.009857131548031972
1381903200,-0.02120416235098537
1381924800,0.006908552925910055
1381946400,0.08367734492829304
1381968000,0.21694849104264852
1381989600,0.20174803562163152
1382011200,0.26300199418636705
1382032800,0.18798782985047252
1382054400,0.17490698284694745
1382076000,0.229130955266883
1382097600,0.1391586080715293
1382119200,0.10488859305853263
1382140800,-0.004287450589099878
1382162400,-0.07528608194361061
1382184000,-0.10685119500522694
1382205600,-0.12020463761993377
1382227200,-0.106216119271166
1382248800,-0.0650454392725036
1382270400,-0.11754295076644725
1382292000,-0.1398652095291822
1382313600,-0.13093789382154913
1382335200,-0.10795230104371739
1382356800,-0.06104568434601329
1382378400,-0.10474613478862338
1382400000,-0.1529744610351054
1382421600,-0.17153799355713542
1382443200,-0.1782854360289418
1382464800,-0.1652896975123178
1382486400,-0.13447401906415976
1382508000,-0.08103302256884475
1382529600,-0.11508905663148279
1382551200,-0.13168922695020477
1382572800,-0.1293225582913754
1382594400,-0.11174490374378969
1382616000,-0.06297679559234973
1382637600,0.009587606442365115
1382659200,-0.004857081144540129
1382680800,0.014337956658072928
1382702400,0.08064369443526523
1382724000,0.18611618284293213
1382745600,0.3565930037745926
1382767200,0.38622963652818837
1382788800,0.38524455638023547
1382810400,0.27092853894906804
1382832000,0.23753528047147457
1382853600,0.28880251680620767
1382875200,0.20817298434029952
1382896800,0.07121527444244763
1382918400,-0.012299621972903643
1382940000,-0.06683058548263934
1382961600,-0.09099268574663993
1382983200,-0.08608364833696598
1383004800,-0.050472815677177804
1383026400,-0.11127990559372229
1383048000,-0.14853816846326337
1383069600,-0.1772765589148034
1383091200,-0.19352652244584853
1383112800,-0.2030176876135906
1383134400,-0.19744670137025133
1383156000,-0.17753174503071323
1383177600,-0.14243739243192147
1383199200,-0.0874881402657312
1383220800,-0.017547721642666554
1383242400,-0.03341090011847834
1383264000,-0.024291254645462376
1383285600,0.023142737245600162
1383307200,0.0946408998102596
1383328800,0.0974459158667776
1383350400,0.0924581753717713
1383372000,0.13032744411612393
1383393600,0.24079213731269797
1383415200,0.35164413472520945
1383436800,0.3314346569189193
1383458400,0.3193451573472645
1383480000,0.18455918532653293
1383501600,0.11168240907428889
1383523200,0.09648260821990012
1383544800,0.0030340153403456693
1383566400,-0.05434739805160252
1383588000,-0.09610109429292929
1383609600,-0.11892621411198331
1383631200,-0.1406514552470915
1383652800,-0.14976887514663256
1383674400,-0.154713236659866
1383696000,-0.15431252329662393
1383717600,-0.14632481329331296
1383739200,-0.14524050374495073
1383760800,-0.1309341564318967
1383782400,-0.11715268659232256
1383804000,-0.08252230107864286
1383825600,-0.01862534442689047
1383847200,-0.05222022844670403
1383868800,-0.0646859653099559
1383890400,-0.05315419026076554
1383912000,-0.01289766700847525
1383933600,0.04347990774874514
1383955200,0.013155175312753044
1383976800,0.018564508811573677
1383998400,0.06028727145136473
1384020000,0.1303672533899377
1384041600,0.2507436397826854
1384063200,0.20934148538234262
1384084800,0.22941816635905476
1384106400,0.09893527825040185
1384128000,0.010636257256604817
1384149600,-0.050662844797912804
1384171200,-0.09033871859076267
1384192800,-0.11706183948280582
1384214400,-0.1349618343406569
1384236000,-0.15670523892322216
1384257600,-0.16304782226556577
1384279200,-0.1634968303412625
1384300800,-0.15396846303183187
1384322400,-0.14784849241156386
1384344000,-0.13861329846458237
1384365600,-0.12454836830671857
1384387200,-0.09087313358196854
1384408800,-0.031179115378997035
1384430400,-0.06406267922343989
1384452000,-0.0872110970511301
1384473600,-0.08565228107912803
1384495200,-0.0591953795935701
1384516800,-0.010006277465556157
1384538400,-0.05169103949459871
1384560000,-0.07314080866954104
1384581600,-0.07466945701572911
1384603200,-0.05450256485363544
1384624800,-0.013917289234258001
1384646400,0.04805881775317888
1384668000,0.021680960847907223
1384689600,0.04302891758201413
1384711200,0.1031268070462715
1384732800,0.208244574684356
1384754400,0.3749708759480229
1384776000,0.4195363417509701
1384797600,0.43215967090553553
1384819200,0.33100384388068427
1384840800,0.3186736785644868
1384862400,0.16905701546776672
1384884000,0.08601293728774659
1384905600,0.07169166691820789
1384927200,-0.02624696948625138
1384948800,-0.08685517833083367
1384970400,-0.11641956498702605
1384992000,-0.11726415039469408
1385013600,-0.0831071009916601
1385035200,-0.1481493982955394
1385056800,-0.1862321985299384
1385078400,-0.20649420383795114
1385100000,-0.2179041889131892
1385121600,-0.22537654434867116
1385143200,-0.22064562981479188
1385164800,-0.21772062792880909
1385186400,-0.20373896006498643
1385208000,-0.1777222879770643
1385229600,-0.14032246052651284
1385251200,-0.07761908884667494
1385272800,-0.10884132954828166
1385294400,-0.1081962484859319
1385316000,-0.09114025418599264
1385337600,-0.04118745285178718
1385359200,0.030987667259768037
1385380800,0.11248881228384633
1385402400,0.23892733178966216
1385424000,0.2266560908828904
1385445600,0.277069101794817
1385467200,0.20013274549624038
1385488800,0.20081426587771434
1385510400,0.26245063336777186
1385532000,0.18251885085670327
1385553600,0.05689811667134867
1385575200,-0.016180621174437526
1385596800,-0.04995750808008714
1385618400,-0.050520900624263426
1385640000,-0.014350213037465878
1385661600,-0.06357051340378356
1385683200,-0.07432062030589222
1385704800,-0.0504036251018867
1385726400,0.019798418492204067
1385748000,0.023755184258880235
1385769600,-0.013270005042143995
1385791200,-0.022624373801760383
1385812800,0.013469270253803775
1385834400,-0.024273146157973276
1385856000,-0.042561241483681456
1385877600,-0.055183338622245004
1385899200,-0.0773300102159888
1385920800,-0.06724983910991272
1385942400,-0.027015714176405303
1385964000,0.052522258082875556
1385985600,0.20008281579419993
1386007200,0.20183344171282827
1386028800,0.2842786351378759
1386050400,0.33269665391512443
1386072000,0.2710912238014833
1386093600,0.2979806779917956
1386115200,0.20465651862116585
1386136800,0.066764041795179
1386158400,-0.011275104665969836
1386180000,-0.039956838736897635
1386201600,-0.021320906641550452
1386223200,-0.09634206910152124
1386244800,-0.14511462262374406
1386266400,-0.16968155778471558
1386288000,-0.16972692144603696
1386309600,-0.14199749181659346
1386331200,-0.0974762402755715
1386352800,-0.14303096991809405
1386374400,-0.18672245344636274
1386396000,-0.20928310458149044
1386417600,-0.2148803448894849
1386439200,-0.21698166488125706
1386460800,-0.21603975637196327
1386482400,-0.20569178367053972
1386504000,-0.18327923548333003
1386525600,-0.15688165955320255
1386547200,-0.1137709644848294
1386568800,-0.05067177659672281
1386590400,0.047788929467427826
1386612000,0.057657673958594016
1386633600,0.11410289874263715
1386655200,0.21132244102663394
1386676800,0.3766235536281599
1386698400,0.42620304967657396
1386720000,0.44909795138299047
1386741600,0.35229497478710986
1386763200,0.34950289889268576
1386784800,0.2037533225677136
1386806400,0.12485047171674171
1386828000,0.09822731535351586
1386849600,-0.0007737142670272978
1386871200,-0.0642401883662406
1386892800,-0.09749901995101973
1386914400,-0.11667413916047936
1386936000,-0.12613415142946058
1386957600,-0.13149660064733804
1386979200,-0.1611230114274689
1387000800,-0.17577230850705083
1387022400,-0.18032303991023632
1387044000,-0.17389256575128179
1387065600,-0.1679927316800821
1387087200,-0.1531712398451408
1387108800,-0.13752159293053273
1387130400,-0.10916677764921798
1387152000,-0.07559231536167034
1387173600,-0.02771332950990564
1387195200,-0.0739718171654178
1387216800,-0.09961953033818062
1387238400,-0.10688592032566484
1387260000,-0.10633813998304913
1387281600,-0.08384635503456374
1387303200,-0.0515809052753881
1387324800,-0.008034157427811967
1387346400,0.05010920050305266
1387368000,0.13366289849793767
1387389600,0.26025434559202076
1387411200,0.24089715477177928
1387432800,0.2803545816250478
1387454400,0.17026503025299355
1387476000,0.11714332191683496
1387497600,0.12199781758445746
1387519200,0.03758956199237129
1387540800,-0.013233903771714635
1387562400,-0.03467585417593946
1387584000,-0.032697298389525536
1387605600,0.004575659380704464
1387627200,-0.05713477350849668
1387648800,-0.0875209143699748
1387670400,-0.10520608227153443
1387692000,-0.11213011050874233
1387713600,-0.10143358688793619
1387735200,-0.08691949639940966
1387756800,-0.06655928110862377
1387778400,-0.0828592558253766
1387800000,-0.08751049556438292
1387821600,-0.08755870742800836
1387843200,-0.0757993102801306
1387864800,-0.05234808524580399
1387886400,-0.006479059150727801
1387908000,0.06399308731652341
1387929600,0.04717886116302671
1387951200,0.0337898310454731
1387972800,0.050107908301801285
1387994400,0.11667128108911784
1388016000,0.23513529600542346
1388037600,0.1983225822223857
1388059200,0.22914270362721662
1388080800,0.09761611026101089
1388102400,0.012442699304881913
1388124000,-0.04585026624747836
1388145600,-0.08270534101506523
1388167200,-0.0938442210287928
1388188800,-0.09460614611455023
1388210400,-0.07842674312080787
1388232000,-0.038861766606833395
1388253600,-0.09777790157478591
1388275200,-0.1293164402560093
1388296800,-0.13780325146194988
1388318400,-0.13008762965249043
1388340000,-0.10060307878848969
1388361600,-0.05169414772565019
1388383200,-0.09233429823159865
1388404800,-0.11249365644377053
1388426400,-0.10853155563661122
1388448000,-0.08508202552185955
1388469600,-0.03996520413622956
1388491200,-0.08789449139185687
1388512800,-0.1086808769261246
1388534400,-0.1124740326327944
1388556000,-0.0980367573562475
1388577600,-0.05377995362912211
1388599200,0.02245438720719595
1388620800,0.011042405340358372
1388642400,0.03621267892303959
1388664000,0.12031052761656186
1388685600,0.25557049636485923
1388707200,0.24966311657832543
1388728800,0.31984218716412116
1388750400,0.24874769906834562
1388772000,0.2483879994269633
1388793600,0.32653268452863154
1388815200,0.25939891643275154
1388836800,0.27377483700234584
1388858400,0.15210153892239542
1388880000,0.10344033092190516
1388901600,-2.9237008810495402e-05
1388923200,-0.0670176748948484
1388944800,-0.09814362590627569
1388966400,-0.10177191394660859
1388988000,-0.07083095624361822
1389009600,-0.12231668622790998
1389031200,-0.15056401489763702
1389052800,-0.1619178675772029
1389074400,-0.15339322672103398
1389096000,-0.12025720400622483
1389117600,-0.0709126104690124
1389139200,-0.11460900941169633
1389160800,-0.1359426245110666
1389182400,-0.13267363373869945
1389204000,-0.11275243881112372
1389225600,-0.06774590320597158
1389247200,-0.12333428076432568
1389268800,-0.15214619517389222
1389290400,-0.15096251836402572
1389312000,-0.14070876409232064
1389333600,-0.12019709693480585
1389355200,-0.07461170351988985
1389376800,-0.003752553393266883
1389398400,0.11201838615714835
1389420000,0.28512217378807725
1389441600,0.3310837022728186
1389463200,0.35384849053405565
1389484800,0.26351714156057354
1389506400,0.2591517262755054
1389528000,0.11584505848871757
1389549600,0.03262029983545939
1389571200,-0.04629497496154775
1389592800,-0.08086068839681086
1389614400,-0.0829854494140046
1389636000,-0.04675252529491522
1389657600,-0.09881330198881672
1389679200,-0.11978729379075555
1389700800,-0.11310767459006872
1389722400,-0.09134229172719954
1389744000,-0.05074509886627934
1389765600,-0.10080042213285045
1389787200,-0.11957941905536072
1389808800,-0.11075962843277984
1389830400,-0.09129120315094881
1389852000,-0.04140475505792666
1389873600,-0.07029093271007078
1389895200,-0.06529575155835383
1389916800,-0.029734923677344233
1389938400,0.04143066193833339
1389960000,0.050071817381866154
1389981600,0.10862439038543698
1390003200,0.23672206042037927
1390024800,0.22494088864942066
1390046400,0.2989272170463636
1390068000,0.3428715610394843
1390089600,0.27467352661690647
1390111200,0.286568634178452
1390132800,0.16469735716342443
1390154400,0.12185256354080923
1390176000,0.016455291880214523
1390197600,-0.035203134911970774
1390219200,-0.05337113367074575
1390240800,-0.03350536857947438
1390262400,-0.098802389132711
1390284000,-0.13371205729247373
1390305600,-0.1378081977062666
1390327200,-0.12352294579929636
1390348800,-0.08136342179134164
1390370400,-0.12983859820208565
1390392000,-0.15002214750157178
1390413600,-0.15857651036669565
1390435200,-0.14353845815437616
1390456800,-0.1118143137149265
1390478400,-0.05360325668933026
1390500000,-0.09565641636630753
1390521600,-0.11243712236998854
1390543200,-0.11646462490324172
1390564800,-0.095186497139333
1390586400,-0.03732229512309124
1390608000,-0.07166733418109136
1390629600,-0.07692417117831901
1390651200,-0.04928697184584388
1390672800,0.0030333006321146827
1390694400,0.10105494265576315
1390716000,0.237805962442438
1390737600,0.228833454151677
1390759200,0.2964479256397847
1390780800,0.22719393417104505
1390802400,0.22305292392650053
1390824000,0.2859960856696553
1390845600,0.20202570092811373
1390867200,0.06607487711460394
1390888800,-0.013136291886734847
1390910400,-0.05573633411012167
1390932000,-0.06307489942742804
1390953600,-0.04349252047632081
1390975200,0.004861986941337507
1390996800,-0.039897606195570284
1391018400,-0.05335339209542771
1391040000,-0.04524506002197548
1391061600,-0.011575455941920512
1391083200,-0.06996596252463609
1391104800,-0.10213108629487777
1391126400,-0.1203264422023974
1391148000,-0.12688680063457447
1391169600,-0.1143819411841551
1391191200,-0.08225804362706016
1391212800,-0.03565987619374768
1391234400,-0.08838101293793628
1391256000,-0.11230793966211708
1391277600,-0.12896061976327552
1391299200,-0.1282535787172719
1391320800,-0.11841428667262
1391342400,-0.09720899800936393
1391364000,-0.056709142101698695
1391385600,0.015690898760399336
1391407200,0.11639948908150524
1391428800,0.23541155708502712
1391450400,0.20093569291083502
1391472000,0.2266998028921976
1391493600,0.10785687006245823
1391515200,0.023005707560206257
1391536800,-0.02159312137484675
1391558400,-0.04172351782889583
1391580000,-0.03650264532556682
1391601600,-0.040247064208790026
1391623200,-0.018031736922979963
1391644800,0.025528092767250127
1391666400,-0.020057312735875438
1391688000,-0.036116581721979256
1391709600,-0.03540366674392908
1391731200,-0.0058941889061855796
1391752800,0.03222890276590952
1391774400,-0.017815151188209186
1391796000,-0.05620813539490216
1391817600,-0.07945999867598935
1391839200,-0.09887558832491014
1391860800,-0.11229451151665536
1391882400,-0.10522608431573642
1391904000,-0.10038990561509081
1391925600,-0.0856886943863028
1391947200,-0.060850825759823965
1391968800,-0.02533516054439483
1391990400,0.03295453501013726
1392012000,0.09630004307237525
1392033600,0.20806899400116205
1392055200,0.15996740748232868
1392076800,0.1776151455901559
1392098400,0.251091108182742
1392120000,0.16799869061416103
1392141600,0.13818917946401957
1392163200,0.03719652626847557
1392184800,-0.01922628357521558
1392206400,-0.04365490848534834
1392228000,-0.03246790638796447
1392249600,0.006561094410375876
1392271200,-0.040950886958361306
1392292800,-0.06316577426802776
1392314400,-0.06167158297808051
1392336000,-0.04401570746630695
1392357600,-0.006371061831072597
1392379200,-0.06245174744946605
1392400800,-0.09906534576679404
1392422400,-0.12152666055745448
1392444000,-0.14181641983777638
1392465600,-0.14970112638182428
1392487200,-0.15209170274433473
1392508800,-0.1533009603527635
1392530400,-0.15939882310732092
1392552000,-0.15219408062050196
1392573600,-0.14669838230740354
1392595200,-0.12991076043417207
1392616800,-0.10401960374563032
1392638400,-0.06344491547408224
1392660000,-0.0004731230970910494
1392681600,0.10381378631488913
1392703200,0.25050037995188434
1392724800,0.24299960004639762
1392746400,0.3078771109953572
1392768000,0.22924364244904955
1392789600,0.22569238058218685
1392811200,0.28885573377325424
1392832800,0.2112129568522632
1392854400,0.07378530427762864
1392876000,-0.014390975986880036
1392897600,-0.05795424359039113
1392919200,-0.07386071168165291
1392940800,-0.06451362110620112
1392962400,-0.0260203609986374
1392984000,-0.07471765196592134
1393005600,-0.10441799930865203
1393027200,-0.11312454798750475
1393048800,-0.1048726828864304
1393070400,-0.07435701353281339
1393092000,-0.02857966300099292
1393113600,-0.07990564949860901
1393135200,-0.11701323926463816
1393156800,-0.1390740381420793
1393178400,-0.13591347743689008
1393200000,-0.12105386434982982
1393221600,-0.0892358234909687
1393243200,-0.02642720220338733
1393264800,-0.06295673878477528
1393286400,-0.07473249516432168
1393308000,-0.07072540436798375
1393329600,-0.03712634911905699
1393351200,0.03845484418857014
1393372800,0.04159534604334102
1393394400,0.09498273147495817
1393416000,0.200866579338068
1393437600,0.1527192376744458
1393459200,0.17614172794764565
1393480800,0.2771068158346473
1393502400,0.24531874972932938
1393524000,0.29914035610195266
1393545600,0.22050260339649333
1393567200,0.10117765723261246
1393588800,-0.0022691890786317725
1393610400,-0.07020183072384788
1393632000,-0.11887494169753325
1393653600,-0.1453903582159499
1393675200,-0.1618898889607851
1393696800,-0.1743577898136519
1393718400,-0.18545148430082745
1393740000,-0.18897723235684147
1393761600,-0.17372475595372364
1393783200,-0.16747840964978694
1393804800,-0.15566773868195483
1393826400,-0.13648848834752722
1393848000,-0.09263578364602962
1393869600,-0.02209723223124868
1393891200,-0.03216406957411546
1393912800,-0.006159580359885383
1393934400,0.04530660146264809
1393956000,0.14848919507869957
1393977600,0.2021327038670905
1393999200,0.3216751498401101
1394020800,0.3108165806131885
1394042400,0.2703177029754233
1394064000,0.3244880650580936
1394085600,0.26269520020388326
1394107200,0.2835329997404785
1394128800,0.18052226457170517
1394150400,0.028613091323250017
1394172000,-0.06393202663993644
1394193600,-0.11464936827952109
1394215200,-0.14702314514623244
1394236800,-0.17096041028862433
1394258400,-0.17328515858455043
1394280000,-0.1595522804022449
1394301600,-0.13980462676980185
1394323200,-0.1059587437386703
1394344800,-0.052800368963421135
1394366400,-0.08968530005615424
1394388000,-0.10542812844707439
1394409600,-0.10180926672328103
1394431200,-0.08549493307677497
1394452800,-0.04815648982072672
1394474400,-0.09121860540720322
1394496000,-0.10527807516450494
1394517600,-0.09802614903565812
1394539200,-0.06391284949118134
1394560800,-0.008449801693353777
1394582400,-0.036533356783456046
1394604000,-0.03801568988961242
1394625600,0.005637942946385255
1394647200,0.09462851154505936
1394668800,0.24595968596771764
1394690400,0.2465576986102929
1394712000,0.32531798056267247
1394733600,0.36188037112857896
1394755200,0.27220676721083986
1394776800,0.2653137674716887
1394798400,0.10950407317108637
1394820000,0.013830963735402518
1394841600,-0.05085284917262364
1394863200,-0.08600113620128952
1394884800,-0.11225818001822147
1394906400,-0.11535845021805
1394928000,-0.10853723142148905
1394949600,-0.08345959753482823
1394971200,-0.03208929461255787
1394992800,-0.07316099180218347
1395014400,-0.09499133328889724
1395036000,-0.09984041360639656
1395057600,-0.07644921068553982
1395079200,-0.02956429319368689
1395100800,-0.08126490060308143
1395122400,-0.11224621442924988
1395144000,-0.11885179700074978
1395165600,-0.11658838482742907
1395187200,-0.09054981723035985
1395208800,-0.043267503025347265
1395230400,-0.09390385904861931
1395252000,-0.12308501957890328
1395273600,-0.1275099642926291
1395295200,-0.12701843984290465
1395316800,-0.11183047559821961
1395338400,-0.07071707820673515
1395360000,-0.005530879519683542
1395381600,-0.022369175156501227
1395403200,-0.0144435549196711
1395424800,0.02823011918976015
1395446400,0.10892352902307706
1395468000,0.2408455454366821
1395489600,0.22879486175959662
1395511200,0.2617139446316156
1395532800,0.14561338118403672
1395554400,0.09407077625707592
1395576000,0.09738842770040881
1395597600,0.017708614708788192
1395619200,-0.02374872584442471
1395640800,-0.047186795287204764
1395662400,-0.052117941059011005
1395684000,-0.04816003335140684
1395705600,-0.03472001577287892
1395727200,-0.031603432970387035
1395748800,-0.020728463515733937
1395770400,-0.00036241315799476204
1395792000,0.053215203885345896
1395813600,0.02151748729467134
1395835200,0.007847149271270469
1395856800,0.017003796974751777
1395878400,0.022714869988292766
1395900000,0.06110039814880086
1395921600,0.018752699061902647
1395943200,-0.030472427064705945
1395964800,-0.05202037939949298
1395986400,-0.05772581121810896
1396008000,-0.045082012639772
1396029600,-0.020512056398201986
1396051200,0.04017936324155441
1396072800,0.14649949469514045
1396094400,0.09217236575020726
1396116000,0.09681478101283432
1396137600,0.14056068189338208
1396159200,0.026776352454805974
1396180800,-0.04300667894755812
1396202400,-0.08019271602931297
1396224000,-0.0950089030465994
1396245600,-0.09359414760852625
1396267200,-0.07086007858780814
1396288800,-0.022210959570676633
1396310400,-0.07221239034521708
1396332000,-0.10202903222612235
1396353600,-0.09948714450627302
1396375200,-0.07747543752743206
1396396800,-0.0352273241698165
1396418400,-0.09205233530981041
1396440000,-0.11886438934107071
1396461600,-0.13815066804056522
1396483200,-0.14288430466773008
1396504800,-0.1418185863830951
1396526400,-0.13330830657908202
1396548000,-0.11816846206570496
1396569600,-0.08057347286033131
1396591200,-0.029492501848493002
1396612800,0.04635498385491985
1396634400,0.0393399958092784
1396656000,0.06836746162955067
1396677600,0.15234827523924466
1396699200,0.2976384784332857
1396720800,0.3098736155604315
1396742400,0.2810667016032591
1396764000,0.3387460571742835
1396785600,0.2723037108035433
1396807200,0.2835360073446814
1396828800,0.14747061409822265
1396850400,0.07496775637389612
1396872000,0.06149060796327563
1396893600,-0.0367357973982434
1396915200,-0.09948482950624335
1396936800,-0.13808075731238723
1396958400,-0.15470747262524018
1396980000,-0.1691190288932725
1397001600,-0.1732159108450601
1397023200,-0.17447458156836318
1397044800,-0.1680460882222294
1397066400,-0.1412025026724039
1397088000,-0.1023769794621043
1397109600,-0.043766984605187464
1397131200,-0.07802164566546807
1397152800,-0.09649137215318389
1397174400,-0.0958978652332318
1397196000,-0.07798398199839969
1397217600,-0.033003539210428826
1397239200,-0.07689657854416246
1397260800,-0.08583933255239865
1397282400,-0.07245617300719882
1397304000,-0.04515845966963168
1397325600,0.010458446612594235
1397347200,-0.011783899570948018
1397368800,0.011062260694327364
1397390400,0.07710867890739267
1397412000,0.20018539692426685
1397433600,0.16817042164390766
1397455200,0.2042929984686354
1397476800,0.30150619090299163
1397498400,0.2617608112045505
1397520000,0.2847518077894686
1397541600,0.1658057042641337
1397563200,0.11871026668266219
1397584800,0.0051779070849732045
1397606400,-0.07455407997644876
1397628000,-0.1268024613150192
1397649600,-0.15239528025925336
1397671200,-0.16142904239250375
1397692800,-0.1612138520983412
1397714400,-0.15546121804826912
1397736000,-0.1330777551735347
1397757600,-0.10024812941644756
1397779200,-0.03381457652808032
1397800800,-0.05954494779542049
1397822400,-0.05864546935306375
1397844000,-0.02336036211909356
1397865600,-0.011525405766484295
1397887200,0.03350154210778547
1397908800,-0.009176702463644507
1397930400,-0.04121548155831701
1397952000,-0.057028049333599715
1397973600,-0.02388272868363657
1397995200,0.012173014384682865
1398016800,-0.02819150109308723
1398038400,-0.03871845953490765
1398060000,-0.009272053383404227
1398081600,0.07331922682337438
1398103200,0.20958929180058924
1398124800,0.19768455686118852
1398146400,0.26278827100408697
1398168000,0.19514085342943294
1398189600,0.06981833605404439
1398211200,-0.004702608831876717
1398232800,-0.039042465996241865
1398254400,-0.035962935167765275
1398276000,-0.0037708278133075507
1398297600,-0.059552277915128904
1398319200,-0.09468970554174998
1398340800,-0.10076962787198263
1398362400,-0.07663036730785658
1398384000,-0.03492434681247311
1398405600,-0.0833585624021819
1398427200,-0.09942932500248346
1398448800,-0.08970875525665213
1398470400,-0.05484056782212232
1398492000,-0.0016947469830079637
1398513600,-0.029604753630643004
1398535200,-0.027034358786100388
1398556800,0.008619941560743097
1398578400,0.0663111588528562
1398600000,0.03717656237287331
1398621600,0.04457943388873787
1398643200,0.08541557648455061
1398664800,0.16558006193579988
1398686400,0.29577747882947336
1398708000,0.27960306962549836
1398729600,0.3253834650880755
1398751200,0.44475843885591215
1398772800,0.4236260685624122
1398794400,0.48147554499452483
1398816000,0.39450132970937635
1398837600,0.3751269744567025
1398859200,0.2908822381515085
1398880800,0.2481451265955102
1398902400,0.23153664708707367
1398924000,0.2384132255874708
1398945600,0.28660931738621964
1398967200,0.2419791441731696
1398988800,0.21573866773741227
1399010400,0.20359060712438834
1399032000,0.21692911168708937
1399053600,0.2385920718820086
1399075200,0.15583798707023555
1399096800,0.07239184726220935
1399118400,-0.024017575023198123
1399140000,-0.1538264208163845
1399161600,-0.22738223066886976
1399183200,-0.28145992107440243
1399204800,-0.31537584556989084
1399226400,-0.33358797511032223
1399248000,-0.3435193205804886
1399269600,-0.33947986214152254
1399291200,-0.3364828765278586
1399312800,-0.32595731093383634
1399334400,-0.3140924663042805
1399356000,-0.3003867977295747
1399377600,-0.2780493038249199
1399399200,-0.25716883778789845
1399420800,-0.23813201254603322
1399442400,-0.2169081399058392
1399464000,-0.19135953623764132
1399485600,-0.17252542906182936
1399507200,-0.1539750336197168
1399528800,-0.13720337047166958
1399550400,-0.11637126909105987
1399572000,-0.10336065036459495
1399593600,-0.08949214491725735
1399615200,-0.08238803531364891
1399636800,-0.0777760709805952
1399658400,-0.06273889507968569
1399680000,-0.05108308549175773
1399701600,-0.03975317571817215
1399723200,-0.025316468200133724
1399744800,-0.018472233137582977
1399766400,-0.010628532859896081
1399788000,-0.01125009182348341
1399809600,-0.0103526295516565
1399831200,-0.009357151551597722
1399852800,-0.0037417518526063702
1399874400,-0.00227542350721023
1399896000,-0.004467590444592754
1399917600,-0.011596988435911889
1399939200,-0.016028944552244205
1399960800,-0.01679598701164282
1399982400,-0.017693941676018073
1400004000,-0.012583200165764953
1400025600,-0.010213438896917627
1400047200,-0.0036016036727108637
1400068800,-0.0003000548917158133
1400090400,0.005634397441159587
1400112000,0.006620456795206179
1400133600,0.005282615538661908
1400155200,0.0057640978982636815
1400176800,0.008447170303156368
1400198400,0.006563713119384083
1400220000,0.0014559781406668134
1400241600,0.0034255475038076685
1400263200,0.0041094765402916785
1400284800,0.0011726425061759638
1400306400,-0.004376781315064913
1400328000,-0.00016315478076850323
1400349600,-0.0027036884604116525
1400371200,-0.0003633876623138177
1400392800,0.00018888481139910747
1400414400,-0.0008268477964223256
1400436000,-0.0021262970350159373
1400457600,0.00467040184277189
1400479200,0.0008581431691499115
1400500800,-0.0045940700072705735
1400522400,-0.008890813412645244
1400544000,-0.014324013195145039
1400565600,-0.011739182108954025
1400587200,-0.014660145679796968
1400608800,-0.013670385487100364
1400630400,-0.01474575578002338
1400652000,-0.01591135593584312
1400673600,-0.009219639988519157
1400695200,-0.0055758593888008984
1400716800,-0.004591947335142217
1400738400,-0.0015936910119344963
1400760000,0.006171764124144958
1400781600,0.008288660991085287
1400803200,0.011169535408909616
1400824800,0.01355008298470952
1400846400,0.020691862582983125
1400868000,0.020244874166570694
1400889600,0.020388593782781954
1400911200,0.01397610187493508
1400932800,0.005855069057948385
1400954400,0.008622480939939723
1400976000,0.008209132424896763
1400997600,0.007418775629578402
1401019200,0.010464664183973797
1401040800,0.0075439383085987
1401062400,0.007336409513826881
1401084000,0.000756744553718703
1401105600,-0.0023292138179620923
1401127200,-0.0039962723666259635
1401148800,-0.00015712751580285243
1401170400,0.00012145525835827783
1401192000,-0.0028649472875167774
1401213600,-0.010525465348032127
1401235200,-0.01531262316153183
1401256800,-0.016317264539092022
1401278400,-0.01737422338206856
1401300000,-0.012369995980519374
1401321600,-0.010071745810545976
1401343200,-0.0035081590813885585
1401364800,-0.00023951743643131108
1401386400,0.0056719665575268325
1401408000,0.0066412255198190825
1401429600,0.005289993597605091
1401451200,0.0057592965917253516
1401472800,0.008429401371845252
1401494400,0.006530059331273826
1401516000,0.0014009143515174745
1401537600,0.003340033561097611
1401559200,0.003979473107157815
1401580800,0.0009768061392769825
1401602400,-0.004670602246653803
1401624000,-0.0006031986216408743
1401645600,-0.003362199847181685
1401667200,-0.0013484783589120964
1401688800,-0.0012845134429825896
1401710400,-0.0030304502370341675
1401732000,-0.005421882291115681
1401753600,-0.0002582222262954067
1401775200,-0.006512681486793161
1401796800,-0.01561720774197156
1401818400,-0.025375998861664046
1401840000,-0.038977718127114314
1401861600,-0.04588379474477615
1401883200,-0.05654263756281755
1401904800,-0.06091077291581855
1401926400,-0.065849527469778
1401948000,-0.07000631656286666
1401969600,-0.06590970990317456
1401991200,-0.06489122858531136
1402012800,-0.06699532647011204
1402034400,-0.06803792545456204
1402056000,-0.06591006539207188
1402077600,-0.07195200857424082
1402099200,-0.07837415444940092
1402120800,-0.08523381237750381
1402142400,-0.08605211578042568
1402164000,-0.09175022067437859
1402185600,-0.09500670406491568
1402207200,-0.10354362484900195
1402228800,-0.11286582895957165
1402250400,-0.11057467115683906
1402272000,-0.11081698874587376
1402293600,-0.11076185612984785
1402315200,-0.10607375958535833
1402336800,-0.10628473308993598
1402358400,-0.0995364519844745
1402380000,-0.09105822234580466
1402401600,-0.06579800641208748
1402423200,-0.01844056769437058
1402444800,0.06317043424040342
1402466400,0.18547093221352318
1402488000,0.37150623562478696
1402509600,0.32386302829837266
1402531200,0.14152755959061925
1402552800,0.02661817539330799
1402574400,-0.04535214173526851
1402596000,-0.08006638934623345
1402617600,-0.09300313210523435
1402639200,-0.07769606708339578
1402660800,-0.042129417924611334
1402682400,0.027325923627708387
1402704000,0.13625867964232358
1402725600,0.30992571128756113
1402747200,0.2558848976492501
1402768800,0.29148898209860996
1402790400,0.09217433308650158
1402812000,-0.044643435486854705
1402833600,-0.1255105826633759
1402855200,-0.16918265570065794
1402876800,-0.18732842989811518
1402898400,-0.17969537901226307
1402920000,-0.1336718582894637
1402941600,-0.05677458648045369
1402963200,0.0754334161853899
1402984800,0.27570129091345
1403006400,0.25103795645477256
1403028000,0.32721407806459735
1403049600,0.1969769530674606
1403071200,0.14752567787637566
1403092800,0.1832931453038229
1403114400,-0.009330790260929561
1403136000,-0.13278546179661413
1403157600,-0.19989692918918428
1403179200,-0.2394079170990677
1403200800,-0.24719819112664493
1403222400,-0.23073405772603925
1403244000,-0.18528937172429022
1403265600,-0.09348217887381871
1403287200,0.04806599460718375
1403308800,0.26026584623979704
1403330400,0.25642217840699855
1403352000,0.36603895876610804
1403373600,0.2675339000011032
1403395200,0.2739353493057105
1403416800,0.3838370731354027
1403438400,0.28960042033810673
1403460000,0.2883537112666413
1403481600,0.06665389629247065
1403503200,-0.0885688458414049
1403524800,-0.19198198460335958
1403546400,-0.2486699489905778
1403568000,-0.2795367692434932
1403589600,-0.28430490420322596
1403611200,-0.25748037360161624
1403632800,-0.20485496453599614
1403654400,-0.11337827151846763
1403676000,0.020482325160793236
1403697600,0.22870748815911374
1403719200,0.2132609378376976
1403740800,0.30192041806933206
1403762400,0.1708725733757021
1403784000,0.12495233739038684
1403805600,0.1604323005773433
1403827200,-0.03613343728543139
1403848800,-0.16457762228163683
1403870400,-0.24669280393134133
1403892000,-0.2897031611465911
1403913600,-0.3104385376427955
1403935200,-0.307704206900221
1403956800,-0.2900088323611458
1403978400,-0.25153859503922854
1404000000,-0.19546518193914364
1404021600,-0.1146752703774237
1404043200,0.006109764810798224
1404064800,0.18695413240108055
1404086400,0.44974015764218506
1404108000,0.5155836296954304
1404129600,0.5044873454203158
1404151200,0.30694427881742914
1404172800,0.21666699697671438
1404194400,0.22293581815952118
1404216000,0.016018486446806535
1404237600,-0.12755907012740003
1404259200,-0.21555537219187926
1404280800,-0.2697317192576258
1404302400,-0.2973297227371632
1404324000,-0.2995595597258024
1404345600,-0.2644752714331132
1404367200,-0.20930595461655957
1404388800,-0.11463862948645348
1404410400,0.040059521542025134
1404432000,-0.04864703470999783
1404453600,-0.05390154746157247
1404475200,0.008833620808441078
1404496800,-0.16640723243019878
1404518400,-0.2858151730016669
1404540000,-0.3628576863997992
1404561600,-0.40253928272532413
1404583200,-0.42192121554082496
1404604800,-0.42170708787514083
1404626400,-0.39424095318601504
1404648000,-0.3290881817928093
1404669600,-0.2273163686368982
1404691200,-0.0651499900614877
1404712800,0.18708855696377685
1404734400,0.2508134409862218
1404756000,0.22000048084004287
1404777600,0.21992902328866293
1404799200,0.24069162227198862
1404820800,0.16617884497774496
1404842400,0.13041087840109764
1404864000,0.10922233390936692
1404885600,0.08841594383874882
1404907200,0.08339573334103142
1404928800,0.08457145713358177
1404950400,0.10698897478117467
1404972000,0.14216536165927432
1404993600,0.21314186717611375
1405015200,0.32270292894670377
1405036800,0.2762124045467333
1405058400,0.27833094253734847
1405080000,0.34099247587397774
1405101600,0.24569604163531894
1405123200,0.20675660420063455
1405144800,0.10073315590865331
1405166400,0.03319578545916086
1405188000,0.007446197146522134
1405209600,0.007525179000021934
1405231200,0.04290522956262974
1405252800,-0.015051094901741752
1405274400,-0.04349787618033002
1405296000,-0.05470209095699542
1405317600,-0.0392168454517442
1405339200,0.0031510910908975204
1405360800,-0.04178061118451853
1405382400,-0.06788027308359439
1405404000,-0.07815651581508049
1405425600,-0.11383234649796385
1405447200,-0.13146289277679524
1405468800,-0.1444209952780395
1405490400,-0.1545211678495357
1405512000,-0.14960099696133858
1405533600,-0.14519967717756727
1405555200,-0.12832049356983144
1405576800,-0.10410669607240237
1405598400,-0.06437965799911341
1405620000,3.397926330178658e-05
1405641600,0.10826357278016002
1405663200,0.25839649686916993
1405684800,0.25848372986772716
1405706400,0.338988612143928
1405728000,0.38188824898093254
1405749600,0.3044116597914696
1405771200,0.30566736603843303
1405792800,0.17062465322744105
1405814400,0.09752700698879674
1405836000,0.07622087460059046
1405857600,-0.014114428376671262
1405879200,-0.07255862789880983
1405900800,-0.11042209872497974
1405922400,-0.13105292838229862
1405944000,-0.1344359557422521
1405965600,-0.1359708807527871
1405987200,-0.12971980777214226
1406008800,-0.1169030942270999
1406030400,-0.09056667803396648
1406052000,-0.054286298585635356
1406073600,0.0007860017442483103
1406095200,-0.04906932050827908
1406116800,-0.07822035118564076
1406138400,-0.07264431649668507
1406160000,-0.05100612664263167
1406181600,-0.0023951428701358135
1406203200,-0.04457848769752374
1406224800,-0.06984928088809858
1406246400,-0.07287666623652976
1406268000,-0.06392467569379243
1406289600,-0.027752729252524533
1406311200,0.03421278982104506
1406332800,0.0168067867725204
1406354400,0.03327786326773001
1406376000,0.08549078708577051
1406397600,0.1811224877049214
1406419200,0.11799554102837198
1406440800,0.1167092726144491
1406462400,0.16813853414955462
1406484000,0.06310261207659026
1406505600,-0.004517932250060877
1406527200,-0.053311804305006136
1406548800,-0.0835261916759861
1406570400,-0.10322104245249142
1406592000,-0.11945185928627144
1406613600,-0.13135620618762778
1406635200,-0.13136585310323856
1406656800,-0.1135475569674755
1406678400,-0.08761025534080284
1406700000,-0.049428271306655766
1406721600,0.007209113552385557
1406743200,-0.03036366479132324
1406764800,-0.04476857197499351
1406786400,-0.03863823104348217
1406808000,-0.0018844076563014206
1406829600,0.05768047017497913
1406851200,0.037031135442893506
1406872800,0.0252996949358531
1406894400,0.03177057340968881
1406916000,0.07401868708032878
1406937600,0.040622356308474675
1406959200,0.03711445247660315
1406980800,0.06426937552304793
1407002400,0.13186468163768186
1407024000,0.25149469429875193
1407045600,0.22628154763179242
1407067200,0.2639516222089454
1407088800,0.15589345795696138
1407110400,0.0983110738842732
1407132000,0.09404933000625262
1407153600,0.0193211861794811
1407175200,-0.01686238751059465
1407196800,-0.0343517396844102
1407218400,-0.03479761725749471
1407240000,-0.0027988329999757977
1407261600,-0.06911460430475891
1407283200,-0.10660681963826461
1407304800,-0.12954765894911313
1407326400,-0.13823979327103147
1407348000,-0.14061598376168696
1407369600,-0.13719909142400527
1407391200,-0.14963312457024566
1407412800,-0.1530295805167163
1407434400,-0.15204920122318843
1407456000,-0.15855350898483508
1407477600,-0.16047862962230663
1407499200,-0.1549059197925363
1407520800,-0.15401599265274107
1407542400,-0.14213818453130111
1407564000,-0.13288727082549753
1407585600,-0.114757934843703
1407607200,-0.08549551090792207
1407628800,-0.03398423694383068
1407650400,0.04251131359651783
1407672000,0.15264075680465825
1407693600,0.3115893745045744
1407715200,0.3301080509078329
1407736800,0.3090464560282278
1407758400,0.36907909780446724
1407780000,0.3004974822103187
1407801600,0.3091641213374213
1407823200,0.18020849586578952
1407844800,0.10906334955783259
1407866400,0.09328311066390313
1407888000,-0.005842346420741662
1407909600,-0.07674177768955234
1407931200,-0.12367583757495393
1407952800,-0.15317657811278648
1407974400,-0.17684937382292878
1407996000,-0.196960445978241
1408017600,-0.20468561543553654
1408039200,-0.21096129024731908
1408060800,-0.21899741994847557
1408082400,-0.2231115551211354
1408104000,-0.21554300939338875
1408125600,-0.21089774517468887
1408147200,-0.195786247154491
1408168800,-0.17588083943368985
1408190400,-0.14736563405850378
1408212000,-0.0994232124112425
1408233600,-0.02439178020146667
1408255200,-0.05206654183140719
1408276800,-0.055397583158993485
1408298400,-0.027191854517103764
1408320000,0.03733356765018799
1408341600,0.03341116082396013
1408363200,0.07470647355573033
1408384800,0.17201941081951935
1408406400,0.33484980257849317
1408428000,0.36942633859172336
1408449600,0.3886276859219794
1408471200,0.2855791062180576
1408492800,0.2606470037568658
1408514400,0.3168792274548154
1408536000,0.24295976755990162
1408557600,0.11239416684508738
1408579200,0.034474138858409525
1408600800,-0.004306323504814991
1408622400,-0.003115978331138844
1408644000,0.024414785541400946
1408665600,-0.0355799499331612
1408687200,-0.07401693540393711
1408708800,-0.09260248111041615
1408730400,-0.07363938274030105
1408752000,-0.03741711483518245
1408773600,-0.09756773082238945
1408795200,-0.1286891746293879
1408816800,-0.14975331268077202
1408838400,-0.15717736262516352
1408860000,-0.15849814024529407
1408881600,-0.14147081095059627
1408903200,-0.10215796223117501
1408924800,-0.04052034713754496
1408946400,0.041855412353089615
1408968000,0.04046914026234544
1408989600,0.07535510799139322
1409011200,0.1485627971974192
1409032800,0.2934380718272811
1409054400,0.3026673385451753
1409076000,0.28204319391572014
1409097600,0.12058440911301138
1409119200,0.02518999404271209
1409140800,-0.035357919844647354
1409162400,-0.05694029004319088
1409184000,-0.0819690471831797
1409205600,-0.1077747907851559
1409227200,-0.11498611444049225
1409248800,-0.14402359396247788
1409270400,-0.159606340002963
1409292000,-0.17644640399212447
1409313600,-0.18208258837756383
1409335200,-0.18423504442275002
1409356800,-0.18836875897122835
1409378400,-0.19270365880988213
1409400000,-0.18079182728025922
1409421600,-0.16339829862436198
1409443200,-0.13497181059598579
1409464800,-0.0962460501506889
1409486400,-0.040021485801206624
1409508000,-0.0788725493654702
1409529600,-0.08496767455421425
1409551200,-0.08001140567117951
1409572800,-0.052693993521551616
1409594400,0.006912497748536417
1409616000,-0.02017195347272424
1409637600,-0.0008796960803907766
1409659200,0.05267812674589209
1409680800,0.16424464019303442
1409702400,0.3406178115944054
1409724000,0.38537367454810506
1409745600,0.41012738269251825
1409767200,0.30706563194496994
1409788800,0.28226189701021737
1409810400,0.32700847340674155
1409832000,0.24041293312922019
1409853600,0.09608668847933852
1409875200,0.0042963290693501105
1409896800,-0.04689317408524045
1409918400,-0.06220023231639463
1409940000,-0.0592991949188256
1409961600,-0.026903527381047607
1409983200,-0.09258866026942775
1410004800,-0.13349613021909656
1410026400,-0.1423738595929645
1410048000,-0.13589040740466218
1410069600,-0.11082928268541704
1410091200,-0.060142600474015984
1410112800,-0.1109039850840643
1410134400,-0.1384238031419609
1410156000,-0.14933426194141125
1410177600,-0.14156668296178215
1410199200,-0.13221076097475265
1410220800,-0.09958156270874863
1410242400,-0.04019438546836157
1410264000,-0.07435903905791524
1410285600,-0.09666804228503349
1410307200,-0.09015982976685312
1410328800,-0.048566372437307576
1410350400,0.029772163279166656
1410372000,0.03851568457969283
1410393600,0.09512476168499681
1410415200,0.2127961721104366
1410436800,0.17490475078763817
1410458400,0.20577579306116084
1410480000,0.2955421252440221
1410501600,0.2413678479206997
1410523200,0.26879960650109175
1410544800,0.15528749237785877
1410566400,0.0900257114968685
1410588000,0.07058888422646747
1410609600,-0.018410201679104773
1410631200,-0.07584442646382356
1410652800,-0.117500393770162
1410674400,-0.1457029885038143
1410696000,-0.15039568655482746
1410717600,-0.1491927939475606
1410739200,-0.12925852231982807
1410760800,-0.09520856870919715
1410782400,-0.06677705897115999
1410804000,-0.011780822888727394
1410825600,-0.039807341051782075
1410847200,-0.04460433357202118
1410868800,-0.020572390478232366
1410890400,0.035746300226151176
1410912000,0.00754538144704596
1410933600,-0.03246791141291482
1410955200,-0.04919149486920132
1410976800,-0.02675064789361803
1410998400,0.026263193159835732
1411020000,-0.005084483099544259
1411041600,-0.006704529401814374
1411063200,0.023330673944770466
1411084800,0.08671457098445362
1411106400,0.2022298672016815
1411128000,0.16992684967195076
1411149600,0.19782475051788706
1411171200,0.07156398369592418
1411192800,-0.008644554079503333
1411214400,-0.04940094042546314
1411236000,-0.07045345933973371
1411257600,-0.1073120438339764
1411279200,-0.13471674639095926
1411300800,-0.14939220037198617
1411322400,-0.14292521372254524
1411344000,-0.12650799134944443
1411365600,-0.09805605091516505
1411387200,-0.04447862591052318
1411408800,-0.09400517100437887
1411430400,-0.12063477422613839
1411452000,-0.14566238407122048
1411473600,-0.15458263114265475
1411495200,-0.1511408004089273
1411516800,-0.13192174816522523
1411538400,-0.10332326845806358
1411560000,-0.06461150789813931
1411581600,-0.006036857846158476
1411603200,-0.034240612670661544
1411624800,-0.02439736107426059
1411646400,0.021842529058823695
1411668000,0.11663232595195738
1411689600,0.26402943112371574
1411711200,0.271931913878745
1411732800,0.3567643229264436
1411754400,0.4129939704974014
1411776000,0.34140145529978044
1411797600,0.35453755159789735
1411819200,0.23347370635838138
1411840800,0.1858061858309167
1411862400,0.06731401601798248
1411884000,-0.012637058004591847
1411905600,-0.05184723107691258
1411927200,-0.0672778414089329
1411948800,-0.060859350515185096
1411970400,-0.029213612576225498
1411992000,-0.08018213202176637
1412013600,-0.10974520117147717
1412035200,-0.11687639644766068
1412056800,-0.10842872660003096
1412078400,-0.08457073889357264
1412100000,-0.04091692160820962
1412121600,-0.084205841861522
1412143200,-0.11244272171262402
1412164800,-0.12668191882770594
1412186400,-0.12313497179121793
1412208000,-0.10184401238178749
1412229600,-0.049234808872474445
1412251200,-0.09823613042848273
1412272800,-0.11521997312688076
1412294400,-0.11281899075516731
1412316000,-0.0881846779042888
1412337600,-0.028973801877596808
1412359200,-0.06679886920934258
1412380800,-0.08177669035551569
1412402400,-0.06762081119614084
1412424000,-0.030641170766017384
1412445600,0.018148982530860724
1412467200,0.10650024378367334
1412488800,0.2397418375046291
1412510400,0.22348474608557117
1412532000,0.26399649973567746
1412553600,0.1548010070592658
1412575200,0.09495646237589006
1412596800,0.08603976534265861
1412618400,0.008983959603521247
1412640000,-0.036058050150076223
1412661600,-0.0511662228900681
1412683200,-0.04097867570751386
1412704800,-0.0073481715837555445
1412726400,-0.06588958068773625
1412748000,-0.10944032752674336
1412769600,-0.1337068531835178
1412791200,-0.14198077283532617
1412812800,-0.1359095077455664
1412834400,-0.12057099648406008
1412856000,-0.10398413227630751
1412877600,-0.07226414945197276
1412899200,-0.017047452166266824
1412920800,-0.05206036364887816
1412942400,-0.0601908230260784
1412964000,-0.040326025372053
1412985600,0.009763320653831342
1413007200,0.09874440937031967
1413028800,0.10559403110273596
1413050400,0.16292285656535355
1413072000,0.27506334798374477
1413093600,0.2411034357376161
1413115200,0.27623527479758425
1413136800,0.17385154338537362
1413158400,0.13322278649105881
1413180000,0.023995115181574517
1413201600,-0.03887191406480642
1413223200,-0.07911244641365799
1413244800,-0.10082089693777982
1413266400,-0.10414628052850503
1413288000,-0.09777071197313397
1413309600,-0.08843438973290897
1413331200,-0.05113871755469912
1413352800,-0.03625106569300482
1413374400,-0.07766135620228604
1413396000,-0.10012092857866145
1413417600,-0.09748222192081211
1413439200,-0.09567099491347228
1413460800,-0.0723445059000743
1413482400,-0.03297599472088113
1413504000,-0.09008220999095512
1413525600,-0.1119152585828738
1413547200,-0.12393738860186287
1413568800,-0.119196969052116
1413590400,-0.09506496452415632
1413612000,-0.05446604005043343
1413633600,0.018999526090963753
1413655200,0.12779105663698886
1413676800,0.2887782881086495
1413698400,0.3094248301416701
1413720000,0.2943960664915858
1413741600,0.3588374084424588
1413763200,0.28816837438726955
1413784800,0.2877475784070171
1413806400,0.1416659156277698
1413828000,0.04341054838962405
1413849600,-0.02314343963184025
1413871200,-0.07398952366780319
1413892800,-0.1106419146385856
1413914400,-0.12468315084890882
1413936000,-0.13326549162923057
1413957600,-0.12919899554762435
1413979200,-0.12282210754419944
1414000800,-0.1225009415346352
1414022400,-0.11336100133170587
1414044000,-0.10086112626480748
1414065600,-0.07393980013389696
1414087200,-0.02203948610276893
1414108800,-0.06206951540410438
1414130400,-0.08267332918287229
1414152000,-0.08868386646855753
1414173600,-0.08282735830597004
1414195200,-0.05816812307443735
1414216800,-0.006611736043079311
1414238400,-0.04996207275866971
1414260000,-0.0637935526472344
1414281600,-0.05864940359035914
1414303200,-0.02465933366527151
1414324800,0.03503130975847372
1414346400,0.008049594250231967
1414368000,0.007327435522890884
1414389600,0.03522479769485165
1414411200,0.09965917799585555
1414432800,0.2097627399377474
1414454400,0.15152882583647603
1414476000,0.14093554301953634
1414497600,0.1839665492400654
1414519200,0.06142922272014556
1414540800,-0.02657720437903771
1414562400,-0.0890572121915697
1414584000,-0.12017730289331786
1414605600,-0.1420729011006126
1414627200,-0.1402544883935746
1414648800,-0.1270766181235818
1414670400,-0.10250263091743905
1414692000,-0.05357758007617587
1414713600,-0.0944925672602505
1414735200,-0.12661158030817393
1414756800,-0.14853618617390923
1414778400,-0.16160918985961054
1414800000,-0.1708782301573778
1414821600,-0.1581883698224413
1414843200,-0.1431265713782202
1414864800,-0.11193460223318166
1414886400,-0.0664614787584013
1414908000,0.007863344462446182
1414929600,0.0033213646995201088
1414951200,0.026041099065084214
1414972800,0.08292744705670083
1414994400,0.06458961903879015
1415016000,0.10000665087712104
1415037600,0.17514333239573585
1415059200,0.31769536740552856
1415080800,0.32726080708440536
1415102400,0.30831631917389357
1415124000,0.37374827526989796
1415145600,0.3150033410917771
1415167200,0.34011740981727506
1415188800,0.2332874671624326
1415210400,0.08990751695737634
1415232000,-0.010863847661929396
1415253600,-0.0691753303302416
1415275200,-0.1053256707212692
1415296800,-0.1287394903960376
1415318400,-0.1294825559386831
1415340000,-0.16155877812510835
1415361600,-0.17754698134031638
1415383200,-0.18299208996485006
1415404800,-0.17380966727049818
1415426400,-0.15765107617981006
1415448000,-0.13893081667310847
1415469600,-0.10211705481024975
1415491200,-0.05221907591063628
1415512800,-0.08969182418128326
1415534400,-0.09509617196500775
1415556000,-0.09989986287609681
1415577600,-0.08489096780707782
1415599200,-0.035181145752252174
1415620800,0.03979263018055623
1415642400,0.16048685130548934
1415664000,0.3386236717398664
1415685600,0.3813748662935787
1415707200,0.39807457226426546
1415728800,0.29192602456262656
1415750400,0.25778761785779225
1415772000,0.2928607139888896
1415793600,0.18952936986996308
1415815200,0.15183759199885222
1415836800,0.037622612707862796
1415858400,-0.04431160942560276
1415880000,-0.08888780135366767
1415901600,-0.12550556797574378
1415923200,-0.14903021704847327
1415944800,-0.16441616883208116
1415966400,-0.16877308246063574
1415988000,-0.16664944086732353
1416009600,-0.1490539882151331
1416031200,-0.1329907489876009
1416052800,-0.10760563721736553
1416074400,-0.06020768808318981
1416096000,-0.11509453924493433
1416117600,-0.14552955286092917
1416139200,-0.1689035419069935
1416160800,-0.1778670119286777
1416182400,-0.18451389037300076
1416204000,-0.18658588157203215
1416225600,-0.1783152247386416
1416247200,-0.17277394255080133
1416268800,-0.16588222774965786
1416290400,-0.1485613450201259
1416312000,-0.12050053446873682
1416333600,-0.08452785860123024
1416355200,-0.03561417932515562
1416376800,0.030755090654776884
1416398400,0.13149791439599645
1416420000,0.26612893650316355
1416441600,0.24127044391846114
1416463200,0.26642645607907556
1416484800,0.36218461927328094
1416506400,0.3282727391910367
1416528000,0.3680070278944102
1416549600,0.27142680878724246
1416571200,0.12498701661967304
1416592800,0.021191191232726475
1416614400,-0.04582626977626886
1416636000,-0.09656035001572949
1416657600,-0.12413974099705016
1416679200,-0.1402658136594032
1416700800,-0.14514514326863734
1416722400,-0.15050587850161878
1416744000,-0.1562051727674134
1416765600,-0.15755661180941186
1416787200,-0.15774967448755534
1416808800,-0.1522363428654711
1416830400,-0.1423904740057992
1416852000,-0.12010854008473199
1416873600,-0.09340007771095711
1416895200,-0.04055243322334906
1416916800,0.02991004925851451
1416938400,0.01292422983117741
1416960000,0.02396626405915378
1416981600,0.06953673584108194
1417003200,0.03463829475021603
1417024800,0.04124776461466881
1417046400,0.08744162488441942
1417068000,0.16536727489507044
1417089600,0.2805013865662045
1417111200,0.24906576477640813
1417132800,0.22477567166502108
1417154400,0.24096294402320545
1417176000,0.11639163004845268
1417197600,0.036584517951217393
1417219200,-0.002784420368553489
1417240800,-0.021001611553409225
1417262400,-0.06853066704038999
1417284000,-0.09312453307288118
1417305600,-0.11419343465653373
1417327200,-0.1371728084971518
1417348800,-0.15624061079931548
1417370400,-0.1669159472879115
1417392000,-0.17177542779912433
1417413600,-0.16344376036989602
1417435200,-0.14968796800167727
1417456800,-0.1233496091795992
1417478400,-0.0830950239462967
1417500000,-0.020962420740729383
1417521600,-0.044597334484121814
1417543200,-0.03986746501418987
1417564800,-0.03737277906394881
1417586400,-0.005284856857045217
1417608000,0.05750320128583195
1417629600,0.028131103790224585
1417651200,0.032584439357867624
1417672800,0.0633413454419415
1417694400,0.13278124993732576
1417716000,0.24364142176302406
1417737600,0.19854509215338703
1417759200,0.20599651836824912
1417780800,0.2726407088838396
1417802400,0.1954966433707318
1417824000,0.17207199748685054
1417845600,0.07448386468487528
1417867200,0.019943798118134855
1417888800,-0.009141182762101251
1417910400,-0.008399505780371984
1417932000,0.014357713561424734
1417953600,-0.05052784400944875
1417975200,-0.08301074241230894
1417996800,-0.09848167358933581
1418018400,-0.10119565918512768
1418040000,-0.0872255866806224
1418061600,-0.05281368526612615
1418083200,-0.11491353117439392
1418104800,-0.15311147746253756
1418126400,-0.17845527013561385
1418148000,-0.18500329731297618
1418169600,-0.18860221538872218
1418191200,-0.18389145405012475
1418212800,-0.1773947801712265
1418234400,-0.16259679234879124
1418256000,-0.1432865548670217
1418277600,-0.12733780276383083
1418299200,-0.09809900327881362
1418320800,-0.04878928798937754
1418342400,0.021571293716278805
1418364000,-0.0014420365182260704
1418385600,0.010244230903877438
1418407200,0.05204284076716406
1418428800,0.1334060752279344
1418450400,0.2636842718100493
1418472000,0.25233949601825434
1418493600,0.30525079762284046
1418515200,0.22101168859074605
1418536800,0.20615393149854694
1418558400,0.26476634282564915
1418580000,0.179551716979863
1418601600,0.04462961484990979
1418623200,-0.05397652928641941
1418644800,-0.12161050052131595
1418666400,-0.15947563651924757
1418688000,-0.18329851244791476
1418709600,-0.19260600239532918
1418731200,-0.19771744899294083
1418752800,-0.19155794307903373
1418774400,-0.17782169753838767
1418796000,-0.15088277305761483
1418817600,-0.08929519949797667
1418839200,-0.1251626683285201
1418860800,-0.14124785307718193
1418882400,-0.1326841434545021
1418904000,-0.09883898436001645
1418925600,-0.051294502947349746
1418947200,-0.09078648799110037
1418968800,-0.09298133450165957
1418990400,-0.06350687014077518
1419012000,-0.016889397045760757
1419033600,0.05020367357030402
1419055200,0.03665559194499879
1419076800,0.06897469914950588
1419098400,0.17442654632388171
1419120000,0.33828318328501916
1419141600,0.37899958754871543
1419163200,0.4056271308252195
1419184800,0.31426224761340454
1419206400,0.328017305514696
1419228000,0.3531537777234939
1419249600,0.26280779781173635
1419271200,0.13858993322626698
1419292800,0.035719887978764436
1419314400,-0.0259564287492799
1419336000,-0.04837144867862647
1419357600,-0.03451184998117959
1419379200,-0.09853997114232713
1419400800,-0.11876658717492669
1419422400,-0.11471706007114417
1419444000,-0.06687316865221674
1419465600,-0.10763063715657978
1419487200,-0.11836096116920952
1419508800,-0.09908599436441608
1419530400,-0.053100759534756875
1419552000,0.019837061846059396
1419573600,0.013462433065013019
1419595200,-0.06361956773107603
1419616800,-0.10358302607226294
1419638400,-0.13083464653006638
1419660000,-0.13230406526731264
1419681600,-0.10588038406248754
1419703200,-0.04810627595669073
1419724800,0.041491610000163326
1419746400,0.18171551101128006
1419768000,0.18471268368443838
1419789600,0.2537648292210021
1419811200,0.18738187574946313
1419832800,0.186907315488475
1419854400,0.2588998747344049
1419876000,0.18912036814139063
1419897600,0.07202001775472772
1419919200,-0.006973951560619002
1419940800,-0.05088884206296892
1419962400,-0.06034443781477662
1419984000,-0.03996091945369672
1420005600,-0.10203315461402265
1420027200,-0.14613015118932177
1420048800,-0.1728348093453435
1420070400,-0.19357487465372814
1420092000,-0.20118498536279647
1420113600,-0.19666883891892942
1420135200,-0.18312288195383578
1420156800,-0.1687993190003973
1420178400,-0.1365232314930042
1420200000,-0.08781753549843002
1420221600,-0.027469680563749238
1420243200,-0.06307592968830295
1420264800,-0.07848852466214863
1420286400,-0.06778985413270046
1420308000,-0.0536023799895927
1420329600,-0.023590646363448778
1420351200,0.028072442534425923
1420372800,-0.01028089233982515
1420394400,-0.0025304961823535282
1420416000,0.03482311798109021
1420437600,0.10574194021863231
1420459200,0.23105422102586057
1420480800,0.19304669918713185
1420502400,0.2199377957434228
1420524000,0.30506205664398317
1420545600,0.2455128309751332
1420567200,0.25197321189714367
1420588800,0.11061431846306705
1420610400,0.01196340800991555
1420632000,-0.052181146676042
1420653600,-0.09644854496372385
1420675200,-0.11844315101378503
1420696800,-0.11492578218144087
1420718400,-0.0932171022571572
1420740000,-0.04335403014705479
1420761600,-0.0924998729612145
1420783200,-0.11583439865864992
1420804800,-0.126068850426686
1420826400,-0.1134454551295772
1420848000,-0.08832735094307666
1420869600,-0.042796046022179
1420891200,-0.09316073018526001
1420912800,-0.12130782616897588
1420934400,-0.13478655655443872
1420956000,-0.13728660799934458
1420977600,-0.12930105644467638
1420999200,-0.11760855156835366
1421020800,-0.10140489596866599
1421042400,-0.08443139778662825
1421064000,-0.04255514184853437
1421085600,0.019165105964166047
1421107200,-0.001498238312816244
1421128800,0.003632675780574239
1421150400,0.035093074810681024
1421172000,0.11259721516321772
1421193600,0.2337406638098018
1421215200,0.1929107527241131
1421236800,0.2217099375920747
1421258400,0.3075274355553777
1421280000,0.2535750932424662
1421301600,0.15921180176031632
1421323200,0.08184917308062177
1421344800,0.04646440209011188
1421366400,-0.007400356070034614
1421388000,-0.04429959383351733
1421409600,-0.05544010803944789
1421431200,-0.040175388249971314
1421452800,-0.027128406611816647
1421474400,0.016080320015324126
1421496000,-0.02716144776983611
1421517600,-0.047833680397849604
1421539200,-0.04510379442911795
1421560800,-0.026576231327490554
1421582400,0.026393229758350623
1421604000,-0.02104043726075358
1421625600,-0.061151847518446566
1421647200,-0.08387729395953798
1421668800,-0.09786893482904552
1421690400,-0.08341661459673855
1421712000,-0.0551559927576505
1421733600,-0.002313714296602265
1421755200,0.08649645939353195
1421776800,0.21921380545178906
1421798400,0.199023966290309
1421820000,0.24057306857133373
1421841600,0.13844419831049345
1421863200,0.10402228904681543
1421884800,0.0041593814926729755
1421906400,-0.06120038869561113
1421928000,-0.10527042427871702
1421949600,-0.14465871568634397
1421971200,-0.1708860682149123
1421992800,-0.18688176824318933
1422014400,-0.19806209122466156
1422036000,-0.19413289896646055
1422057600,-0.1928354736239232
1422079200,-0.1827659413414395
1422100800,-0.17034827297918675
1422122400,-0.1492143389964521
1422144000,-0.12942660893987182
1422165600,-0.09638715148743571
1422187200,-0.05492869689386824
1422208800,0.006577434072004951
1422230400,-0.028187434297631975
1422252000,-0.041461954473111615
1422273600,-0.030612451186116656
1422295200,-0.001951212352737819
1422316800,0.051731586466647383
1422338400,0.019352983840276623
1422360000,0.030785789770635202
1422381600,0.07890594765671488
1422403200,0.16837364404780358
1422424800,0.31852358580957063
1422446400,0.32897599842334435
1422468000,0.3000453678134438
1422489600,0.3628319518655359
1422511200,0.27910136758395865
1422532800,0.27104122145209536
1422554400,0.1163924080297293
1422576000,0.003353507065989414
1422597600,-0.0603255405965307
1422619200,-0.10601415888463844
1422640800,-0.12739438382301838
1422662400,-0.13258387882422462
1422684000,-0.11837543195256028
1422705600,-0.07037616529776623
1422727200,-0.12057915934037772
1422748800,-0.15064017631665785
1422770400,-0.15999055563189066
1422792000,-0.14750527645665396
1422813600,-0.11780427869379843
1422835200,-0.06437665482094197
1422856800,-0.10599169726336384
1422878400,-0.1174218397643552
1422900000,-0.11546671864937916
1422921600,-0.09303272310437297
1422943200,-0.048221262594270314
1422964800,-0.09869362513143486
1422986400,-0.11583646849262187
1423008000,-0.11552399250615156
1423029600,-0.08978117819086023
1423051200,-0.038408893163781654
1423072800,0.03525167192741839
1423094400,0.02954841457626979
1423116000,0.06289159928512526
1423137600,0.13431583118140922
1423159200,0.26146874745094983
1423180800,0.2513466841544168
1423202400,0.3169892942790219
1423224000,0.2430488733088348
1423245600,0.24679478919884706
1423267200,0.3016999123791222
1423288800,0.22612204872450542
1423310400,0.10195958585448939
1423332000,0.035901408755225246
1423353600,0.013915510939019014
1423375200,0.030434406998098323
1423396800,-0.039158048157907244
1423418400,-0.07409095539854976
1423440000,-0.0871561693773873
1423461600,-0.07790959063531612
1423483200,-0.039840815489827874
1423504800,-0.09423213121981089
1423526400,-0.1271880854479432
1423548000,-0.14681024859173233
1423569600,-0.14725666997178394
1423591200,-0.14905943166399563
1423612800,-0.14331290588282197
1423634400,-0.14371966850345008
1423656000,-0.12045641602197685
1423677600,-0.098145227302532
1423699200,-0.07229413797398365
1423720800,-0.018970658638007898
1423742400,0.07378559363742129
1423764000,0.19430091048684955
1423785600,0.17052796887192673
1423807200,0.20621918841922082
1423828800,0.09311322617562277
1423850400,0.03960649416265395
1423872000,0.03953176588830323
1423893600,-0.028376446153374882
1423915200,-0.0636983152518116
1423936800,-0.06117260496019669
1423958400,-0.02802170587526205
1423980000,-0.0842341749739865
1424001600,-0.09947262412239359
1424023200,-0.0924220568961962
1424044800,-0.07546143493160665
1424066400,-0.02901365472653751
1424088000,-0.0716749743787304
1424109600,-0.09545167849392276
1424131200,-0.09935669406677786
1424152800,-0.0898530865862939
1424174400,-0.05486172187615451
1424196000,-0.0045256030496823585
1424217600,-0.04700695114921738
1424239200,-0.06971558812176129
1424260800,-0.07121490295365795
1424282400,-0.037991040619360344
1424304000,0.02479756319272587
1424325600,0.0007823455795478232
1424347200,0.017793056200358967
1424368800,0.06917194000305119
1424390400,0.17622924308964658
1424412000,0.34338043136427077
1424433600,0.38258040312146185
1424455200,0.3958465895687131
1424476800,0.2898224638306311
1424498400,0.26014334998366284
1424520000,0.30351563897101297
1424541600,0.20294923650863084
1424563200,0.04956232832557511
1424584800,-0.04877374853215269
1424606400,-0.11726398887825533
1424628000,-0.1552088430362592
1424649600,-0.17994368955297968
1424671200,-0.19047655811880826
1424692800,-0.19297523594218297
1424714400,-0.1879637155601304
1424736000,-0.1828536494351126
1424757600,-0.17317883250256752
1424779200,-0.15197138771252106
1424800800,-0.11597365599155825
1424822400,-0.06064144747547019
1424844000,-0.106508464072832
1424865600,-0.12564307896447843
1424887200,-0.13026222616226324
1424908800,-0.11852528258852493
1424930400,-0.09099169134179169
1424952000,-0.029698155933985088
1424973600,-0.0689265596079293
1424995200,-0.07604792364909865
1425016800,-0.060958612980264754
1425038400,-0.021339605235436876
1425060000,0.05166487918688016
1425081600,0.050901842203557826
1425103200,0.08500028725400954
1425124800,0.15868755523984054
1425146400,0.29170957969875894
1425168000,0.2776150496112007
1425189600,0.3459644101237458
1425211200,0.27220883413502
1425232800,0.26613554982638565
1425254400,0.11129714058643597
1425276000,0.00998775411744715
1425297600,-0.04505391882047926
1425319200,-0.07437076103456616
1425340800,-0.08050726358837093
1425362400,-0.06359189769542342
1425384000,-0.01614513161176126
1425405600,-0.06804989344234537
1425427200,-0.1095544626947425
1425448800,-0.1325144074849688
1425470400,-0.14266965531402823
1425492000,-0.14978796720922752
1425513600,-0.1492540531417859
1425535200,-0.142670599796349
1425556800,-0.12746346248344156
1425578400,-0.08819949706337299
1425600000,-0.0355470004049141
1425621600,-0.0813187203745859
1425643200,-0.10721047514140497
1425664800,-0.12282516694086879
1425686400,-0.11758968682809573
1425708000,-0.10553983715086393
1425729600,-0.06820200981959827
1425751200,-0.00921639604773744
1425772800,0.08525432765194174
1425794400,0.22913680272325004
1425816000,0.3157963137649444
1425837600,0.26155802629535063
1425859200,0.2907078694336749
1425880800,0.18626812322866432
1425902400,0.15431663461045034
1425924000,0.06687668524231946
1425945600,-0.0019619323370263786
1425967200,-0.03460970833258005
1425988800,-0.03759654842491382
1426010400,-0.0001872365001097942
1426032000,-0.05618922137981205
1426053600,-0.08218805497451126
1426075200,-0.08692596105271516
1426096800,-0.06981174239601247
1426118400,-0.03643750002982846
1426140000,-0.10115058399836356
1426161600,-0.14097245081146498
1426183200,-0.1664562064592794
1426204800,-0.18344671618182828
1426226400,-0.19205112404814284
1426248000,-0.176019675145627
1426269600,-0.1560118939240961
1426291200,-0.11991901299590921
1426312800,-0.0621336391082328
1426334400,0.012647905302390267
1426356000,0.0013940357995512465
1426377600,0.02630255432589143
1426399200,0.0786423622914082
1426420800,0.17965616107098786
1426442400,0.35504615400443623
1426464000,0.4019642114811376
1426485600,0.4332930767273494
1426507200,0.34032473080704945
1426528800,0.3384881869854238
1426550400,0.19685188183645355
1426572000,0.1238409482393718
1426593600,0.1110517766392678
1426615200,0.02051373626214935
1426636800,-0.03465092673246213
1426658400,-0.0643103815176263
1426680000,-0.06462326304876642
1426701600,-0.04410740203322616
1426723200,0.0016772743859025663
1426744800,-0.04593817887982386
1426766400,-0.062197211138961844
1426788000,-0.0656003101764343
1426809600,-0.049420141825156444
1426831200,-0.01805943005293037
1426852800,-0.08683343903977277
1426874400,-0.12527786829598242
1426896000,-0.15430969766011687
1426917600,-0.17434825227262943
1426939200,-0.18373294844879992
1426960800,-0.1944442196074374
1426982400,-0.19495650655797567
1427004000,-0.19949168180721405
1427025600,-0.19742924293575068
1427047200,-0.1897842687641717
1427068800,-0.1725982320336972
1427090400,-0.14623263597530678
1427112000,-0.11512716547053779
1427133600,-0.0764473445905515
1427155200,-0.010253736874655084
1427176800,0.08840135046499428
1427198400,0.2312595049116519
1427220000,0.22528266545408315
1427241600,0.2817588228173995
1427263200,0.19751748069080982
1427284800,0.17118797269142144
1427306400,0.14640458048262167
1427328000,0.04591619605035094
1427349600,-0.02337039754440523
1427371200,-0.0631853921198689
1427392800,-0.08283825228019623
1427414400,-0.09337151399842304
1427436000,-0.10493038506153476
1427457600,-0.09516451518941284
1427479200,-0.07076698236593316
1427500800,-0.0371263709047685
1427522400,0.010558735662092672
1427544000,-0.02305086874781912
1427565600,-0.04676469624007419
1427587200,-0.04848625046164648
1427608800,-0.024792549534086633
1427630400,0.025228108813758907
1427652000,-0.014278339111589457
1427673600,-0.02163338531399124
1427695200,-0.017660196161851285
1427716800,0.020278351348169785
1427738400,0.0815290868818328
1427760000,0.06536452633589841
1427781600,0.10404989786122637
1427803200,0.1941981941917544
1427824800,0.13739944150357555
1427846400,0.14670691505263478
1427868000,0.2101861119624235
1427889600,0.13334429503858303
1427911200,0.11357247483581187
1427932800,0.023287236413234394
1427954400,-0.027281517425595432
1427976000,-0.034617867802962186
1427997600,-0.01656186331986141
1428019200,0.014925585972195662
1428040800,-0.042179923425552095
1428062400,-0.06979374211066346
1428084000,-0.08001254076375847
1428105600,-0.06927007292971601
1428127200,-0.03757070113049321
1428148800,-0.10297372698391613
1428170400,-0.1352299973038529
1428192000,-0.15553194914243038
1428213600,-0.16517631265247226
1428235200,-0.16177952740361318
1428256800,-0.15500976856080445
1428278400,-0.13051279063498022
1428300000,-0.10108136040881212
1428321600,-0.05236551393478206
1428343200,0.02914671881789222
1428364800,0.03088182636153397
1428386400,0.06423216975075804
1428408000,0.11961359019659146
1428429600,0.21940901249216233
1428451200,0.17086678528590418
1428472800,0.1920823579491125
1428494400,0.2811957394078892
1428516000,0.2339109995213383
1428537600,0.25882322054781004
1428559200,0.14063673407457644
1428580800,0.08106301269724547
1428602400,0.07412950278327654
1428624000,-0.016350684601234733
1428645600,-0.07326095008122538
1428667200,-0.10079185913070973
1428688800,-0.10279187194904404
1428710400,-0.08809178803917567
1428732000,-0.056232915269471884
1428753600,-0.11321125149586073
1428775200,-0.15160074779610178
1428796800,-0.1825104859735183
1428818400,-0.2067236425272343
1428840000,-0.21314919239612884
1428861600,-0.21997070737229626
1428883200,-0.2157169275358302
1428904800,-0.2062925461848798
1428926400,-0.189268398379516
1428948000,-0.16005018958490203
1428969600,-0.10902901744006466
1428991200,-0.048897618387931066
1429012800,-0.08119728663024685
1429034400,-0.08201375023190215
1429056000,-0.05292924539590302
1429077600,0.02051239631432124
1429099200,0.00911999359341413
1429120800,0.045276713552342016
1429142400,0.12547649431464628
1429164000,0.2541079460606042
1429185600,0.2507681330813143
1429207200,0.3303483134086036
1429228800,0.37439046319603825
1429250400,0.2985294008162717
1429272000,0.31442449809174444
1429293600,0.19287680306284918
1429315200,0.14875539799228962
1429336800,0.04253804660720799
1429358400,-0.013336970017508457
1429380000,-0.04112900849876834
1429401600,-0.03691025306840888
1429423200,-0.00169145499378702
1429444800,-0.05485937822647699
1429466400,-0.07020343715771998
1429488000,-0.0770458853440171
1429509600,-0.059790465974283155
1429531200,-0.0033129531400308
1429552800,-0.03710144182222307
1429574400,-0.03990765307286949
1429596000,-0.06835230252299648
1429617600,-0.06775896582738881
1429639200,-0.029606817359022625
1429660800,-0.07327455920775944
1429682400,-0.09437312433550002
1429704000,-0.09439337885466503
1429725600,-0.08312050371362623
1429747200,-0.04913809412705453
1429768800,0.01924030239101271
1429790400,0.1309834946234723
1429812000,0.09461662557270882
1429833600,0.1198043198558307
1429855200,0.21979240333422828
1429876800,0.17355277612408482
1429898400,0.20624904460485663
1429920000,0.08623545820052109
1429941600,0.005676905046095873
1429963200,-0.03662958876505658
1429984800,-0.04714339798028093
1430006400,-0.03925815249227177
1430028000,-0.009459541349549433
1430049600,-0.06303914215901084
1430071200,-0.09017338993791586
1430092800,-0.09891410896564339
1430114400,-0.08849986926623232
1430136000,-0.043663615569782224
1430157600,-0.10183407238599133
1430179200,-0.13260771613614697
1430200800,-0.1484615190652297
1430222400,-0.15540707621090424
1430244000,-0.15517695174561363
1430265600,-0.13090044470130704
1430287200,-0.10938535943468046
1430308800,-0.07613472680700865
1430330400,-0.02225546865284639
1430352000,0.061026263429731206
1430373600,0.07406129558646217
1430395200,0.13620259404873328
1430416800,0.2593668096354151
1430438400,0.23618416651306617
1430460000,0.2840546417551954
1430481600,0.19621917957441398
1430503200,0.16816119803591054
1430524800,0.20087673453846616
1430546400,0.07473942911606676
1430568000,-0.005577074342924232
1430589600,-0.06378297975629062
1430611200,-0.10018598917729223
1430632800,-0.11635884879701595
1430654400,-0.11258230359622466
1430676000,-0.10040933203563106
1430697600,-0.07187652265283624
1430719200,-0.02528030366641057
1430740800,-0.07823446384308155
1430762400,-0.09845149611902915
1430784000,-0.10445082245240972
1430805600,-0.09446866409739277
1430827200,-0.06134388638850251
1430848800,-0.012090199833252477
1430870400,-0.05669054467782194
1430892000,-0.08458697029612672
1430913600,-0.0901556343722866
1430935200,-0.0751841597080037
1430956800,-0.02966313164619626
1430978400,-0.08353728333546594
1431000000,-0.11751885245544322
1431021600,-0.13729480933032653
1431043200,-0.1392120845551732
1431064800,-0.12259562542165019
1431086400,-0.09253796694914809
1431108000,-0.03945252483139505
1431129600,0.03499887732076368
1431151200,0.14968754142976815
1431172800,0.3160869279882469
1431194400,0.3391801273418035
1431216000,0.312205937626234
1431237600,0.3666151516533285
1431259200,0.28640111524942585
1431280800,0.2798828382607927
1431302400,0.12153665886378831
1431324000,0.009908021988981108
1431345600,-0.05403558600707478
1431367200,-0.0978615796348987
1431388800,-0.12895126770554718
1431410400,-0.1513414692299892
1431432000,-0.15244688193247477
1431453600,-0.15726472882102252
1431475200,-0.14964250345673435
1431496800,-0.1329759975305841
1431518400,-0.10385150862573554
1431540000,-0.06402947613243803
1431561600,0.00820516961037604
1431583200,-0.0232525974279107
1431604800,-0.04970158503403794
1431626400,-0.05324975475020055
1431648000,-0.02975558523368886
1431669600,0.012517389784441293
1431691200,-0.04223476206772846
1431712800,-0.07876646484447558
1431734400,-0.09721603822431138
1431756000,-0.09616961094553617
1431777600,-0.0631035098221001
1431799200,-0.013699823632849467
1431820800,0.06660354214220476
1431842400,0.19414840713714865
1431864000,0.16678687416751847
1431885600,0.18328373962393185
1431907200,0.2515799682430855
1431928800,0.16783724981383086
1431950400,0.14926042314447877
1431972000,0.05132722240267648
1431993600,-0.0038862668579334736
1432015200,-0.03554143199681492
1432036800,-0.039436389828176086
1432058400,-0.006415479104440097
1432080000,-0.06986295732179931
1432101600,-0.1143063809168618
1432123200,-0.13962770783526277
1432144800,-0.16039544244282156
1432166400,-0.17143314406048593
1432188000,-0.17772566787606922
1432209600,-0.17777631694441032
1432231200,-0.17270960272075683
1432252800,-0.15877548604429567
1432274400,-0.1412886793810453
1432296000,-0.11556856857383783
1432317600,-0.07933918542023458
1432339200,-0.01791236662240797
1432360800,0.04136571911206016
1432382400,0.018023726456624922
1432404000,0.03931972759492948
1432425600,0.10580500295736589
1432447200,0.2281317279071976
1432468800,0.196132765805894
1432490400,0.227547355763784
1432512000,0.3297509859740869
1432533600,0.2907972397537932
1432555200,0.335705381834587
1432576800,0.24774039340289616
1432598400,0.10431730824094942
1432620000,0.01618000935472204
1432641600,-0.026583323382443756
1432663200,-0.038060089080525474
1432684800,-0.02196767472019895
1432706400,-0.0975347924387294
1432728000,-0.13211692287235133
1432749600,-0.154562615197475
1432771200,-0.15669707058427185
1432792800,-0.14667243050744241
1432814400,-0.12181388395863937
1432836000,-0.07254282951933064
1432857600,-0.11289809231195187
1432879200,-0.14228849402322657
1432900800,-0.1536071471446317
1432922400,-0.14781961461797632
1432944000,-0.1247496829202473
1432965600,-0.07137285399859208
1432987200,-0.1175285583027694
1433008800,-0.13413842502463147
1433030400,-0.12918913176501737
1433052000,-0.10521001971608059
1433073600,-0.04805774865463211
1433095200,0.039828206956116115
1433116800,0.0437860789453977
1433138400,0.09431753920185483
1433160000,0.20063719923869522
1433181600,0.36993269641113424
1433203200,0.4097591703144416
1433224800,0.42183557572383246
1433246400,0.3127988633906696
1433268000,0.27512935292314156
1433289600,0.3130229948274077
1433311200,0.20231815397764108
1433332800,0.1414406379357434
1433354400,0.025375704724501735
1433376000,-0.05240978605080711
1433397600,-0.10536003423207058
1433419200,-0.13821828515247395
1433440800,-0.1665031015056191
1433462400,-0.1768724471853507
1433484000,-0.18578698930409754
1433505600,-0.18847936021997805
1433527200,-0.18248649333498768
1433548800,-0.1606204441928762
1433570400,-0.12495728840611142
1433592000,-0.07253750650366277
1433613600,-0.12292245054105708
1433635200,-0.1584548016824436
1433656800,-0.17587273629224104
1433678400,-0.18249034170583933
1433700000,-0.1729348175037757
1433721600,-0.15571608309494334
1433743200,-0.1216852925586187
1433764800,-0.07499073049563099
1433786400,-0.011508432597046425
1433808000,0.08645522065712866
1433829600,0.07576934348845572
1433851200,0.1136573330218945
1433872800,0.11822688682850988
1433894400,0.17664049282624852
1433916000,0.2927473772171642
1433937600,0.2752072173144948
1433959200,0.33241981362249207
1433980800,0.2513223632141264
1434002400,0.11700162593956562
1434024000,0.04893850009557618
1434045600,0.01088271619858322
1434067200,0.004058635310853008
1434088800,0.02926797735559447
1434110400,-0.034033251681908294
1434132000,-0.07058299141884594
1434153600,-0.07885798378505363
1434175200,-0.10735310818052794
1434196800,-0.13747296890124558
1434218400,-0.15490885781531313
1434240000,-0.1689693697264984
1434261600,-0.17405269110777788
1434283200,-0.17222300189466927
1434304800,-0.16217589405118027
1434326400,-0.14424372796967438
1434348000,-0.11351528694004653
1434369600,-0.05777394069830197
1434391200,0.027761613266174517
1434412800,0.025616112017322334
1434434400,0.06043637091491602
1434456000,0.14204790207876083
1434477600,0.27222367652568796
1434499200,0.2562931752561757
1434520800,0.30596751004547385
1434542400,0.2177438775518964
1434564000,0.19295441005720154
1434585600,0.2267239437873198
1434607200,0.09702923129278007
1434628800,0.007114795978322513
1434650400,-0.04394964722161156
1434672000,-0.07570038932150117
1434693600,-0.08177238919219289
1434715200,-0.06674585783623962
1434736800,-0.03492996394890985
1434758400,-0.0949371560185307
1434780000,-0.1428398246306417
1434801600,-0.16711488412160758
1434823200,-0.18192479321554045
1434844800,-0.18722248010931453
1434866400,-0.19315000775630717
1434888000,-0.19873295167717125
1434909600,-0.19656736373228806
1434931200,-0.18596462746693898
1434952800,-0.16275315076509347
1434974400,-0.13661319464777877
1434996000,-0.07919957326612237
1435017600,-0.119981262254233
1435039200,-0.12904778417820204
1435060800,-0.12255203888604782
1435082400,-0.09026511669778395
1435104000,-0.04170860919207006
1435125600,0.0356711240119752
1435147200,0.03153406795395529
1435168800,0.07107108341664825
1435190400,0.15208274834777336
1435212000,0.2903129368938325
1435233600,0.29311765266186574
1435255200,0.3751872171471217
1435276800,0.3226302935694458
1435298400,0.35517358220660883
1435320000,0.26619804252655016
1435341600,0.24444779972338965
1435363200,0.30590293579577343
1435384800,0.22918374318743867
1435406400,0.09878599087727125
1435428000,0.01735193384580349
1435449600,-0.012280526506386977
1435471200,-0.023398460015249353
1435492800,-0.006484733906806567
1435514400,-0.07743833648884672
1435536000,-0.11796137343701293
1435557600,-0.13251432018746434
1435579200,-0.13467862649437007
1435600800,-0.11355879140731102
1435622400,-0.0711394446242421
1435644000,-0.12478983923343048
1435665600,-0.15324811940277608
1435687200,-0.16539679460739726
1435708800,-0.17349624676249417
1435730400,-0.17028912921488085
1435752000,-0.15986009554719488
1435773600,-0.14450608632903608
1435795200,-0.10748594815461844
1435816800,-0.052084509495277154
1435838400,0.037462019955477086
1435860000,0.036891766295894746
1435881600,0.08084765034823196
1435903200,0.16963670237493314
1435924800,0.09725817973254428
1435946400,0.095398989725266
1435968000,0.14655669100307644
1435989600,0.03339792202621833
1436011200,-0.027888281851482108
1436032800,-0.06507899534528185
1436054400,-0.07705193712861921
1436076000,-0.07408270059257689
1436097600,-0.05272842317133178
1436119200,-0.003485564713553782
1436140800,-0.04070520046173902
1436162400,-0.0541172873933667
1436184000,-0.05400658844974023
1436205600,-0.030245146533431785
1436227200,0.01835424793406877
1436248800,-0.017712755617546014
1436270400,-0.027632565998347854
1436292000,0.0027123784600855162
1436313600,0.01587950291049922
1436335200,0.0645016343206757
1436356800,0.024998725280141923
1436378400,0.020486410252241023
1436400000,0.05098067565344565
1436421600,0.08678653665589267
1436443200,0.043533916963113053
1436464800,0.03874411833439527
1436486400,0.07236367341556138
1436508000,0.14083249287733685
1436529600,0.26803349000998067
1436551200,0.24516187159102718
1436572800,0.2880886285442359
1436594400,0.1796326155425533
1436616000,0.13464456281728857
1436637600,0.11218625421603365
1436659200,0.015706460894422125
1436680800,-0.048966854880817604
1436702400,-0.09832180384055637
1436724000,-0.1352053861359529
1436745600,-0.15266961310734184
1436767200,-0.17181371970955356
1436788800,-0.18700749766599584
1436810400,-0.1976761416447997
1436832000,-0.20608353378321415
1436853600,-0.20235383315377997
1436875200,-0.2006570808408798
1436896800,-0.19615610707456105
1436918400,-0.18482763003513863
1436940000,-0.16876385786233983
1436961600,-0.13744007909792422
1436983200,-0.09609536640977083
1437004800,-0.037810567655465324
1437026400,-0.07464656420330636
1437048000,-0.07908429879498699
1437069600,-0.07007656021822596
1437091200,-0.036630250369307144
1437112800,0.0174671919786952
1437134400,-0.017218777847684955
1437156000,-0.032828136187722866
1437177600,-0.023176755812242905
1437199200,0.001494611977079091
1437220800,0.05078909833587833
1437242400,0.14271339369928263
1437264000,0.2831691077433502
1437285600,0.27231615103420237
1437307200,0.33658552024912225
1437328800,0.2538561180858408
1437350400,0.2431608741763022
1437372000,0.2990773075737523
1437393600,0.21642051178270155
1437415200,0.07907598142032168
1437436800,-0.0022250606603617523
1437458400,-0.04996109661373878
1437480000,-0.0687034089661269
1437501600,-0.06549650259766146
1437523200,-0.028352340257446124
1437544800,-0.07845468066707326
1437566400,-0.09886512514820019
1437588000,-0.08724828350758906
1437609600,-0.05114201908190896
1437631200,-0.10430490770011162
1437652800,-0.14010964677991058
1437674400,-0.1597537857317745
1437696000,-0.17436351256825142
1437717600,-0.1830717712797349
1437739200,-0.18392426813441742
1437760800,-0.17545693559726522
1437782400,-0.15794700398272932
1437804000,-0.1349200204267614
1437825600,-0.09199166539958184
1437847200,-0.030342466337492213
1437868800,0.05915318251525378
1437890400,0.19279338050316014
1437912000,0.18799784482818305
1437933600,0.2475954592703714
1437955200,0.17070926127314315
1437976800,0.16064731916421393
1437998400,0.2198811949017146
1438020000,0.1347944928692392
1438041600,0.12373830026350155
1438063200,0.034794083173584095
1438084800,-0.01009284230878732
1438106400,-0.019123709739846825
1438128000,0.0012050061372686632
1438149600,-0.05560218957783679
1438171200,-0.0914205352890056
1438192800,-0.09385421042340368
1438214400,-0.07410031822163865
1438236000,-0.03131936719199255
1438257600,-0.07047641113002699
1438279200,-0.08620210407927709
1438300800,-0.07573142055661575
1438322400,-0.08192164542533462
1438344000,-0.053548242249917194
1438365600,-0.06354106331031155
1438387200,-0.04056423779901269
1438408800,-0.04271607842343085
1438430400,-0.00500252202078047
1438452000,0.0354770787104787
1438473600,0.11845109204669055
1438495200,0.24768465935959677
1438516800,0.22829341050292798
1438538400,0.29542174038005525
1438560000,0.21926194120501183
1438581600,0.21864280572149256
1438603200,0.289539131795091
1438624800,0.2111076029262231
1438646400,0.07951291349917039
1438668000,-0.015158413898853362
1438689600,-0.08410853614091246
1438711200,-0.12215346109991732
1438732800,-0.14161720574802272
1438754400,-0.15067618916399825
1438776000,-0.14459016658652774
1438797600,-0.13103168407617463
1438819200,-0.10148211198249439
1438840800,-0.05506615941297564
1438862400,-0.10267208729910002
1438884000,-0.12163866475321046
1438905600,-0.12560295736931634
1438927200,-0.11302034088121056
1438948800,-0.08705453568708205
1438970400,-0.03633312923236784
1438992000,-0.08781483014108056
1439013600,-0.12224059102244872
1439035200,-0.13594359410607146
1439056800,-0.13685807494744584
1439078400,-0.1328603527142525
1439100000,-0.12201589820680961
1439121600,-0.09849382993729773
1439143200,-0.05904228987295555
1439164800,0.0011719838074741307
1439186400,0.08451663408961652
1439208000,0.2222700379079276
1439229600,0.1937344535880826
1439251200,0.2337132625513344
1439272800,0.3362028099043514
1439294400,0.2932887501501665
1439316000,0.32772558552308734
1439337600,0.22600325313235203
1439359200,0.18080713380387245
1439380800,0.06684047188623976
1439402400,-0.0027902770487377854
1439424000,-0.04016454841298063
1439445600,-0.03883976664411161
1439467200,-0.015708610834568676
1439488800,-0.08163508476408231
1439510400,-0.12848789554470286
1439532000,-0.16032600563132973
1439553600,-0.1697066205959487
1439575200,-0.17713875955600855
1439596800,-0.18511327099034136
1439618400,-0.18921558109251121
1439640000,-0.18684640555374366
1439661600,-0.18459811764768003
1439683200,-0.17862185609547737
1439704800,-0.1692028493817147
1439726400,-0.14840318320326373
1439748000,-0.13052252232959644
1439769600,-0.10036354180030313
1439791200,-0.062495529848475645
1439812800,-0.0032716052176626417
1439834400,-0.025552069787423887
1439856000,-0.01681584017849179
1439877600,0.020073703092118117
1439899200,0.09463897210655975
1439920800,0.21188078388884396
1439942400,0.1758142321766749
1439964000,0.19545093515076173
1439985600,0.2906164437035728
1440007200,0.24413106351441274
1440028800,0.26604595871941433
1440050400,0.1369310532564716
1440072000,0.06376654356572228
1440093600,0.009454939544951444
1440115200,-0.004397487802375859
1440136800,0.026063640360653298
1440158400,-0.029460098899179152
1440180000,-0.0513124162568544
1440201600,-0.044108090958685564
1440223200,-0.00710942244351654
1440244800,0.01564294666209412
1440266400,-0.046967175765794664
1440288000,-0.08699362864679402
1440309600,-0.10928405942775712
1440331200,-0.12667770042611887
1440352800,-0.1334752379036489
1440374400,-0.12674316151388382
1440396000,-0.11335707196052403
1440417600,-0.0852777941554142
1440439200,-0.06334954897071869
1440460800,-0.058037923069154625
1440482400,-0.02828843140198775
1440504000,0.04580996146291291
1440525600,0.156147135034766
1440547200,0.27646319922759055
1440568800,0.25218792813236257
1440590400,0.26919019389411525
1440612000,0.14303474333061061
1440633600,0.0917185968651397
1440655200,0.08426150311371494
1440676800,0.0006977878906525292
1440698400,-0.040607734471747016
1440720000,-0.05851754528185521
1440741600,-0.05034013539429752
1440763200,-0.01726227466814277
1440784800,-0.06906713224139302
1440806400,-0.09029998373381144
1440828000,-0.09285560455285152
1440849600,-0.06845293870048502
1440871200,-0.02583046805000057
1440892800,-0.07994483312401165
1440914400,-0.11262814095100566
1440936000,-0.1278115222956367
1440957600,-0.13853546312782336
1440979200,-0.14226605596204422
1441000800,-0.14100229274546727
1441022400,-0.12732292507806597
1441044000,-0.10631057762719365
1441065600,-0.07777474984509994
1441087200,-0.03997946142001815
1441108800,0.02082159389103056
1441130400,0.003274181530775952
1441152000,0.017517652194427843
1441173600,0.06889431036109042
1441195200,0.17073328378049443
1441216800,0.3264734342341431
1441238400,0.34509857757079887
1441260000,0.3175501027204739
1441281600,0.37580165635518303
1441303200,0.3025155508568766
1441324800,0.31316112360550863
1441346400,0.17848468324763822
1441368000,0.10106189710265218
1441389600,0.06765894352523369
1441411200,0.04532339037544564
1441432800,0.03038827593037374
1441454400,0.0204016128749896
1441476000,0.013723830838317956
1441497600,0.009258598291955543
1441519200,0.006272831227567541
1441540800,0.004276338358409265
1441562400,0.002941343475752966
1441584000,0.002048672462792247
1441605600,0.0014517701653417679
1441627200,0.0010526395531783805
1441648800,0.0007857529598310007
1441670400,0.0006072940125596899
1441692000,0.0004879640356447609
1441713600,0.0004081719110687296
1441735200,0.00035481768716941415
1441756800,0.00031914188100575994
1441778400,0.0002952873815065119
1441800000,0.0002793378524163555
1441821600,0.0002686747638838074
1441843200,0.0002615474927102982
1441864800,0.0002567859120399216
1441886400,0.0002536082846154114
1441908000,0.0002514929202839776
1441929600,0.0002500925269959733
1441951200,0.00024917719378614523
1441972800,0.00024859664491152676
1441994400,0.0002482555681814043
1442016000,0.0002480979669833121
